2026-05-07 09:44:21.453 INFO  [background-preinit] Version requestId= userId= method= uri= status= durationMs= - HV000001: Hibernate Validator 8.0.3.Final
2026-05-07 09:44:21.556 INFO  [main] BackendApplication requestId= userId= method= uri= status= durationMs= - Starting BackendApplication v0.0.1-SNAPSHOT using Java 21.0.10 with PID 7 (/app/app.jar started by root in /app)
2026-05-07 09:44:21.569 INFO  [main] BackendApplication requestId= userId= method= uri= status= durationMs= - The following 1 profile is active: "local"
2026-05-07 09:44:24.516 INFO  [main] RepositoryConfigurationDelegate requestId= userId= method= uri= status= durationMs= - Multiple Spring Data modules found, entering strict repository configuration mode
2026-05-07 09:44:24.522 INFO  [main] RepositoryConfigurationDelegate requestId= userId= method= uri= status= durationMs= - Bootstrapping Spring Data JPA repositories in DEFAULT mode.
2026-05-07 09:44:24.826 INFO  [main] RepositoryConfigurationDelegate requestId= userId= method= uri= status= durationMs= - Finished Spring Data repository scanning in 281 ms. Found 10 JPA repository interfaces.
2026-05-07 09:44:26.063 INFO  [main] TomcatWebServer requestId= userId= method= uri= status= durationMs= - Tomcat initialized with port 8080 (http)
2026-05-07 09:44:26.097 INFO  [main] Http11NioProtocol requestId= userId= method= uri= status= durationMs= - Initializing ProtocolHandler ["http-nio-8080"]
2026-05-07 09:44:26.109 INFO  [main] StandardService requestId= userId= method= uri= status= durationMs= - Starting service [Tomcat]
2026-05-07 09:44:26.112 INFO  [main] StandardEngine requestId= userId= method= uri= status= durationMs= - Starting Servlet engine: [Apache Tomcat/10.1.53]
2026-05-07 09:44:26.198 INFO  [main] [/] requestId= userId= method= uri= status= durationMs= - Initializing Spring embedded WebApplicationContext
2026-05-07 09:44:26.202 INFO  [main] ServletWebServerApplicationContext requestId= userId= method= uri= status= durationMs= - Root WebApplicationContext: initialization completed in 4543 ms
2026-05-07 09:44:27.407 INFO  [main] HikariDataSource requestId= userId= method= uri= status= durationMs= - HikariPool-1 - Starting...
2026-05-07 09:44:27.683 INFO  [main] HikariPool requestId= userId= method= uri= status= durationMs= - HikariPool-1 - Added connection org.postgresql.jdbc.PgConnection@25d23478
2026-05-07 09:44:27.686 INFO  [main] HikariDataSource requestId= userId= method= uri= status= durationMs= - HikariPool-1 - Start completed.
2026-05-07 09:44:27.723 INFO  [main] FlywayExecutor requestId= userId= method= uri= status= durationMs= - Database: jdbc:postgresql://postgres:5432/financeportaldb (PostgreSQL 16.13)
2026-05-07 09:44:27.851 INFO  [main] DbValidate requestId= userId= method= uri= status= durationMs= - Successfully validated 1 migration (execution time 00:00.061s)
2026-05-07 09:44:27.888 INFO  [main] DbMigrate requestId= userId= method= uri= status= durationMs= - Current version of schema "public": 1
2026-05-07 09:44:27.894 INFO  [main] DbMigrate requestId= userId= method= uri= status= durationMs= - Schema "public" is up to date. No migration necessary.
2026-05-07 09:44:28.036 INFO  [main] LogHelper requestId= userId= method= uri= status= durationMs= - HHH000204: Processing PersistenceUnitInfo [name: default]
2026-05-07 09:44:28.159 INFO  [main] Version requestId= userId= method= uri= status= durationMs= - HHH000412: Hibernate ORM core version 6.6.45.Final
2026-05-07 09:44:28.221 INFO  [main] RegionFactoryInitiator requestId= userId= method= uri= status= durationMs= - HHH000026: Second-level cache disabled
2026-05-07 09:44:28.604 INFO  [main] SpringPersistenceUnitInfo requestId= userId= method= uri= status= durationMs= - No LoadTimeWeaver setup: ignoring JPA class transformer
2026-05-07 09:44:28.712 WARN  [main] deprecation requestId= userId= method= uri= status= durationMs= - HHH90000025: PostgreSQLDialect does not need to be specified explicitly using 'hibernate.dialect' (remove the property setting and it will be selected by default)
2026-05-07 09:44:28.736 INFO  [main] pooling requestId= userId= method= uri= status= durationMs= - HHH10001005: Database info:
	Database JDBC URL [Connecting through datasource 'HikariDataSource (HikariPool-1)']
	Database driver: undefined/unknown
	Database version: 16.13
	Autocommit mode: undefined/unknown
	Isolation level: undefined/unknown
	Minimum pool size: undefined/unknown
	Maximum pool size: undefined/unknown
2026-05-07 09:44:30.000 INFO  [main] JtaPlatformInitiator requestId= userId= method= uri= status= durationMs= - HHH000489: No JTA platform available (set 'hibernate.transaction.jta.platform' to enable JTA platform integration)
2026-05-07 09:44:30.058 INFO  [main] LocalContainerEntityManagerFactoryBean requestId= userId= method= uri= status= durationMs= - Initialized JPA EntityManagerFactory for persistence unit 'default'
2026-05-07 09:44:30.468 INFO  [main] QueryEnhancerFactory requestId= userId= method= uri= status= durationMs= - Hibernate is in classpath; If applicable, HQL parser will be used.
2026-05-07 09:44:31.834 INFO  [main] EvdsMarketDataProvider requestId= userId= method= uri= status= durationMs= - EVDS provider bean initialized: enabled=true, seriesCount=11
2026-05-07 09:44:31.984 INFO  [main] NewsScheduler requestId= userId= method= uri= status= durationMs= - NewsScheduler started. Loading latest news on startup...
2026-05-07 09:44:31.986 INFO  [main] NewsScheduler requestId= userId= method= uri= status= durationMs= - Startup FINNHUB news sync started
2026-05-07 09:44:32.034 INFO  [main] FinnhubClient requestId= userId= method= uri= status= durationMs= - Sending Finnhub request to endpoint: general-news
2026-05-07 09:44:32.036 DEBUG [main] FinnhubClient requestId= userId= method= uri= status= durationMs= - Finnhub request prepared. endpoint=general-news, category=general
2026-05-07 09:44:32.860 INFO  [main] FinnhubClient requestId= userId= method= uri= status= durationMs= - Finnhub response received. Endpoint: general-news, count: 100
2026-05-07 09:44:33.095 INFO  [main] NewsService requestId= userId= method= uri= status= durationMs= - News persistence completed. provider: FINNHUB, fetched: 100, valid: 100, invalid: 0, duplicate: 0, existing: 87, saved: 13, invalidBecauseMissingTitle: 0, invalidBecauseMissingUrl: 0, invalidBecauseMissingSource: 0, invalidBecauseMissingExternalId: 0, invalidBecauseMissingDate: 0
2026-05-07 09:44:33.096 INFO  [main] NewsService requestId= userId= method= uri= status= durationMs=1085 - News sync stats. provider: FINNHUB, fetched: 100, valid: 100, invalid: 0, duplicate: 0, existing: 87, saved: 13, parseSuccessRatio: 1.00, durationMs: 1085
2026-05-07 09:44:33.112 INFO  [main] NewsScheduler requestId= userId= method= uri= status= durationMs= - Startup FINNHUB sync completed. provider: FINNHUB, fetched: 100, saved: 13, existing: 87, invalid: 0
2026-05-07 09:44:33.113 INFO  [main] NewsScheduler requestId= userId= method= uri= status= durationMs= - Startup INVESTING_RSS news sync started
2026-05-07 09:44:33.484 INFO  [main] InvestingRssNewsClient requestId= userId= method= uri= status= durationMs= - Investing feed parsed. url: https://www.investing.com/rss/news_14.rss, fetched: 10
2026-05-07 09:44:33.518 INFO  [main] NewsService requestId= userId= method= uri= status= durationMs= - News persistence completed. provider: INVESTING_RSS, fetched: 10, valid: 10, invalid: 0, duplicate: 0, existing: 1, saved: 9, invalidBecauseMissingTitle: 0, invalidBecauseMissingUrl: 0, invalidBecauseMissingSource: 0, invalidBecauseMissingExternalId: 0, invalidBecauseMissingDate: 0
2026-05-07 09:44:33.520 INFO  [main] NewsService requestId= userId= method= uri= status= durationMs=405 - News sync stats. provider: INVESTING_RSS, fetched: 10, valid: 10, invalid: 0, duplicate: 0, existing: 1, saved: 9, parseSuccessRatio: 1.00, durationMs: 405
2026-05-07 09:44:33.526 INFO  [main] NewsScheduler requestId= userId= method= uri= status= durationMs= - Startup INVESTING_RSS sync completed. provider: INVESTING_RSS, fetched: 10, saved: 9, existing: 1, invalid: 0
2026-05-07 09:44:33.685 WARN  [main] JpaBaseConfiguration$JpaWebConfiguration requestId= userId= method= uri= status= durationMs= - spring.jpa.open-in-view is enabled by default. Therefore, database queries may be performed during view rendering. Explicitly configure spring.jpa.open-in-view to disable this warning
2026-05-07 09:44:33.749 DEBUG [main] AuthenticationConfiguration$DefaultPasswordEncoderAuthenticationManagerBuilder requestId= userId= method= uri= status= durationMs= - No authenticationProviders and no parentAuthenticationManager defined. Returning null.
2026-05-07 09:44:34.370 INFO  [main] EndpointLinksResolver requestId= userId= method= uri= status= durationMs= - Exposing 4 endpoints beneath base path '/actuator'
2026-05-07 09:44:34.511 DEBUG [main] DefaultSecurityFilterChain requestId= userId= method= uri= status= durationMs= - Will secure any request with filters: DisableEncodeUrlFilter, WebAsyncManagerIntegrationFilter, SecurityContextHolderFilter, HeaderWriterFilter, CorsFilter, LogoutFilter, BearerTokenAuthenticationFilter, AuthenticationFilter, RequestCacheAwareFilter, SecurityContextHolderAwareRequestFilter, AnonymousAuthenticationFilter, SessionManagementFilter, ExceptionTranslationFilter, AuthorizationFilter
2026-05-07 09:44:34.837 INFO  [main] Http11NioProtocol requestId= userId= method= uri= status= durationMs= - Starting ProtocolHandler ["http-nio-8080"]
2026-05-07 09:44:34.855 INFO  [main] TomcatWebServer requestId= userId= method= uri= status= durationMs= - Tomcat started on port 8080 (http) with context path '/'
2026-05-07 09:44:34.870 INFO  [main] BackendApplication requestId= userId= method= uri= status= durationMs= - Started BackendApplication in 14.76 seconds (process running for 16.866)
2026-05-07 09:44:34.888 INFO  [scheduling-1] MarketRefreshScheduler requestId= userId= method= uri= status= durationMs= - Market refresh scheduler tick started
2026-05-07 09:44:34.890 INFO  [scheduling-1] MarketRefreshCoordinator requestId= userId= method= uri= status= durationMs= - Market refresh coordinator evaluating providers: sources=[BINANCE, BIST, EVDS]
2026-05-07 09:44:34.891 INFO  [scheduling-1] MarketRefreshCoordinator requestId= userId= method= uri= status= durationMs= - Market provider due refresh started: source=BINANCE
2026-05-07 09:44:34.892 INFO  [scheduling-1] ProviderOrchestrationService requestId= userId= method= uri= status= durationMs= - Market provider orchestration started: providerCount=3, sourceFilter=BINANCE
2026-05-07 09:44:34.894 INFO  [scheduling-1] ProviderOrchestrationService requestId= userId= method= uri= status= durationMs= - Market provider refresh started: source=BINANCE
2026-05-07 09:44:34.914 INFO  [scheduling-1] BinanceMarketDataProvider requestId= userId= method= uri= status= durationMs= - Market provider registry resolved: providerSource=BINANCE, registryMappingCount=8, resolvedSymbols=[BTCUSDT, ETHUSDT, BNBUSDT, SOLUSDT, XRPUSDT, ADAUSDT, AVAXUSDT, DOGEUSDT], fallbackToYaml=true
2026-05-07 09:44:34.921 INFO  [scheduling-1] BinanceClient requestId= userId= method= uri= status= durationMs= - Binance client request started: symbolCount=8, uri=https://api.binance.com/api/v3/ticker/24hr?symbols=%5B%22BTCUSDT%22,%22ETHUSDT%22,%22BNBUSDT%22,%22SOLUSDT%22,%22XRPUSDT%22,%22ADAUSDT%22,%22AVAXUSDT%22,%22DOGEUSDT%22%5D
2026-05-07 09:44:35.260 INFO  [main] MarketHistoryService requestId= userId= method= uri= status= durationMs= - Market history cache cleared on startup: cacheName=market_history
2026-05-07 09:44:35.274 INFO  [scheduling-1] BinanceClient requestId= userId= method= uri= status= durationMs= - Binance client request completed: quoteCount=8
2026-05-07 09:44:35.277 INFO  [scheduling-1] BinanceMarketDataProvider requestId= userId= method= uri= status= durationMs= - Binance provider fetch completed: requestedSymbolCount=8, quoteCount=8, historyRecordCount=0
2026-05-07 09:44:35.278 INFO  [scheduling-1] ProviderOrchestrationService requestId= userId= method= uri= status= durationMs=384 - Market provider refresh completed: source=BINANCE, quoteCount=8, historyRecordCount=0, durationMs=384
2026-05-07 09:44:35.279 INFO  [scheduling-1] ProviderOrchestrationService requestId= userId= method= uri= status= durationMs= - Market provider skipped by supports: providerSource=BIST, requestSource=BINANCE
2026-05-07 09:44:35.280 INFO  [scheduling-1] EvdsMarketDataProvider requestId= userId= method= uri= status= durationMs= - EVDS provider supports evaluated: supported=false, enabled=true, requestSource=BINANCE
2026-05-07 09:44:35.281 INFO  [scheduling-1] ProviderOrchestrationService requestId= userId= method= uri= status= durationMs= - Market provider skipped by supports: providerSource=EVDS, requestSource=BINANCE
2026-05-07 09:44:35.282 INFO  [scheduling-1] MarketCacheTtlPolicy requestId= userId= method= uri= status= durationMs= - Market cache ttl resolved: source=BINANCE, ttl=PT2M
2026-05-07 09:44:35.283 INFO  [scheduling-1] MarketCacheService requestId= userId= method= uri= status= durationMs= - Market cache write: source=BINANCE, key=market:quotes:source:BINANCE, ttl=PT2M
2026-05-07 09:44:35.305 INFO  [scheduling-1] MarketCacheTtlPolicy requestId= userId= method= uri= status= durationMs= - Market cache ttl resolved: source=BINANCE, ttl=PT2M
2026-05-07 09:44:35.306 INFO  [scheduling-1] MarketCacheService requestId= userId= method= uri= status= durationMs= - Market cache write: source=BINANCE, key=market:quotes:symbol:BTCUSDT, ttl=PT2M
2026-05-07 09:44:35.308 INFO  [scheduling-1] MarketCacheTtlPolicy requestId= userId= method= uri= status= durationMs= - Market cache ttl resolved: source=BINANCE, ttl=PT2M
2026-05-07 09:44:35.309 INFO  [scheduling-1] MarketCacheService requestId= userId= method= uri= status= durationMs= - Market cache write: source=BINANCE, key=market:quotes:symbol:ETHUSDT, ttl=PT2M
2026-05-07 09:44:35.311 INFO  [scheduling-1] MarketCacheTtlPolicy requestId= userId= method= uri= status= durationMs= - Market cache ttl resolved: source=BINANCE, ttl=PT2M
2026-05-07 09:44:35.312 INFO  [scheduling-1] MarketCacheService requestId= userId= method= uri= status= durationMs= - Market cache write: source=BINANCE, key=market:quotes:symbol:BNBUSDT, ttl=PT2M
2026-05-07 09:44:35.314 INFO  [scheduling-1] MarketCacheTtlPolicy requestId= userId= method= uri= status= durationMs= - Market cache ttl resolved: source=BINANCE, ttl=PT2M
2026-05-07 09:44:35.314 INFO  [scheduling-1] MarketCacheService requestId= userId= method= uri= status= durationMs= - Market cache write: source=BINANCE, key=market:quotes:symbol:ADAUSDT, ttl=PT2M
2026-05-07 09:44:35.316 INFO  [scheduling-1] MarketCacheTtlPolicy requestId= userId= method= uri= status= durationMs= - Market cache ttl resolved: source=BINANCE, ttl=PT2M
2026-05-07 09:44:35.317 INFO  [scheduling-1] MarketCacheService requestId= userId= method= uri= status= durationMs= - Market cache write: source=BINANCE, key=market:quotes:symbol:XRPUSDT, ttl=PT2M
2026-05-07 09:44:35.318 INFO  [scheduling-1] MarketCacheTtlPolicy requestId= userId= method= uri= status= durationMs= - Market cache ttl resolved: source=BINANCE, ttl=PT2M
2026-05-07 09:44:35.319 INFO  [scheduling-1] MarketCacheService requestId= userId= method= uri= status= durationMs= - Market cache write: source=BINANCE, key=market:quotes:symbol:DOGEUSDT, ttl=PT2M
2026-05-07 09:44:35.321 INFO  [scheduling-1] MarketCacheTtlPolicy requestId= userId= method= uri= status= durationMs= - Market cache ttl resolved: source=BINANCE, ttl=PT2M
2026-05-07 09:44:35.322 INFO  [scheduling-1] MarketCacheService requestId= userId= method= uri= status= durationMs= - Market cache write: source=BINANCE, key=market:quotes:symbol:SOLUSDT, ttl=PT2M
2026-05-07 09:44:35.323 INFO  [scheduling-1] MarketCacheTtlPolicy requestId= userId= method= uri= status= durationMs= - Market cache ttl resolved: source=BINANCE, ttl=PT2M
2026-05-07 09:44:35.323 INFO  [scheduling-1] MarketCacheService requestId= userId= method= uri= status= durationMs= - Market cache write: source=BINANCE, key=market:quotes:symbol:AVAXUSDT, ttl=PT2M
2026-05-07 09:44:35.325 INFO  [scheduling-1] MarketHistoryService requestId= userId= method= uri= status= durationMs= - Market history persistence candidates: source=BINANCE, receivedCount=0, validatedCount=0, candidateCount=0
2026-05-07 09:44:35.326 INFO  [scheduling-1] MarketHistoryService requestId= userId= method= uri= status= durationMs= - Market history persistence pre-insert: source=BINANCE, candidateCount=0, insertableCount=0
2026-05-07 09:44:35.327 INFO  [scheduling-1] MarketHistoryService requestId= userId= method= uri= status= durationMs= - Market history persistence completed: source=BINANCE, received=0, saved=0, skippedDuplicate=0
2026-05-07 09:44:35.349 INFO  [scheduling-1] MarketCacheTtlPolicy requestId= userId= method= uri= status= durationMs= - Market cache ttl resolved: source=ALL, ttl=PT30M
2026-05-07 09:44:35.352 INFO  [scheduling-1] MarketCacheService requestId= userId= method= uri= status= durationMs= - Market cache write: source=ALL, key=market:quotes:all, ttl=PT30M
2026-05-07 09:44:35.357 INFO  [scheduling-1] MarketCacheTtlPolicy requestId= userId= method= uri= status= durationMs= - Market cache ttl resolved: source=BINANCE, ttl=PT2M
2026-05-07 09:44:35.360 INFO  [scheduling-1] MarketCacheService requestId= userId= method= uri= status= durationMs= - Market cache write: source=BINANCE, key=market:quotes:symbol:BTCUSDT, ttl=PT2M
2026-05-07 09:44:35.362 INFO  [scheduling-1] MarketCacheTtlPolicy requestId= userId= method= uri= status= durationMs= - Market cache ttl resolved: source=BINANCE, ttl=PT2M
2026-05-07 09:44:35.363 INFO  [scheduling-1] MarketCacheService requestId= userId= method= uri= status= durationMs= - Market cache write: source=BINANCE, key=market:quotes:symbol:ETHUSDT, ttl=PT2M
2026-05-07 09:44:35.365 INFO  [scheduling-1] MarketCacheTtlPolicy requestId= userId= method= uri= status= durationMs= - Market cache ttl resolved: source=BINANCE, ttl=PT2M
2026-05-07 09:44:35.366 INFO  [scheduling-1] MarketCacheService requestId= userId= method= uri= status= durationMs= - Market cache write: source=BINANCE, key=market:quotes:symbol:BNBUSDT, ttl=PT2M
2026-05-07 09:44:35.368 INFO  [scheduling-1] MarketCacheTtlPolicy requestId= userId= method= uri= status= durationMs= - Market cache ttl resolved: source=BINANCE, ttl=PT2M
2026-05-07 09:44:35.370 INFO  [scheduling-1] MarketCacheService requestId= userId= method= uri= status= durationMs= - Market cache write: source=BINANCE, key=market:quotes:symbol:ADAUSDT, ttl=PT2M
2026-05-07 09:44:35.372 INFO  [scheduling-1] MarketCacheTtlPolicy requestId= userId= method= uri= status= durationMs= - Market cache ttl resolved: source=BINANCE, ttl=PT2M
2026-05-07 09:44:35.373 INFO  [scheduling-1] MarketCacheService requestId= userId= method= uri= status= durationMs= - Market cache write: source=BINANCE, key=market:quotes:symbol:XRPUSDT, ttl=PT2M
2026-05-07 09:44:35.375 INFO  [scheduling-1] MarketCacheTtlPolicy requestId= userId= method= uri= status= durationMs= - Market cache ttl resolved: source=BINANCE, ttl=PT2M
2026-05-07 09:44:35.376 INFO  [scheduling-1] MarketCacheService requestId= userId= method= uri= status= durationMs= - Market cache write: source=BINANCE, key=market:quotes:symbol:DOGEUSDT, ttl=PT2M
2026-05-07 09:44:35.377 INFO  [scheduling-1] MarketCacheTtlPolicy requestId= userId= method= uri= status= durationMs= - Market cache ttl resolved: source=BINANCE, ttl=PT2M
2026-05-07 09:44:35.378 INFO  [scheduling-1] MarketCacheService requestId= userId= method= uri= status= durationMs= - Market cache write: source=BINANCE, key=market:quotes:symbol:SOLUSDT, ttl=PT2M
2026-05-07 09:44:35.380 INFO  [scheduling-1] MarketCacheTtlPolicy requestId= userId= method= uri= status= durationMs= - Market cache ttl resolved: source=BINANCE, ttl=PT2M
2026-05-07 09:44:35.380 INFO  [scheduling-1] MarketCacheService requestId= userId= method= uri= status= durationMs= - Market cache write: source=BINANCE, key=market:quotes:symbol:AVAXUSDT, ttl=PT2M
2026-05-07 09:44:35.382 INFO  [scheduling-1] MarketCacheTtlPolicy requestId= userId= method= uri= status= durationMs= - Market cache ttl resolved: source=BIST, ttl=PT24H
2026-05-07 09:44:35.383 INFO  [scheduling-1] MarketCacheService requestId= userId= method= uri= status= durationMs= - Market cache write: source=BIST, key=market:quotes:symbol:THYAO, ttl=PT24H
2026-05-07 09:44:35.384 INFO  [scheduling-1] MarketCacheTtlPolicy requestId= userId= method= uri= status= durationMs= - Market cache ttl resolved: source=BIST, ttl=PT24H
2026-05-07 09:44:35.385 INFO  [scheduling-1] MarketCacheService requestId= userId= method= uri= status= durationMs= - Market cache write: source=BIST, key=market:quotes:symbol:ASELS, ttl=PT24H
2026-05-07 09:44:35.386 INFO  [scheduling-1] MarketCacheTtlPolicy requestId= userId= method= uri= status= durationMs= - Market cache ttl resolved: source=BIST, ttl=PT24H
2026-05-07 09:44:35.386 INFO  [scheduling-1] MarketCacheService requestId= userId= method= uri= status= durationMs= - Market cache write: source=BIST, key=market:quotes:symbol:GARAN, ttl=PT24H
2026-05-07 09:44:35.388 INFO  [scheduling-1] MarketCacheTtlPolicy requestId= userId= method= uri= status= durationMs= - Market cache ttl resolved: source=BIST, ttl=PT24H
2026-05-07 09:44:35.388 INFO  [scheduling-1] MarketCacheService requestId= userId= method= uri= status= durationMs= - Market cache write: source=BIST, key=market:quotes:symbol:AKBNK, ttl=PT24H
2026-05-07 09:44:35.390 INFO  [scheduling-1] MarketCacheTtlPolicy requestId= userId= method= uri= status= durationMs= - Market cache ttl resolved: source=BIST, ttl=PT24H
2026-05-07 09:44:35.391 INFO  [scheduling-1] MarketCacheService requestId= userId= method= uri= status= durationMs= - Market cache write: source=BIST, key=market:quotes:symbol:BIMAS, ttl=PT24H
2026-05-07 09:44:35.392 INFO  [scheduling-1] MarketCacheTtlPolicy requestId= userId= method= uri= status= durationMs= - Market cache ttl resolved: source=BIST, ttl=PT24H
2026-05-07 09:44:35.392 INFO  [scheduling-1] MarketCacheService requestId= userId= method= uri= status= durationMs= - Market cache write: source=BIST, key=market:quotes:symbol:KCHOL, ttl=PT24H
2026-05-07 09:44:35.394 INFO  [scheduling-1] MarketCacheTtlPolicy requestId= userId= method= uri= status= durationMs= - Market cache ttl resolved: source=BIST, ttl=PT24H
2026-05-07 09:44:35.395 INFO  [scheduling-1] MarketCacheService requestId= userId= method= uri= status= durationMs= - Market cache write: source=BIST, key=market:quotes:symbol:SAHOL, ttl=PT24H
2026-05-07 09:44:35.397 INFO  [scheduling-1] MarketCacheTtlPolicy requestId= userId= method= uri= status= durationMs= - Market cache ttl resolved: source=BIST, ttl=PT24H
2026-05-07 09:44:35.397 INFO  [scheduling-1] MarketCacheService requestId= userId= method= uri= status= durationMs= - Market cache write: source=BIST, key=market:quotes:symbol:EREGL, ttl=PT24H
2026-05-07 09:44:35.399 INFO  [scheduling-1] MarketCacheTtlPolicy requestId= userId= method= uri= status= durationMs= - Market cache ttl resolved: source=BIST, ttl=PT24H
2026-05-07 09:44:35.400 INFO  [scheduling-1] MarketCacheService requestId= userId= method= uri= status= durationMs= - Market cache write: source=BIST, key=market:quotes:symbol:TUPRS, ttl=PT24H
2026-05-07 09:44:35.402 INFO  [scheduling-1] MarketCacheTtlPolicy requestId= userId= method= uri= status= durationMs= - Market cache ttl resolved: source=BIST, ttl=PT24H
2026-05-07 09:44:35.403 INFO  [scheduling-1] MarketCacheService requestId= userId= method= uri= status= durationMs= - Market cache write: source=BIST, key=market:quotes:symbol:FROTO, ttl=PT24H
2026-05-07 09:44:35.405 INFO  [scheduling-1] MarketRefreshService requestId= userId= method= uri= status= durationMs= - Market refresh completed: processedQuoteCount=8, historyRecordCount=0, aggregateQuoteCount=18, failedProviderCount=0
2026-05-07 09:44:35.406 INFO  [scheduling-1] MarketRefreshCoordinator requestId= userId= method= uri= status= durationMs= - Market provider refresh completed: source=BINANCE, quoteCount=8
2026-05-07 09:44:35.406 INFO  [scheduling-1] MarketRefreshCoordinator requestId= userId= method= uri= status= durationMs= - Market provider due refresh started: source=BIST
2026-05-07 09:44:35.407 INFO  [scheduling-1] ProviderOrchestrationService requestId= userId= method= uri= status= durationMs= - Market provider orchestration started: providerCount=3, sourceFilter=BIST
2026-05-07 09:44:35.408 INFO  [scheduling-1] ProviderOrchestrationService requestId= userId= method= uri= status= durationMs= - Market provider skipped by supports: providerSource=BINANCE, requestSource=BIST
2026-05-07 09:44:35.409 INFO  [scheduling-1] ProviderOrchestrationService requestId= userId= method= uri= status= durationMs= - Market provider refresh started: source=BIST
2026-05-07 09:44:35.416 INFO  [scheduling-1] BistMarketDataProvider requestId= userId= method= uri= status= durationMs= - Market provider registry resolved: providerSource=BIST, registryMappingCount=30, resolvedSymbols=[THYAO.IS, ASELS.IS, GARAN.IS, AKBNK.IS, BIMAS.IS, KCHOL.IS, SAHOL.IS, EREGL.IS, TUPRS.IS, FROTO.IS, SISE.IS, PETKM.IS, PGSUS.IS, TTKOM.IS, KOZAL.IS, ISCTR.IS, YKBNK.IS, HALKB.IS, VAKBN.IS, TCELL.IS, ARCLK.IS, TOASO.IS, DOHOL.IS, ENKAI.IS, MGROS.IS, GUBRF.IS, HEKTS.IS, KRDMD.IS, SASA.IS, ULKER.IS], fallbackToYaml=true
2026-05-07 09:44:35.420 INFO  [scheduling-1] BistMarketDataProvider requestId= userId= method= uri= status= durationMs= - BIST provider fetch started: batchSize=10, startIndex=0, symbols=[THYAO.IS, ASELS.IS, GARAN.IS, AKBNK.IS, BIMAS.IS, KCHOL.IS, SAHOL.IS, EREGL.IS, TUPRS.IS, FROTO.IS]
2026-05-07 09:44:35.422 INFO  [scheduling-1] BistMarketDataProvider requestId= userId= method= uri= status= durationMs= - BIST Yahoo fetch started: batchSize=10, symbols=[THYAO.IS, ASELS.IS, GARAN.IS, AKBNK.IS, BIMAS.IS, KCHOL.IS, SAHOL.IS, EREGL.IS, TUPRS.IS, FROTO.IS]
2026-05-07 09:44:36.180 INFO  [scheduling-1] YahooClient requestId= userId= method= uri= status= durationMs= - Yahoo credentials refreshed
2026-05-07 09:44:36.181 INFO  [scheduling-1] YahooClient requestId= userId= method= uri= status= durationMs= - BIST Yahoo request started: symbols=[THYAO.IS, ASELS.IS, GARAN.IS, AKBNK.IS, BIMAS.IS, KCHOL.IS, SAHOL.IS, EREGL.IS, TUPRS.IS, FROTO.IS], retried=false
2026-05-07 09:44:37.878 INFO  [scheduling-1] BistMarketDataProvider requestId= userId= method= uri= status= durationMs= - BIST Yahoo fetch completed: requestedSymbolCount=10, quoteCount=10
2026-05-07 09:44:37.883 INFO  [scheduling-1] BistMarketDataProvider requestId= userId= method= uri= status= durationMs= - BIST provider fetch completed: requestedSymbolCount=10, quoteCount=10, historyRecordCount=10
2026-05-07 09:44:37.885 INFO  [scheduling-1] ProviderOrchestrationService requestId= userId= method= uri= status= durationMs=2500 - Market provider refresh completed: source=BIST, quoteCount=10, historyRecordCount=10, durationMs=2500
2026-05-07 09:44:37.886 INFO  [scheduling-1] EvdsMarketDataProvider requestId= userId= method= uri= status= durationMs= - EVDS provider supports evaluated: supported=false, enabled=true, requestSource=BIST
2026-05-07 09:44:37.887 INFO  [scheduling-1] ProviderOrchestrationService requestId= userId= method= uri= status= durationMs= - Market provider skipped by supports: providerSource=EVDS, requestSource=BIST
2026-05-07 09:44:37.893 INFO  [scheduling-1] MarketCacheTtlPolicy requestId= userId= method= uri= status= durationMs= - Market cache ttl resolved: source=BIST, ttl=PT24H
2026-05-07 09:44:37.894 INFO  [scheduling-1] MarketCacheService requestId= userId= method= uri= status= durationMs= - Market cache write: source=BIST, key=market:quotes:source:BIST, ttl=PT24H
2026-05-07 09:44:37.898 INFO  [scheduling-1] MarketCacheTtlPolicy requestId= userId= method= uri= status= durationMs= - Market cache ttl resolved: source=BIST, ttl=PT24H
2026-05-07 09:44:37.899 INFO  [scheduling-1] MarketCacheService requestId= userId= method= uri= status= durationMs= - Market cache write: source=BIST, key=market:quotes:symbol:THYAO, ttl=PT24H
2026-05-07 09:44:37.901 INFO  [scheduling-1] MarketCacheTtlPolicy requestId= userId= method= uri= status= durationMs= - Market cache ttl resolved: source=BIST, ttl=PT24H
2026-05-07 09:44:37.902 INFO  [scheduling-1] MarketCacheService requestId= userId= method= uri= status= durationMs= - Market cache write: source=BIST, key=market:quotes:symbol:ASELS, ttl=PT24H
2026-05-07 09:44:37.905 INFO  [scheduling-1] MarketCacheTtlPolicy requestId= userId= method= uri= status= durationMs= - Market cache ttl resolved: source=BIST, ttl=PT24H
2026-05-07 09:44:37.906 INFO  [scheduling-1] MarketCacheService requestId= userId= method= uri= status= durationMs= - Market cache write: source=BIST, key=market:quotes:symbol:GARAN, ttl=PT24H
2026-05-07 09:44:37.909 INFO  [scheduling-1] MarketCacheTtlPolicy requestId= userId= method= uri= status= durationMs= - Market cache ttl resolved: source=BIST, ttl=PT24H
2026-05-07 09:44:37.910 INFO  [scheduling-1] MarketCacheService requestId= userId= method= uri= status= durationMs= - Market cache write: source=BIST, key=market:quotes:symbol:AKBNK, ttl=PT24H
2026-05-07 09:44:37.913 INFO  [scheduling-1] MarketCacheTtlPolicy requestId= userId= method= uri= status= durationMs= - Market cache ttl resolved: source=BIST, ttl=PT24H
2026-05-07 09:44:37.914 INFO  [scheduling-1] MarketCacheService requestId= userId= method= uri= status= durationMs= - Market cache write: source=BIST, key=market:quotes:symbol:BIMAS, ttl=PT24H
2026-05-07 09:44:37.916 INFO  [scheduling-1] MarketCacheTtlPolicy requestId= userId= method= uri= status= durationMs= - Market cache ttl resolved: source=BIST, ttl=PT24H
2026-05-07 09:44:37.917 INFO  [scheduling-1] MarketCacheService requestId= userId= method= uri= status= durationMs= - Market cache write: source=BIST, key=market:quotes:symbol:KCHOL, ttl=PT24H
2026-05-07 09:44:37.920 INFO  [scheduling-1] MarketCacheTtlPolicy requestId= userId= method= uri= status= durationMs= - Market cache ttl resolved: source=BIST, ttl=PT24H
2026-05-07 09:44:37.921 INFO  [scheduling-1] MarketCacheService requestId= userId= method= uri= status= durationMs= - Market cache write: source=BIST, key=market:quotes:symbol:SAHOL, ttl=PT24H
2026-05-07 09:44:37.923 INFO  [scheduling-1] MarketCacheTtlPolicy requestId= userId= method= uri= status= durationMs= - Market cache ttl resolved: source=BIST, ttl=PT24H
2026-05-07 09:44:37.924 INFO  [scheduling-1] MarketCacheService requestId= userId= method= uri= status= durationMs= - Market cache write: source=BIST, key=market:quotes:symbol:EREGL, ttl=PT24H
2026-05-07 09:44:37.926 INFO  [scheduling-1] MarketCacheTtlPolicy requestId= userId= method= uri= status= durationMs= - Market cache ttl resolved: source=BIST, ttl=PT24H
2026-05-07 09:44:37.927 INFO  [scheduling-1] MarketCacheService requestId= userId= method= uri= status= durationMs= - Market cache write: source=BIST, key=market:quotes:symbol:TUPRS, ttl=PT24H
2026-05-07 09:44:37.930 INFO  [scheduling-1] MarketCacheTtlPolicy requestId= userId= method= uri= status= durationMs= - Market cache ttl resolved: source=BIST, ttl=PT24H
2026-05-07 09:44:37.930 INFO  [scheduling-1] MarketCacheService requestId= userId= method= uri= status= durationMs= - Market cache write: source=BIST, key=market:quotes:symbol:FROTO, ttl=PT24H
2026-05-07 09:44:37.934 INFO  [scheduling-1] MarketHistoryService requestId= userId= method= uri= status= durationMs= - Market history persistence candidates: source=BIST, receivedCount=10, validatedCount=10, candidateCount=10
2026-05-07 09:44:37.972 INFO  [scheduling-1] MarketHistoryService requestId= userId= method= uri= status= durationMs= - Market history persistence pre-insert: source=BIST, candidateCount=10, insertableCount=10
2026-05-07 09:44:38.006 INFO  [scheduling-1] MarketHistoryService requestId= userId= method= uri= status= durationMs= - Market history cache cleared manually: cacheName=market_history
2026-05-07 09:44:38.007 INFO  [scheduling-1] MarketHistoryService requestId= userId= method= uri= status= durationMs= - Market history persistence completed: source=BIST, received=10, saved=10, skippedDuplicate=0
2026-05-07 09:44:38.014 INFO  [scheduling-1] MarketCacheTtlPolicy requestId= userId= method= uri= status= durationMs= - Market cache ttl resolved: source=ALL, ttl=PT30M
2026-05-07 09:44:38.015 INFO  [scheduling-1] MarketCacheService requestId= userId= method= uri= status= durationMs= - Market cache write: source=ALL, key=market:quotes:all, ttl=PT30M
2026-05-07 09:44:38.018 INFO  [scheduling-1] MarketCacheTtlPolicy requestId= userId= method= uri= status= durationMs= - Market cache ttl resolved: source=BINANCE, ttl=PT2M
2026-05-07 09:44:38.019 INFO  [scheduling-1] MarketCacheService requestId= userId= method= uri= status= durationMs= - Market cache write: source=BINANCE, key=market:quotes:symbol:BTCUSDT, ttl=PT2M
2026-05-07 09:44:38.021 INFO  [scheduling-1] MarketCacheTtlPolicy requestId= userId= method= uri= status= durationMs= - Market cache ttl resolved: source=BINANCE, ttl=PT2M
2026-05-07 09:44:38.021 INFO  [scheduling-1] MarketCacheService requestId= userId= method= uri= status= durationMs= - Market cache write: source=BINANCE, key=market:quotes:symbol:ETHUSDT, ttl=PT2M
2026-05-07 09:44:38.023 INFO  [scheduling-1] MarketCacheTtlPolicy requestId= userId= method= uri= status= durationMs= - Market cache ttl resolved: source=BINANCE, ttl=PT2M
2026-05-07 09:44:38.024 INFO  [scheduling-1] MarketCacheService requestId= userId= method= uri= status= durationMs= - Market cache write: source=BINANCE, key=market:quotes:symbol:BNBUSDT, ttl=PT2M
2026-05-07 09:44:38.026 INFO  [scheduling-1] MarketCacheTtlPolicy requestId= userId= method= uri= status= durationMs= - Market cache ttl resolved: source=BINANCE, ttl=PT2M
2026-05-07 09:44:38.027 INFO  [scheduling-1] MarketCacheService requestId= userId= method= uri= status= durationMs= - Market cache write: source=BINANCE, key=market:quotes:symbol:ADAUSDT, ttl=PT2M
2026-05-07 09:44:38.028 INFO  [scheduling-1] MarketCacheTtlPolicy requestId= userId= method= uri= status= durationMs= - Market cache ttl resolved: source=BINANCE, ttl=PT2M
2026-05-07 09:44:38.029 INFO  [scheduling-1] MarketCacheService requestId= userId= method= uri= status= durationMs= - Market cache write: source=BINANCE, key=market:quotes:symbol:XRPUSDT, ttl=PT2M
2026-05-07 09:44:38.031 INFO  [scheduling-1] MarketCacheTtlPolicy requestId= userId= method= uri= status= durationMs= - Market cache ttl resolved: source=BINANCE, ttl=PT2M
2026-05-07 09:44:38.032 INFO  [scheduling-1] MarketCacheService requestId= userId= method= uri= status= durationMs= - Market cache write: source=BINANCE, key=market:quotes:symbol:DOGEUSDT, ttl=PT2M
2026-05-07 09:44:38.033 INFO  [scheduling-1] MarketCacheTtlPolicy requestId= userId= method= uri= status= durationMs= - Market cache ttl resolved: source=BINANCE, ttl=PT2M
2026-05-07 09:44:38.034 INFO  [scheduling-1] MarketCacheService requestId= userId= method= uri= status= durationMs= - Market cache write: source=BINANCE, key=market:quotes:symbol:SOLUSDT, ttl=PT2M
2026-05-07 09:44:38.036 INFO  [scheduling-1] MarketCacheTtlPolicy requestId= userId= method= uri= status= durationMs= - Market cache ttl resolved: source=BINANCE, ttl=PT2M
2026-05-07 09:44:38.037 INFO  [scheduling-1] MarketCacheService requestId= userId= method= uri= status= durationMs= - Market cache write: source=BINANCE, key=market:quotes:symbol:AVAXUSDT, ttl=PT2M
2026-05-07 09:44:38.039 INFO  [scheduling-1] MarketCacheTtlPolicy requestId= userId= method= uri= status= durationMs= - Market cache ttl resolved: source=BIST, ttl=PT24H
2026-05-07 09:44:38.040 INFO  [scheduling-1] MarketCacheService requestId= userId= method= uri= status= durationMs= - Market cache write: source=BIST, key=market:quotes:symbol:THYAO, ttl=PT24H
2026-05-07 09:44:38.041 INFO  [scheduling-1] MarketCacheTtlPolicy requestId= userId= method= uri= status= durationMs= - Market cache ttl resolved: source=BIST, ttl=PT24H
2026-05-07 09:44:38.042 INFO  [scheduling-1] MarketCacheService requestId= userId= method= uri= status= durationMs= - Market cache write: source=BIST, key=market:quotes:symbol:ASELS, ttl=PT24H
2026-05-07 09:44:38.044 INFO  [scheduling-1] MarketCacheTtlPolicy requestId= userId= method= uri= status= durationMs= - Market cache ttl resolved: source=BIST, ttl=PT24H
2026-05-07 09:44:38.045 INFO  [scheduling-1] MarketCacheService requestId= userId= method= uri= status= durationMs= - Market cache write: source=BIST, key=market:quotes:symbol:GARAN, ttl=PT24H
2026-05-07 09:44:38.047 INFO  [scheduling-1] MarketCacheTtlPolicy requestId= userId= method= uri= status= durationMs= - Market cache ttl resolved: source=BIST, ttl=PT24H
2026-05-07 09:44:38.048 INFO  [scheduling-1] MarketCacheService requestId= userId= method= uri= status= durationMs= - Market cache write: source=BIST, key=market:quotes:symbol:AKBNK, ttl=PT24H
2026-05-07 09:44:38.050 INFO  [scheduling-1] MarketCacheTtlPolicy requestId= userId= method= uri= status= durationMs= - Market cache ttl resolved: source=BIST, ttl=PT24H
2026-05-07 09:44:38.051 INFO  [scheduling-1] MarketCacheService requestId= userId= method= uri= status= durationMs= - Market cache write: source=BIST, key=market:quotes:symbol:BIMAS, ttl=PT24H
2026-05-07 09:44:38.054 INFO  [scheduling-1] MarketCacheTtlPolicy requestId= userId= method= uri= status= durationMs= - Market cache ttl resolved: source=BIST, ttl=PT24H
2026-05-07 09:44:38.055 INFO  [scheduling-1] MarketCacheService requestId= userId= method= uri= status= durationMs= - Market cache write: source=BIST, key=market:quotes:symbol:KCHOL, ttl=PT24H
2026-05-07 09:44:38.056 INFO  [scheduling-1] MarketCacheTtlPolicy requestId= userId= method= uri= status= durationMs= - Market cache ttl resolved: source=BIST, ttl=PT24H
2026-05-07 09:44:38.057 INFO  [scheduling-1] MarketCacheService requestId= userId= method= uri= status= durationMs= - Market cache write: source=BIST, key=market:quotes:symbol:SAHOL, ttl=PT24H
2026-05-07 09:44:38.058 INFO  [scheduling-1] MarketCacheTtlPolicy requestId= userId= method= uri= status= durationMs= - Market cache ttl resolved: source=BIST, ttl=PT24H
2026-05-07 09:44:38.059 INFO  [scheduling-1] MarketCacheService requestId= userId= method= uri= status= durationMs= - Market cache write: source=BIST, key=market:quotes:symbol:EREGL, ttl=PT24H
2026-05-07 09:44:38.060 INFO  [scheduling-1] MarketCacheTtlPolicy requestId= userId= method= uri= status= durationMs= - Market cache ttl resolved: source=BIST, ttl=PT24H
2026-05-07 09:44:38.061 INFO  [scheduling-1] MarketCacheService requestId= userId= method= uri= status= durationMs= - Market cache write: source=BIST, key=market:quotes:symbol:TUPRS, ttl=PT24H
2026-05-07 09:44:38.063 INFO  [scheduling-1] MarketCacheTtlPolicy requestId= userId= method= uri= status= durationMs= - Market cache ttl resolved: source=BIST, ttl=PT24H
2026-05-07 09:44:38.064 INFO  [scheduling-1] MarketCacheService requestId= userId= method= uri= status= durationMs= - Market cache write: source=BIST, key=market:quotes:symbol:FROTO, ttl=PT24H
2026-05-07 09:44:38.065 INFO  [scheduling-1] MarketRefreshService requestId= userId= method= uri= status= durationMs= - Market refresh completed: processedQuoteCount=10, historyRecordCount=10, aggregateQuoteCount=18, failedProviderCount=0
2026-05-07 09:44:38.066 INFO  [scheduling-1] MarketRefreshCoordinator requestId= userId= method= uri= status= durationMs= - Market provider refresh completed: source=BIST, quoteCount=10
2026-05-07 09:44:38.067 INFO  [scheduling-1] MarketRefreshCoordinator requestId= userId= method= uri= status= durationMs= - Market provider due refresh started: source=EVDS
2026-05-07 09:44:38.067 INFO  [scheduling-1] ProviderOrchestrationService requestId= userId= method= uri= status= durationMs= - Market provider orchestration started: providerCount=3, sourceFilter=EVDS
2026-05-07 09:44:38.068 INFO  [scheduling-1] ProviderOrchestrationService requestId= userId= method= uri= status= durationMs= - Market provider skipped by supports: providerSource=BINANCE, requestSource=EVDS
2026-05-07 09:44:38.069 INFO  [scheduling-1] ProviderOrchestrationService requestId= userId= method= uri= status= durationMs= - Market provider skipped by supports: providerSource=BIST, requestSource=EVDS
2026-05-07 09:44:38.069 INFO  [scheduling-1] EvdsMarketDataProvider requestId= userId= method= uri= status= durationMs= - EVDS provider supports evaluated: supported=true, enabled=true, requestSource=EVDS
2026-05-07 09:44:38.069 INFO  [scheduling-1] ProviderOrchestrationService requestId= userId= method= uri= status= durationMs= - Market provider refresh started: source=EVDS
2026-05-07 09:44:38.075 INFO  [scheduling-1] EvdsMarketDataProvider requestId= userId= method= uri= status= durationMs= - Market provider registry resolved: providerSource=EVDS, registryMappingCount=11, resolvedSymbols=[TP.DK.USD.A, TP.DK.EUR.A, TP.DK.GBP.A, TP.DK.CHF.A, TP.DK.JPY.A, TP.DK.AUD.A, TP.DK.CNY.A.YTL, TP.DK.NOK.A, TP.DK.SEK.A, TP.DK.DKK.A, TP.DK.SAR.A], fallbackToYaml=true
2026-05-07 09:44:38.076 INFO  [scheduling-1] EvdsMarketDataProvider requestId= userId= method= uri= status= durationMs= - EVDS provider fetch started: symbolCount=11, seriesCodes=[TP.DK.USD.A, TP.DK.EUR.A, TP.DK.GBP.A, TP.DK.CHF.A, TP.DK.JPY.A, TP.DK.AUD.A, TP.DK.CNY.A.YTL, TP.DK.NOK.A, TP.DK.SEK.A, TP.DK.DKK.A, TP.DK.SAR.A]
2026-05-07 09:44:38.077 INFO  [scheduling-1] EvdsClient requestId= userId= method= uri= status= durationMs= - EVDS client request started: seriesCount=11, startDate=2026-04-30, endDate=2026-05-07
2026-05-07 09:44:38.465 INFO  [scheduling-1] EvdsClient requestId= userId= method= uri= status= durationMs= - EVDS client response received: status=200 OK, contentType=application/json;charset=UTF-8
2026-05-07 09:44:38.476 INFO  [scheduling-1] EvdsClient requestId= userId= method= uri= status= durationMs= - EVDS client request completed: recordCount=8
2026-05-07 09:44:38.483 INFO  [scheduling-1] EvdsMarketDataProvider requestId= userId= method= uri= status= durationMs= - EVDS provider fetch completed: quoteCount=11, historyRecordCount=55
2026-05-07 09:44:38.485 INFO  [scheduling-1] ProviderOrchestrationService requestId= userId= method= uri= status= durationMs=415 - Market provider refresh completed: source=EVDS, quoteCount=11, historyRecordCount=55, durationMs=415
2026-05-07 09:44:38.486 INFO  [scheduling-1] MarketCacheTtlPolicy requestId= userId= method= uri= status= durationMs= - Market cache ttl resolved: source=EVDS, ttl=PT6H
2026-05-07 09:44:38.487 INFO  [scheduling-1] MarketCacheService requestId= userId= method= uri= status= durationMs= - Market cache write: source=EVDS, key=market:quotes:source:EVDS, ttl=PT6H
2026-05-07 09:44:38.489 INFO  [scheduling-1] MarketCacheTtlPolicy requestId= userId= method= uri= status= durationMs= - Market cache ttl resolved: source=EVDS, ttl=PT6H
2026-05-07 09:44:38.490 INFO  [scheduling-1] MarketCacheService requestId= userId= method= uri= status= durationMs= - Market cache write: source=EVDS, key=market:quotes:symbol:USDTRY, ttl=PT6H
2026-05-07 09:44:38.491 INFO  [scheduling-1] MarketCacheTtlPolicy requestId= userId= method= uri= status= durationMs= - Market cache ttl resolved: source=EVDS, ttl=PT6H
2026-05-07 09:44:38.492 INFO  [scheduling-1] MarketCacheService requestId= userId= method= uri= status= durationMs= - Market cache write: source=EVDS, key=market:quotes:symbol:EURTRY, ttl=PT6H
2026-05-07 09:44:38.494 INFO  [scheduling-1] MarketCacheTtlPolicy requestId= userId= method= uri= status= durationMs= - Market cache ttl resolved: source=EVDS, ttl=PT6H
2026-05-07 09:44:38.495 INFO  [scheduling-1] MarketCacheService requestId= userId= method= uri= status= durationMs= - Market cache write: source=EVDS, key=market:quotes:symbol:GBPTRY, ttl=PT6H
2026-05-07 09:44:38.496 INFO  [scheduling-1] MarketCacheTtlPolicy requestId= userId= method= uri= status= durationMs= - Market cache ttl resolved: source=EVDS, ttl=PT6H
2026-05-07 09:44:38.497 INFO  [scheduling-1] MarketCacheService requestId= userId= method= uri= status= durationMs= - Market cache write: source=EVDS, key=market:quotes:symbol:CHFTRY, ttl=PT6H
2026-05-07 09:44:38.498 INFO  [scheduling-1] MarketCacheTtlPolicy requestId= userId= method= uri= status= durationMs= - Market cache ttl resolved: source=EVDS, ttl=PT6H
2026-05-07 09:44:38.499 INFO  [scheduling-1] MarketCacheService requestId= userId= method= uri= status= durationMs= - Market cache write: source=EVDS, key=market:quotes:symbol:JPYTRY, ttl=PT6H
2026-05-07 09:44:38.501 INFO  [scheduling-1] MarketCacheTtlPolicy requestId= userId= method= uri= status= durationMs= - Market cache ttl resolved: source=EVDS, ttl=PT6H
2026-05-07 09:44:38.501 INFO  [scheduling-1] MarketCacheService requestId= userId= method= uri= status= durationMs= - Market cache write: source=EVDS, key=market:quotes:symbol:AUDTRY, ttl=PT6H
2026-05-07 09:44:38.503 INFO  [scheduling-1] MarketCacheTtlPolicy requestId= userId= method= uri= status= durationMs= - Market cache ttl resolved: source=EVDS, ttl=PT6H
2026-05-07 09:44:38.504 INFO  [scheduling-1] MarketCacheService requestId= userId= method= uri= status= durationMs= - Market cache write: source=EVDS, key=market:quotes:symbol:CNYTRY, ttl=PT6H
2026-05-07 09:44:38.506 INFO  [scheduling-1] MarketCacheTtlPolicy requestId= userId= method= uri= status= durationMs= - Market cache ttl resolved: source=EVDS, ttl=PT6H
2026-05-07 09:44:38.507 INFO  [scheduling-1] MarketCacheService requestId= userId= method= uri= status= durationMs= - Market cache write: source=EVDS, key=market:quotes:symbol:NOKTRY, ttl=PT6H
2026-05-07 09:44:38.509 INFO  [scheduling-1] MarketCacheTtlPolicy requestId= userId= method= uri= status= durationMs= - Market cache ttl resolved: source=EVDS, ttl=PT6H
2026-05-07 09:44:38.509 INFO  [scheduling-1] MarketCacheService requestId= userId= method= uri= status= durationMs= - Market cache write: source=EVDS, key=market:quotes:symbol:SEKTRY, ttl=PT6H
2026-05-07 09:44:38.514 INFO  [scheduling-1] MarketCacheTtlPolicy requestId= userId= method= uri= status= durationMs= - Market cache ttl resolved: source=EVDS, ttl=PT6H
2026-05-07 09:44:38.514 INFO  [scheduling-1] MarketCacheService requestId= userId= method= uri= status= durationMs= - Market cache write: source=EVDS, key=market:quotes:symbol:DKKTRY, ttl=PT6H
2026-05-07 09:44:38.516 INFO  [scheduling-1] MarketCacheTtlPolicy requestId= userId= method= uri= status= durationMs= - Market cache ttl resolved: source=EVDS, ttl=PT6H
2026-05-07 09:44:38.517 INFO  [scheduling-1] MarketCacheService requestId= userId= method= uri= status= durationMs= - Market cache write: source=EVDS, key=market:quotes:symbol:SARTRY, ttl=PT6H
2026-05-07 09:44:38.519 INFO  [scheduling-1] MarketHistoryService requestId= userId= method= uri= status= durationMs= - Market history persistence candidates: source=EVDS, receivedCount=55, validatedCount=55, candidateCount=55
2026-05-07 09:44:38.530 INFO  [scheduling-1] MarketHistoryService requestId= userId= method= uri= status= durationMs= - Market history persistence pre-insert: source=EVDS, candidateCount=55, insertableCount=11
2026-05-07 09:44:38.544 INFO  [scheduling-1] MarketHistoryService requestId= userId= method= uri= status= durationMs= - Market history cache cleared manually: cacheName=market_history
2026-05-07 09:44:38.545 INFO  [scheduling-1] MarketHistoryService requestId= userId= method= uri= status= durationMs= - Market history persistence completed: source=EVDS, received=55, saved=11, skippedDuplicate=44
2026-05-07 09:44:38.553 INFO  [scheduling-1] MarketCacheTtlPolicy requestId= userId= method= uri= status= durationMs= - Market cache ttl resolved: source=ALL, ttl=PT30M
2026-05-07 09:44:38.554 INFO  [scheduling-1] MarketCacheService requestId= userId= method= uri= status= durationMs= - Market cache write: source=ALL, key=market:quotes:all, ttl=PT30M
2026-05-07 09:44:38.556 INFO  [scheduling-1] MarketCacheTtlPolicy requestId= userId= method= uri= status= durationMs= - Market cache ttl resolved: source=BINANCE, ttl=PT2M
2026-05-07 09:44:38.557 INFO  [scheduling-1] MarketCacheService requestId= userId= method= uri= status= durationMs= - Market cache write: source=BINANCE, key=market:quotes:symbol:BTCUSDT, ttl=PT2M
2026-05-07 09:44:38.558 INFO  [scheduling-1] MarketCacheTtlPolicy requestId= userId= method= uri= status= durationMs= - Market cache ttl resolved: source=BINANCE, ttl=PT2M
2026-05-07 09:44:38.559 INFO  [scheduling-1] MarketCacheService requestId= userId= method= uri= status= durationMs= - Market cache write: source=BINANCE, key=market:quotes:symbol:ETHUSDT, ttl=PT2M
2026-05-07 09:44:38.561 INFO  [scheduling-1] MarketCacheTtlPolicy requestId= userId= method= uri= status= durationMs= - Market cache ttl resolved: source=BINANCE, ttl=PT2M
2026-05-07 09:44:38.561 INFO  [scheduling-1] MarketCacheService requestId= userId= method= uri= status= durationMs= - Market cache write: source=BINANCE, key=market:quotes:symbol:BNBUSDT, ttl=PT2M
2026-05-07 09:44:38.563 INFO  [scheduling-1] MarketCacheTtlPolicy requestId= userId= method= uri= status= durationMs= - Market cache ttl resolved: source=BINANCE, ttl=PT2M
2026-05-07 09:44:38.564 INFO  [scheduling-1] MarketCacheService requestId= userId= method= uri= status= durationMs= - Market cache write: source=BINANCE, key=market:quotes:symbol:ADAUSDT, ttl=PT2M
2026-05-07 09:44:38.566 INFO  [scheduling-1] MarketCacheTtlPolicy requestId= userId= method= uri= status= durationMs= - Market cache ttl resolved: source=BINANCE, ttl=PT2M
2026-05-07 09:44:38.568 INFO  [scheduling-1] MarketCacheService requestId= userId= method= uri= status= durationMs= - Market cache write: source=BINANCE, key=market:quotes:symbol:XRPUSDT, ttl=PT2M
2026-05-07 09:44:38.570 INFO  [scheduling-1] MarketCacheTtlPolicy requestId= userId= method= uri= status= durationMs= - Market cache ttl resolved: source=BINANCE, ttl=PT2M
2026-05-07 09:44:38.571 INFO  [scheduling-1] MarketCacheService requestId= userId= method= uri= status= durationMs= - Market cache write: source=BINANCE, key=market:quotes:symbol:DOGEUSDT, ttl=PT2M
2026-05-07 09:44:38.572 INFO  [scheduling-1] MarketCacheTtlPolicy requestId= userId= method= uri= status= durationMs= - Market cache ttl resolved: source=BINANCE, ttl=PT2M
2026-05-07 09:44:38.573 INFO  [scheduling-1] MarketCacheService requestId= userId= method= uri= status= durationMs= - Market cache write: source=BINANCE, key=market:quotes:symbol:SOLUSDT, ttl=PT2M
2026-05-07 09:44:38.575 INFO  [scheduling-1] MarketCacheTtlPolicy requestId= userId= method= uri= status= durationMs= - Market cache ttl resolved: source=BINANCE, ttl=PT2M
2026-05-07 09:44:38.575 INFO  [scheduling-1] MarketCacheService requestId= userId= method= uri= status= durationMs= - Market cache write: source=BINANCE, key=market:quotes:symbol:AVAXUSDT, ttl=PT2M
2026-05-07 09:44:38.577 INFO  [scheduling-1] MarketCacheTtlPolicy requestId= userId= method= uri= status= durationMs= - Market cache ttl resolved: source=BIST, ttl=PT24H
2026-05-07 09:44:38.578 INFO  [scheduling-1] MarketCacheService requestId= userId= method= uri= status= durationMs= - Market cache write: source=BIST, key=market:quotes:symbol:THYAO, ttl=PT24H
2026-05-07 09:44:38.580 INFO  [scheduling-1] MarketCacheTtlPolicy requestId= userId= method= uri= status= durationMs= - Market cache ttl resolved: source=BIST, ttl=PT24H
2026-05-07 09:44:38.580 INFO  [scheduling-1] MarketCacheService requestId= userId= method= uri= status= durationMs= - Market cache write: source=BIST, key=market:quotes:symbol:ASELS, ttl=PT24H
2026-05-07 09:44:38.582 INFO  [scheduling-1] MarketCacheTtlPolicy requestId= userId= method= uri= status= durationMs= - Market cache ttl resolved: source=BIST, ttl=PT24H
2026-05-07 09:44:38.583 INFO  [scheduling-1] MarketCacheService requestId= userId= method= uri= status= durationMs= - Market cache write: source=BIST, key=market:quotes:symbol:GARAN, ttl=PT24H
2026-05-07 09:44:38.584 INFO  [scheduling-1] MarketCacheTtlPolicy requestId= userId= method= uri= status= durationMs= - Market cache ttl resolved: source=BIST, ttl=PT24H
2026-05-07 09:44:38.585 INFO  [scheduling-1] MarketCacheService requestId= userId= method= uri= status= durationMs= - Market cache write: source=BIST, key=market:quotes:symbol:AKBNK, ttl=PT24H
2026-05-07 09:44:38.586 INFO  [scheduling-1] MarketCacheTtlPolicy requestId= userId= method= uri= status= durationMs= - Market cache ttl resolved: source=BIST, ttl=PT24H
2026-05-07 09:44:38.587 INFO  [scheduling-1] MarketCacheService requestId= userId= method= uri= status= durationMs= - Market cache write: source=BIST, key=market:quotes:symbol:BIMAS, ttl=PT24H
2026-05-07 09:44:38.588 INFO  [scheduling-1] MarketCacheTtlPolicy requestId= userId= method= uri= status= durationMs= - Market cache ttl resolved: source=BIST, ttl=PT24H
2026-05-07 09:44:38.589 INFO  [scheduling-1] MarketCacheService requestId= userId= method= uri= status= durationMs= - Market cache write: source=BIST, key=market:quotes:symbol:KCHOL, ttl=PT24H
2026-05-07 09:44:38.590 INFO  [scheduling-1] MarketCacheTtlPolicy requestId= userId= method= uri= status= durationMs= - Market cache ttl resolved: source=BIST, ttl=PT24H
2026-05-07 09:44:38.591 INFO  [scheduling-1] MarketCacheService requestId= userId= method= uri= status= durationMs= - Market cache write: source=BIST, key=market:quotes:symbol:SAHOL, ttl=PT24H
2026-05-07 09:44:38.593 INFO  [scheduling-1] MarketCacheTtlPolicy requestId= userId= method= uri= status= durationMs= - Market cache ttl resolved: source=BIST, ttl=PT24H
2026-05-07 09:44:38.593 INFO  [scheduling-1] MarketCacheService requestId= userId= method= uri= status= durationMs= - Market cache write: source=BIST, key=market:quotes:symbol:EREGL, ttl=PT24H
2026-05-07 09:44:38.595 INFO  [scheduling-1] MarketCacheTtlPolicy requestId= userId= method= uri= status= durationMs= - Market cache ttl resolved: source=BIST, ttl=PT24H
2026-05-07 09:44:38.595 INFO  [scheduling-1] MarketCacheService requestId= userId= method= uri= status= durationMs= - Market cache write: source=BIST, key=market:quotes:symbol:TUPRS, ttl=PT24H
2026-05-07 09:44:38.597 INFO  [scheduling-1] MarketCacheTtlPolicy requestId= userId= method= uri= status= durationMs= - Market cache ttl resolved: source=BIST, ttl=PT24H
2026-05-07 09:44:38.597 INFO  [scheduling-1] MarketCacheService requestId= userId= method= uri= status= durationMs= - Market cache write: source=BIST, key=market:quotes:symbol:FROTO, ttl=PT24H
2026-05-07 09:44:38.599 INFO  [scheduling-1] MarketCacheTtlPolicy requestId= userId= method= uri= status= durationMs= - Market cache ttl resolved: source=EVDS, ttl=PT6H
2026-05-07 09:44:38.599 INFO  [scheduling-1] MarketCacheService requestId= userId= method= uri= status= durationMs= - Market cache write: source=EVDS, key=market:quotes:symbol:USDTRY, ttl=PT6H
2026-05-07 09:44:38.601 INFO  [scheduling-1] MarketCacheTtlPolicy requestId= userId= method= uri= status= durationMs= - Market cache ttl resolved: source=EVDS, ttl=PT6H
2026-05-07 09:44:38.601 INFO  [scheduling-1] MarketCacheService requestId= userId= method= uri= status= durationMs= - Market cache write: source=EVDS, key=market:quotes:symbol:EURTRY, ttl=PT6H
2026-05-07 09:44:38.604 INFO  [scheduling-1] MarketCacheTtlPolicy requestId= userId= method= uri= status= durationMs= - Market cache ttl resolved: source=EVDS, ttl=PT6H
2026-05-07 09:44:38.605 INFO  [scheduling-1] MarketCacheService requestId= userId= method= uri= status= durationMs= - Market cache write: source=EVDS, key=market:quotes:symbol:GBPTRY, ttl=PT6H
2026-05-07 09:44:38.606 INFO  [scheduling-1] MarketCacheTtlPolicy requestId= userId= method= uri= status= durationMs= - Market cache ttl resolved: source=EVDS, ttl=PT6H
2026-05-07 09:44:38.607 INFO  [scheduling-1] MarketCacheService requestId= userId= method= uri= status= durationMs= - Market cache write: source=EVDS, key=market:quotes:symbol:CHFTRY, ttl=PT6H
2026-05-07 09:44:38.609 INFO  [scheduling-1] MarketCacheTtlPolicy requestId= userId= method= uri= status= durationMs= - Market cache ttl resolved: source=EVDS, ttl=PT6H
2026-05-07 09:44:38.610 INFO  [scheduling-1] MarketCacheService requestId= userId= method= uri= status= durationMs= - Market cache write: source=EVDS, key=market:quotes:symbol:JPYTRY, ttl=PT6H
2026-05-07 09:44:38.612 INFO  [scheduling-1] MarketCacheTtlPolicy requestId= userId= method= uri= status= durationMs= - Market cache ttl resolved: source=EVDS, ttl=PT6H
2026-05-07 09:44:38.613 INFO  [scheduling-1] MarketCacheService requestId= userId= method= uri= status= durationMs= - Market cache write: source=EVDS, key=market:quotes:symbol:AUDTRY, ttl=PT6H
2026-05-07 09:44:38.615 INFO  [scheduling-1] MarketCacheTtlPolicy requestId= userId= method= uri= status= durationMs= - Market cache ttl resolved: source=EVDS, ttl=PT6H
2026-05-07 09:44:38.616 INFO  [scheduling-1] MarketCacheService requestId= userId= method= uri= status= durationMs= - Market cache write: source=EVDS, key=market:quotes:symbol:CNYTRY, ttl=PT6H
2026-05-07 09:44:38.617 INFO  [scheduling-1] MarketCacheTtlPolicy requestId= userId= method= uri= status= durationMs= - Market cache ttl resolved: source=EVDS, ttl=PT6H
2026-05-07 09:44:38.618 INFO  [scheduling-1] MarketCacheService requestId= userId= method= uri= status= durationMs= - Market cache write: source=EVDS, key=market:quotes:symbol:NOKTRY, ttl=PT6H
2026-05-07 09:44:38.620 INFO  [scheduling-1] MarketCacheTtlPolicy requestId= userId= method= uri= status= durationMs= - Market cache ttl resolved: source=EVDS, ttl=PT6H
2026-05-07 09:44:38.621 INFO  [scheduling-1] MarketCacheService requestId= userId= method= uri= status= durationMs= - Market cache write: source=EVDS, key=market:quotes:symbol:SEKTRY, ttl=PT6H
2026-05-07 09:44:38.623 INFO  [scheduling-1] MarketCacheTtlPolicy requestId= userId= method= uri= status= durationMs= - Market cache ttl resolved: source=EVDS, ttl=PT6H
2026-05-07 09:44:38.624 INFO  [scheduling-1] MarketCacheService requestId= userId= method= uri= status= durationMs= - Market cache write: source=EVDS, key=market:quotes:symbol:DKKTRY, ttl=PT6H
2026-05-07 09:44:38.626 INFO  [scheduling-1] MarketCacheTtlPolicy requestId= userId= method= uri= status= durationMs= - Market cache ttl resolved: source=EVDS, ttl=PT6H
2026-05-07 09:44:38.626 INFO  [scheduling-1] MarketCacheService requestId= userId= method= uri= status= durationMs= - Market cache write: source=EVDS, key=market:quotes:symbol:SARTRY, ttl=PT6H
2026-05-07 09:44:38.628 INFO  [scheduling-1] MarketRefreshService requestId= userId= method= uri= status= durationMs= - Market refresh completed: processedQuoteCount=11, historyRecordCount=55, aggregateQuoteCount=29, failedProviderCount=0
2026-05-07 09:44:38.628 INFO  [scheduling-1] MarketRefreshCoordinator requestId= userId= method= uri= status= durationMs= - Market provider refresh completed: source=EVDS, quoteCount=11
2026-05-07 09:44:44.254 INFO  [http-nio-8080-exec-1] [/] requestId= userId= method= uri= status= durationMs= - Initializing Spring DispatcherServlet 'dispatcherServlet'
2026-05-07 09:44:44.255 INFO  [http-nio-8080-exec-1] DispatcherServlet requestId= userId= method= uri= status= durationMs= - Initializing Servlet 'dispatcherServlet'
2026-05-07 09:44:44.257 INFO  [http-nio-8080-exec-1] DispatcherServlet requestId= userId= method= uri= status= durationMs= - Completed initialization in 1 ms
2026-05-07 09:44:44.275 DEBUG [http-nio-8080-exec-1] FilterChainProxy requestId=0bb38718-d53c-4f34-ab12-1d1f15c1a3a3 userId= method= uri= status= durationMs= - Securing GET /actuator/prometheus
2026-05-07 09:44:44.285 DEBUG [http-nio-8080-exec-1] AnonymousAuthenticationFilter requestId=0bb38718-d53c-4f34-ab12-1d1f15c1a3a3 userId= method= uri= status= durationMs= - Set SecurityContextHolder to anonymous SecurityContext
2026-05-07 09:44:44.291 DEBUG [http-nio-8080-exec-1] FilterChainProxy requestId=0bb38718-d53c-4f34-ab12-1d1f15c1a3a3 userId= method= uri= status= durationMs= - Secured GET /actuator/prometheus
2026-05-07 09:44:44.336 INFO  [http-nio-8080-exec-1] HttpRequestLoggingFilter requestId=0bb38718-d53c-4f34-ab12-1d1f15c1a3a3 userId= method=GET uri=/actuator/prometheus status=200 durationMs=75 - HTTP request completed
2026-05-07 09:44:54.206 DEBUG [http-nio-8080-exec-2] FilterChainProxy requestId=b6e4aa6e-5db4-4772-aabe-885ef25cdbaf userId= method= uri= status= durationMs= - Securing GET /actuator/prometheus
2026-05-07 09:44:54.209 DEBUG [http-nio-8080-exec-2] AnonymousAuthenticationFilter requestId=b6e4aa6e-5db4-4772-aabe-885ef25cdbaf userId= method= uri= status= durationMs= - Set SecurityContextHolder to anonymous SecurityContext
2026-05-07 09:44:54.210 DEBUG [http-nio-8080-exec-2] FilterChainProxy requestId=b6e4aa6e-5db4-4772-aabe-885ef25cdbaf userId= method= uri= status= durationMs= - Secured GET /actuator/prometheus
2026-05-07 09:44:54.219 INFO  [http-nio-8080-exec-2] HttpRequestLoggingFilter requestId=b6e4aa6e-5db4-4772-aabe-885ef25cdbaf userId= method=GET uri=/actuator/prometheus status=200 durationMs=13 - HTTP request completed
2026-05-07 09:45:04.206 DEBUG [http-nio-8080-exec-3] FilterChainProxy requestId=b2e4ef3c-f166-4802-ae40-3242df29c4f9 userId= method= uri= status= durationMs= - Securing GET /actuator/prometheus
2026-05-07 09:45:04.209 DEBUG [http-nio-8080-exec-3] AnonymousAuthenticationFilter requestId=b2e4ef3c-f166-4802-ae40-3242df29c4f9 userId= method= uri= status= durationMs= - Set SecurityContextHolder to anonymous SecurityContext
2026-05-07 09:45:04.211 DEBUG [http-nio-8080-exec-3] FilterChainProxy requestId=b2e4ef3c-f166-4802-ae40-3242df29c4f9 userId= method= uri= status= durationMs= - Secured GET /actuator/prometheus
2026-05-07 09:45:04.220 INFO  [http-nio-8080-exec-3] HttpRequestLoggingFilter requestId=b2e4ef3c-f166-4802-ae40-3242df29c4f9 userId= method=GET uri=/actuator/prometheus status=200 durationMs=15 - HTTP request completed
2026-05-07 09:45:14.191 DEBUG [http-nio-8080-exec-4] FilterChainProxy requestId=47fd0a9f-ac10-419c-b9b3-3b04d77b5347 userId= method= uri= status= durationMs= - Securing GET /actuator/prometheus
2026-05-07 09:45:14.194 DEBUG [http-nio-8080-exec-4] AnonymousAuthenticationFilter requestId=47fd0a9f-ac10-419c-b9b3-3b04d77b5347 userId= method= uri= status= durationMs= - Set SecurityContextHolder to anonymous SecurityContext
2026-05-07 09:45:14.196 DEBUG [http-nio-8080-exec-4] FilterChainProxy requestId=47fd0a9f-ac10-419c-b9b3-3b04d77b5347 userId= method= uri= status= durationMs= - Secured GET /actuator/prometheus
2026-05-07 09:45:14.204 INFO  [http-nio-8080-exec-4] HttpRequestLoggingFilter requestId=47fd0a9f-ac10-419c-b9b3-3b04d77b5347 userId= method=GET uri=/actuator/prometheus status=200 durationMs=15 - HTTP request completed
2026-05-07 09:45:24.188 DEBUG [http-nio-8080-exec-5] FilterChainProxy requestId=5ddc89a5-bfa1-4f7f-94dd-24c785db6d07 userId= method= uri= status= durationMs= - Securing GET /actuator/prometheus
2026-05-07 09:45:24.190 DEBUG [http-nio-8080-exec-5] AnonymousAuthenticationFilter requestId=5ddc89a5-bfa1-4f7f-94dd-24c785db6d07 userId= method= uri= status= durationMs= - Set SecurityContextHolder to anonymous SecurityContext
2026-05-07 09:45:24.192 DEBUG [http-nio-8080-exec-5] FilterChainProxy requestId=5ddc89a5-bfa1-4f7f-94dd-24c785db6d07 userId= method= uri= status= durationMs= - Secured GET /actuator/prometheus
2026-05-07 09:45:24.199 INFO  [http-nio-8080-exec-5] HttpRequestLoggingFilter requestId=5ddc89a5-bfa1-4f7f-94dd-24c785db6d07 userId= method=GET uri=/actuator/prometheus status=200 durationMs=12 - HTTP request completed
2026-05-07 09:45:34.187 DEBUG [http-nio-8080-exec-6] FilterChainProxy requestId=28bc7f83-1aca-4b86-95df-0235875c69e0 userId= method= uri= status= durationMs= - Securing GET /actuator/prometheus
2026-05-07 09:45:34.189 DEBUG [http-nio-8080-exec-6] AnonymousAuthenticationFilter requestId=28bc7f83-1aca-4b86-95df-0235875c69e0 userId= method= uri= status= durationMs= - Set SecurityContextHolder to anonymous SecurityContext
2026-05-07 09:45:34.191 DEBUG [http-nio-8080-exec-6] FilterChainProxy requestId=28bc7f83-1aca-4b86-95df-0235875c69e0 userId= method= uri= status= durationMs= - Secured GET /actuator/prometheus
2026-05-07 09:45:34.199 INFO  [http-nio-8080-exec-6] HttpRequestLoggingFilter requestId=28bc7f83-1aca-4b86-95df-0235875c69e0 userId= method=GET uri=/actuator/prometheus status=200 durationMs=13 - HTTP request completed
2026-05-07 09:45:44.167 DEBUG [http-nio-8080-exec-7] FilterChainProxy requestId=35511204-0c66-4cc2-85c8-295d3e407ba9 userId= method= uri= status= durationMs= - Securing GET /actuator/prometheus
2026-05-07 09:45:44.170 DEBUG [http-nio-8080-exec-7] AnonymousAuthenticationFilter requestId=35511204-0c66-4cc2-85c8-295d3e407ba9 userId= method= uri= status= durationMs= - Set SecurityContextHolder to anonymous SecurityContext
2026-05-07 09:45:44.172 DEBUG [http-nio-8080-exec-7] FilterChainProxy requestId=35511204-0c66-4cc2-85c8-295d3e407ba9 userId= method= uri= status= durationMs= - Secured GET /actuator/prometheus
2026-05-07 09:45:44.178 INFO  [http-nio-8080-exec-7] HttpRequestLoggingFilter requestId=35511204-0c66-4cc2-85c8-295d3e407ba9 userId= method=GET uri=/actuator/prometheus status=200 durationMs=13 - HTTP request completed
2026-05-07 09:45:54.166 DEBUG [http-nio-8080-exec-8] FilterChainProxy requestId=607b7843-dd8a-4a09-88ad-3a976dd07b4c userId= method= uri= status= durationMs= - Securing GET /actuator/prometheus
2026-05-07 09:45:54.170 DEBUG [http-nio-8080-exec-8] AnonymousAuthenticationFilter requestId=607b7843-dd8a-4a09-88ad-3a976dd07b4c userId= method= uri= status= durationMs= - Set SecurityContextHolder to anonymous SecurityContext
2026-05-07 09:45:54.171 DEBUG [http-nio-8080-exec-8] FilterChainProxy requestId=607b7843-dd8a-4a09-88ad-3a976dd07b4c userId= method= uri= status= durationMs= - Secured GET /actuator/prometheus
2026-05-07 09:45:54.182 INFO  [http-nio-8080-exec-8] HttpRequestLoggingFilter requestId=607b7843-dd8a-4a09-88ad-3a976dd07b4c userId= method=GET uri=/actuator/prometheus status=200 durationMs=17 - HTTP request completed
2026-05-07 09:46:04.164 DEBUG [http-nio-8080-exec-9] FilterChainProxy requestId=af383f5f-59f9-4a5a-9ae9-b7df830166c7 userId= method= uri= status= durationMs= - Securing GET /actuator/prometheus
2026-05-07 09:46:04.168 DEBUG [http-nio-8080-exec-9] AnonymousAuthenticationFilter requestId=af383f5f-59f9-4a5a-9ae9-b7df830166c7 userId= method= uri= status= durationMs= - Set SecurityContextHolder to anonymous SecurityContext
2026-05-07 09:46:04.171 DEBUG [http-nio-8080-exec-9] FilterChainProxy requestId=af383f5f-59f9-4a5a-9ae9-b7df830166c7 userId= method= uri= status= durationMs= - Secured GET /actuator/prometheus
2026-05-07 09:46:04.179 INFO  [http-nio-8080-exec-9] HttpRequestLoggingFilter requestId=af383f5f-59f9-4a5a-9ae9-b7df830166c7 userId= method=GET uri=/actuator/prometheus status=200 durationMs=16 - HTTP request completed
2026-05-07 09:46:14.136 DEBUG [http-nio-8080-exec-10] FilterChainProxy requestId=5e56a1ae-0875-4efc-b240-e95adc4aeaa3 userId= method= uri= status= durationMs= - Securing GET /actuator/prometheus
2026-05-07 09:46:14.139 DEBUG [http-nio-8080-exec-10] AnonymousAuthenticationFilter requestId=5e56a1ae-0875-4efc-b240-e95adc4aeaa3 userId= method= uri= status= durationMs= - Set SecurityContextHolder to anonymous SecurityContext
2026-05-07 09:46:14.141 DEBUG [http-nio-8080-exec-10] FilterChainProxy requestId=5e56a1ae-0875-4efc-b240-e95adc4aeaa3 userId= method= uri= status= durationMs= - Secured GET /actuator/prometheus
2026-05-07 09:46:14.151 INFO  [http-nio-8080-exec-10] HttpRequestLoggingFilter requestId=5e56a1ae-0875-4efc-b240-e95adc4aeaa3 userId= method=GET uri=/actuator/prometheus status=200 durationMs=16 - HTTP request completed
2026-05-07 09:46:24.137 DEBUG [http-nio-8080-exec-1] FilterChainProxy requestId=24cb9d1c-d3ee-4b98-a586-4907ce7ceb5b userId= method= uri= status= durationMs= - Securing GET /actuator/prometheus
2026-05-07 09:46:24.138 DEBUG [http-nio-8080-exec-1] AnonymousAuthenticationFilter requestId=24cb9d1c-d3ee-4b98-a586-4907ce7ceb5b userId= method= uri= status= durationMs= - Set SecurityContextHolder to anonymous SecurityContext
2026-05-07 09:46:24.140 DEBUG [http-nio-8080-exec-1] FilterChainProxy requestId=24cb9d1c-d3ee-4b98-a586-4907ce7ceb5b userId= method= uri= status= durationMs= - Secured GET /actuator/prometheus
2026-05-07 09:46:24.147 INFO  [http-nio-8080-exec-1] HttpRequestLoggingFilter requestId=24cb9d1c-d3ee-4b98-a586-4907ce7ceb5b userId= method=GET uri=/actuator/prometheus status=200 durationMs=12 - HTTP request completed
2026-05-07 09:46:34.138 DEBUG [http-nio-8080-exec-2] FilterChainProxy requestId=e0d79e4d-1734-4897-b17b-79a0854093bf userId= method= uri= status= durationMs= - Securing GET /actuator/prometheus
2026-05-07 09:46:34.141 DEBUG [http-nio-8080-exec-2] AnonymousAuthenticationFilter requestId=e0d79e4d-1734-4897-b17b-79a0854093bf userId= method= uri= status= durationMs= - Set SecurityContextHolder to anonymous SecurityContext
2026-05-07 09:46:34.144 DEBUG [http-nio-8080-exec-2] FilterChainProxy requestId=e0d79e4d-1734-4897-b17b-79a0854093bf userId= method= uri= status= durationMs= - Secured GET /actuator/prometheus
2026-05-07 09:46:34.156 INFO  [http-nio-8080-exec-2] HttpRequestLoggingFilter requestId=e0d79e4d-1734-4897-b17b-79a0854093bf userId= method=GET uri=/actuator/prometheus status=200 durationMs=20 - HTTP request completed
2026-05-07 09:46:44.114 DEBUG [http-nio-8080-exec-3] FilterChainProxy requestId=47483ed4-d47b-4109-a6db-013275648115 userId= method= uri= status= durationMs= - Securing GET /actuator/prometheus
2026-05-07 09:46:44.116 DEBUG [http-nio-8080-exec-3] AnonymousAuthenticationFilter requestId=47483ed4-d47b-4109-a6db-013275648115 userId= method= uri= status= durationMs= - Set SecurityContextHolder to anonymous SecurityContext
2026-05-07 09:46:44.119 DEBUG [http-nio-8080-exec-3] FilterChainProxy requestId=47483ed4-d47b-4109-a6db-013275648115 userId= method= uri= status= durationMs= - Secured GET /actuator/prometheus
2026-05-07 09:46:44.126 INFO  [http-nio-8080-exec-3] HttpRequestLoggingFilter requestId=47483ed4-d47b-4109-a6db-013275648115 userId= method=GET uri=/actuator/prometheus status=200 durationMs=12 - HTTP request completed
2026-05-07 09:46:54.114 DEBUG [http-nio-8080-exec-4] FilterChainProxy requestId=151889c2-bcc9-4777-94bc-8ca2f682312d userId= method= uri= status= durationMs= - Securing GET /actuator/prometheus
2026-05-07 09:46:54.115 DEBUG [http-nio-8080-exec-4] AnonymousAuthenticationFilter requestId=151889c2-bcc9-4777-94bc-8ca2f682312d userId= method= uri= status= durationMs= - Set SecurityContextHolder to anonymous SecurityContext
2026-05-07 09:46:54.117 DEBUG [http-nio-8080-exec-4] FilterChainProxy requestId=151889c2-bcc9-4777-94bc-8ca2f682312d userId= method= uri= status= durationMs= - Secured GET /actuator/prometheus
2026-05-07 09:46:54.123 INFO  [http-nio-8080-exec-4] HttpRequestLoggingFilter requestId=151889c2-bcc9-4777-94bc-8ca2f682312d userId= method=GET uri=/actuator/prometheus status=200 durationMs=10 - HTTP request completed
2026-05-07 09:47:04.113 DEBUG [http-nio-8080-exec-5] FilterChainProxy requestId=ef77939f-9476-490d-a150-8c55d9314e53 userId= method= uri= status= durationMs= - Securing GET /actuator/prometheus
2026-05-07 09:47:04.115 DEBUG [http-nio-8080-exec-5] AnonymousAuthenticationFilter requestId=ef77939f-9476-490d-a150-8c55d9314e53 userId= method= uri= status= durationMs= - Set SecurityContextHolder to anonymous SecurityContext
2026-05-07 09:47:04.117 DEBUG [http-nio-8080-exec-5] FilterChainProxy requestId=ef77939f-9476-490d-a150-8c55d9314e53 userId= method= uri= status= durationMs= - Secured GET /actuator/prometheus
2026-05-07 09:47:04.123 INFO  [http-nio-8080-exec-5] HttpRequestLoggingFilter requestId=ef77939f-9476-490d-a150-8c55d9314e53 userId= method=GET uri=/actuator/prometheus status=200 durationMs=10 - HTTP request completed
2026-05-07 09:47:14.091 DEBUG [http-nio-8080-exec-6] FilterChainProxy requestId=68e43ed9-587e-4d16-aed5-f895b52d0892 userId= method= uri= status= durationMs= - Securing GET /actuator/prometheus
2026-05-07 09:47:14.093 DEBUG [http-nio-8080-exec-6] AnonymousAuthenticationFilter requestId=68e43ed9-587e-4d16-aed5-f895b52d0892 userId= method= uri= status= durationMs= - Set SecurityContextHolder to anonymous SecurityContext
2026-05-07 09:47:14.094 DEBUG [http-nio-8080-exec-6] FilterChainProxy requestId=68e43ed9-587e-4d16-aed5-f895b52d0892 userId= method= uri= status= durationMs= - Secured GET /actuator/prometheus
2026-05-07 09:47:14.100 INFO  [http-nio-8080-exec-6] HttpRequestLoggingFilter requestId=68e43ed9-587e-4d16-aed5-f895b52d0892 userId= method=GET uri=/actuator/prometheus status=200 durationMs=10 - HTTP request completed
2026-05-07 09:47:24.091 DEBUG [http-nio-8080-exec-7] FilterChainProxy requestId=ec8ce278-679d-4a49-a331-27964942bad7 userId= method= uri= status= durationMs= - Securing GET /actuator/prometheus
2026-05-07 09:47:24.094 DEBUG [http-nio-8080-exec-7] AnonymousAuthenticationFilter requestId=ec8ce278-679d-4a49-a331-27964942bad7 userId= method= uri= status= durationMs= - Set SecurityContextHolder to anonymous SecurityContext
2026-05-07 09:47:24.096 DEBUG [http-nio-8080-exec-7] FilterChainProxy requestId=ec8ce278-679d-4a49-a331-27964942bad7 userId= method= uri= status= durationMs= - Secured GET /actuator/prometheus
2026-05-07 09:47:24.101 INFO  [http-nio-8080-exec-7] HttpRequestLoggingFilter requestId=ec8ce278-679d-4a49-a331-27964942bad7 userId= method=GET uri=/actuator/prometheus status=200 durationMs=11 - HTTP request completed
2026-05-07 09:47:34.091 DEBUG [http-nio-8080-exec-8] FilterChainProxy requestId=b7959b40-5b35-486c-aae8-cfac2cc4db3d userId= method= uri= status= durationMs= - Securing GET /actuator/prometheus
2026-05-07 09:47:34.093 DEBUG [http-nio-8080-exec-8] AnonymousAuthenticationFilter requestId=b7959b40-5b35-486c-aae8-cfac2cc4db3d userId= method= uri= status= durationMs= - Set SecurityContextHolder to anonymous SecurityContext
2026-05-07 09:47:34.095 DEBUG [http-nio-8080-exec-8] FilterChainProxy requestId=b7959b40-5b35-486c-aae8-cfac2cc4db3d userId= method= uri= status= durationMs= - Secured GET /actuator/prometheus
2026-05-07 09:47:34.100 INFO  [http-nio-8080-exec-8] HttpRequestLoggingFilter requestId=b7959b40-5b35-486c-aae8-cfac2cc4db3d userId= method=GET uri=/actuator/prometheus status=200 durationMs=10 - HTTP request completed
2026-05-07 09:47:44.065 DEBUG [http-nio-8080-exec-9] FilterChainProxy requestId=f0b38d0b-1f56-4945-b1e8-82c0312fec93 userId= method= uri= status= durationMs= - Securing GET /actuator/prometheus
2026-05-07 09:47:44.067 DEBUG [http-nio-8080-exec-9] AnonymousAuthenticationFilter requestId=f0b38d0b-1f56-4945-b1e8-82c0312fec93 userId= method= uri= status= durationMs= - Set SecurityContextHolder to anonymous SecurityContext
2026-05-07 09:47:44.069 DEBUG [http-nio-8080-exec-9] FilterChainProxy requestId=f0b38d0b-1f56-4945-b1e8-82c0312fec93 userId= method= uri= status= durationMs= - Secured GET /actuator/prometheus
2026-05-07 09:47:44.075 INFO  [http-nio-8080-exec-9] HttpRequestLoggingFilter requestId=f0b38d0b-1f56-4945-b1e8-82c0312fec93 userId= method=GET uri=/actuator/prometheus status=200 durationMs=10 - HTTP request completed
2026-05-07 09:47:54.065 DEBUG [http-nio-8080-exec-10] FilterChainProxy requestId=f9bdddce-04ac-4f45-9599-6dc5b7554f20 userId= method= uri= status= durationMs= - Securing GET /actuator/prometheus
2026-05-07 09:47:54.068 DEBUG [http-nio-8080-exec-10] AnonymousAuthenticationFilter requestId=f9bdddce-04ac-4f45-9599-6dc5b7554f20 userId= method= uri= status= durationMs= - Set SecurityContextHolder to anonymous SecurityContext
2026-05-07 09:47:54.069 DEBUG [http-nio-8080-exec-10] FilterChainProxy requestId=f9bdddce-04ac-4f45-9599-6dc5b7554f20 userId= method= uri= status= durationMs= - Secured GET /actuator/prometheus
2026-05-07 09:47:54.076 INFO  [http-nio-8080-exec-10] HttpRequestLoggingFilter requestId=f9bdddce-04ac-4f45-9599-6dc5b7554f20 userId= method=GET uri=/actuator/prometheus status=200 durationMs=12 - HTTP request completed
2026-05-07 09:48:04.065 DEBUG [http-nio-8080-exec-1] FilterChainProxy requestId=532e254f-31bd-42ef-804f-7cb3ef5f0ce4 userId= method= uri= status= durationMs= - Securing GET /actuator/prometheus
2026-05-07 09:48:04.067 DEBUG [http-nio-8080-exec-1] AnonymousAuthenticationFilter requestId=532e254f-31bd-42ef-804f-7cb3ef5f0ce4 userId= method= uri= status= durationMs= - Set SecurityContextHolder to anonymous SecurityContext
2026-05-07 09:48:04.069 DEBUG [http-nio-8080-exec-1] FilterChainProxy requestId=532e254f-31bd-42ef-804f-7cb3ef5f0ce4 userId= method= uri= status= durationMs= - Secured GET /actuator/prometheus
2026-05-07 09:48:04.075 INFO  [http-nio-8080-exec-1] HttpRequestLoggingFilter requestId=532e254f-31bd-42ef-804f-7cb3ef5f0ce4 userId= method=GET uri=/actuator/prometheus status=200 durationMs=11 - HTTP request completed
2026-05-07 09:48:14.038 DEBUG [http-nio-8080-exec-2] FilterChainProxy requestId=a4355563-6c29-4775-905b-8783840603a1 userId= method= uri= status= durationMs= - Securing GET /actuator/prometheus
2026-05-07 09:48:14.041 DEBUG [http-nio-8080-exec-2] AnonymousAuthenticationFilter requestId=a4355563-6c29-4775-905b-8783840603a1 userId= method= uri= status= durationMs= - Set SecurityContextHolder to anonymous SecurityContext
2026-05-07 09:48:14.043 DEBUG [http-nio-8080-exec-2] FilterChainProxy requestId=a4355563-6c29-4775-905b-8783840603a1 userId= method= uri= status= durationMs= - Secured GET /actuator/prometheus
2026-05-07 09:48:14.049 INFO  [http-nio-8080-exec-2] HttpRequestLoggingFilter requestId=a4355563-6c29-4775-905b-8783840603a1 userId= method=GET uri=/actuator/prometheus status=200 durationMs=12 - HTTP request completed
2026-05-07 09:48:24.037 DEBUG [http-nio-8080-exec-3] FilterChainProxy requestId=ef01eafc-a8b2-4dfc-97c0-0bb0eb11674a userId= method= uri= status= durationMs= - Securing GET /actuator/prometheus
2026-05-07 09:48:24.040 DEBUG [http-nio-8080-exec-3] AnonymousAuthenticationFilter requestId=ef01eafc-a8b2-4dfc-97c0-0bb0eb11674a userId= method= uri= status= durationMs= - Set SecurityContextHolder to anonymous SecurityContext
2026-05-07 09:48:24.041 DEBUG [http-nio-8080-exec-3] FilterChainProxy requestId=ef01eafc-a8b2-4dfc-97c0-0bb0eb11674a userId= method= uri= status= durationMs= - Secured GET /actuator/prometheus
2026-05-07 09:48:24.047 INFO  [http-nio-8080-exec-3] HttpRequestLoggingFilter requestId=ef01eafc-a8b2-4dfc-97c0-0bb0eb11674a userId= method=GET uri=/actuator/prometheus status=200 durationMs=10 - HTTP request completed
2026-05-07 09:48:34.037 DEBUG [http-nio-8080-exec-4] FilterChainProxy requestId=8d657e49-211c-4f5f-853e-3184d690d5bb userId= method= uri= status= durationMs= - Securing GET /actuator/prometheus
2026-05-07 09:48:34.039 DEBUG [http-nio-8080-exec-4] AnonymousAuthenticationFilter requestId=8d657e49-211c-4f5f-853e-3184d690d5bb userId= method= uri= status= durationMs= - Set SecurityContextHolder to anonymous SecurityContext
2026-05-07 09:48:34.041 DEBUG [http-nio-8080-exec-4] FilterChainProxy requestId=8d657e49-211c-4f5f-853e-3184d690d5bb userId= method= uri= status= durationMs= - Secured GET /actuator/prometheus
2026-05-07 09:48:34.047 INFO  [http-nio-8080-exec-4] HttpRequestLoggingFilter requestId=8d657e49-211c-4f5f-853e-3184d690d5bb userId= method=GET uri=/actuator/prometheus status=200 durationMs=10 - HTTP request completed
2026-05-07 09:48:44.010 DEBUG [http-nio-8080-exec-5] FilterChainProxy requestId=d65022bb-a409-4070-b206-cf4805cc0737 userId= method= uri= status= durationMs= - Securing GET /actuator/prometheus
2026-05-07 09:48:44.012 DEBUG [http-nio-8080-exec-5] AnonymousAuthenticationFilter requestId=d65022bb-a409-4070-b206-cf4805cc0737 userId= method= uri= status= durationMs= - Set SecurityContextHolder to anonymous SecurityContext
2026-05-07 09:48:44.014 DEBUG [http-nio-8080-exec-5] FilterChainProxy requestId=d65022bb-a409-4070-b206-cf4805cc0737 userId= method= uri= status= durationMs= - Secured GET /actuator/prometheus
2026-05-07 09:48:44.019 INFO  [http-nio-8080-exec-5] HttpRequestLoggingFilter requestId=d65022bb-a409-4070-b206-cf4805cc0737 userId= method=GET uri=/actuator/prometheus status=200 durationMs=10 - HTTP request completed
2026-05-07 09:48:54.009 DEBUG [http-nio-8080-exec-6] FilterChainProxy requestId=8749edee-e530-4dc1-becf-e815a3d83a39 userId= method= uri= status= durationMs= - Securing GET /actuator/prometheus
2026-05-07 09:48:54.011 DEBUG [http-nio-8080-exec-6] AnonymousAuthenticationFilter requestId=8749edee-e530-4dc1-becf-e815a3d83a39 userId= method= uri= status= durationMs= - Set SecurityContextHolder to anonymous SecurityContext
2026-05-07 09:48:54.012 DEBUG [http-nio-8080-exec-6] FilterChainProxy requestId=8749edee-e530-4dc1-becf-e815a3d83a39 userId= method= uri= status= durationMs= - Secured GET /actuator/prometheus
2026-05-07 09:48:54.017 INFO  [http-nio-8080-exec-6] HttpRequestLoggingFilter requestId=8749edee-e530-4dc1-becf-e815a3d83a39 userId= method=GET uri=/actuator/prometheus status=200 durationMs=9 - HTTP request completed
2026-05-07 09:49:04.011 DEBUG [http-nio-8080-exec-7] FilterChainProxy requestId=034f0ec6-5d9a-40d0-a737-87b87538ae38 userId= method= uri= status= durationMs= - Securing GET /actuator/prometheus
2026-05-07 09:49:04.014 DEBUG [http-nio-8080-exec-7] AnonymousAuthenticationFilter requestId=034f0ec6-5d9a-40d0-a737-87b87538ae38 userId= method= uri= status= durationMs= - Set SecurityContextHolder to anonymous SecurityContext
2026-05-07 09:49:04.015 DEBUG [http-nio-8080-exec-7] FilterChainProxy requestId=034f0ec6-5d9a-40d0-a737-87b87538ae38 userId= method= uri= status= durationMs= - Secured GET /actuator/prometheus
2026-05-07 09:49:04.020 INFO  [http-nio-8080-exec-7] HttpRequestLoggingFilter requestId=034f0ec6-5d9a-40d0-a737-87b87538ae38 userId= method=GET uri=/actuator/prometheus status=200 durationMs=10 - HTTP request completed
2026-05-07 09:49:13.986 DEBUG [http-nio-8080-exec-8] FilterChainProxy requestId=8ca3148b-ec56-43f0-aee2-de0de844335b userId= method= uri= status= durationMs= - Securing GET /actuator/prometheus
2026-05-07 09:49:13.989 DEBUG [http-nio-8080-exec-8] AnonymousAuthenticationFilter requestId=8ca3148b-ec56-43f0-aee2-de0de844335b userId= method= uri= status= durationMs= - Set SecurityContextHolder to anonymous SecurityContext
2026-05-07 09:49:13.991 DEBUG [http-nio-8080-exec-8] FilterChainProxy requestId=8ca3148b-ec56-43f0-aee2-de0de844335b userId= method= uri= status= durationMs= - Secured GET /actuator/prometheus
2026-05-07 09:49:13.996 INFO  [http-nio-8080-exec-8] HttpRequestLoggingFilter requestId=8ca3148b-ec56-43f0-aee2-de0de844335b userId= method=GET uri=/actuator/prometheus status=200 durationMs=11 - HTTP request completed
2026-05-07 09:49:23.986 DEBUG [http-nio-8080-exec-9] FilterChainProxy requestId=397de1e6-7c8d-4e4a-b2b8-b17edfcbcbea userId= method= uri= status= durationMs= - Securing GET /actuator/prometheus
2026-05-07 09:49:23.988 DEBUG [http-nio-8080-exec-9] AnonymousAuthenticationFilter requestId=397de1e6-7c8d-4e4a-b2b8-b17edfcbcbea userId= method= uri= status= durationMs= - Set SecurityContextHolder to anonymous SecurityContext
2026-05-07 09:49:23.989 DEBUG [http-nio-8080-exec-9] FilterChainProxy requestId=397de1e6-7c8d-4e4a-b2b8-b17edfcbcbea userId= method= uri= status= durationMs= - Secured GET /actuator/prometheus
2026-05-07 09:49:23.995 INFO  [http-nio-8080-exec-9] HttpRequestLoggingFilter requestId=397de1e6-7c8d-4e4a-b2b8-b17edfcbcbea userId= method=GET uri=/actuator/prometheus status=200 durationMs=9 - HTTP request completed
2026-05-07 09:49:33.986 DEBUG [http-nio-8080-exec-10] FilterChainProxy requestId=efeb35e1-0046-4545-874f-0c0058f87947 userId= method= uri= status= durationMs= - Securing GET /actuator/prometheus
2026-05-07 09:49:33.988 DEBUG [http-nio-8080-exec-10] AnonymousAuthenticationFilter requestId=efeb35e1-0046-4545-874f-0c0058f87947 userId= method= uri= status= durationMs= - Set SecurityContextHolder to anonymous SecurityContext
2026-05-07 09:49:33.989 DEBUG [http-nio-8080-exec-10] FilterChainProxy requestId=efeb35e1-0046-4545-874f-0c0058f87947 userId= method= uri= status= durationMs= - Secured GET /actuator/prometheus
2026-05-07 09:49:33.995 INFO  [http-nio-8080-exec-10] HttpRequestLoggingFilter requestId=efeb35e1-0046-4545-874f-0c0058f87947 userId= method=GET uri=/actuator/prometheus status=200 durationMs=9 - HTTP request completed
2026-05-07 09:49:38.386 INFO  [scheduling-1] MarketRefreshScheduler requestId= userId= method= uri= status= durationMs= - Market refresh scheduler tick started
2026-05-07 09:49:38.412 INFO  [scheduling-1] MarketHistoryMaintenanceService requestId= userId= method= uri= status= durationMs= - marketBackfillJobStarted providerSource=BINANCE, symbol=BTCUSDT
2026-05-07 09:49:38.425 INFO  [scheduling-1] MarketHistoryBackfillService requestId= userId= method= uri= status= durationMs= - Market history backfill started: source=BINANCE, lookbackDays=365, symbolCount=1
2026-05-07 09:49:38.425 INFO  [scheduling-1] ProviderOrchestrationService requestId= userId= method= uri= status= durationMs= - Market provider orchestration started: providerCount=3, sourceFilter=BINANCE
2026-05-07 09:49:38.426 INFO  [scheduling-1] ProviderOrchestrationService requestId= userId= method= uri= status= durationMs= - Market provider refresh started: source=BINANCE
2026-05-07 09:49:38.430 INFO  [scheduling-1] BinanceMarketDataProvider requestId= userId= method= uri= status= durationMs= - Market provider registry resolved: providerSource=BINANCE, registryMappingCount=8, resolvedSymbols=[BTCUSDT, ETHUSDT, BNBUSDT, SOLUSDT, XRPUSDT, ADAUSDT, AVAXUSDT, DOGEUSDT], fallbackToYaml=true
2026-05-07 09:49:38.431 INFO  [scheduling-1] BinanceMarketDataProvider requestId= userId= method= uri= status= durationMs= - Binance history request started: symbol=BTCUSDT, startDate=2025-05-08, endDate=2026-05-07
2026-05-07 09:49:38.432 INFO  [scheduling-1] BinanceClient requestId= userId= method= uri= status= durationMs= - Binance client kline request started: symbol=BTCUSDT, startDate=2025-05-08, endDate=2026-05-07, limit=365, uri=https://api.binance.com/api/v3/klines?symbol=BTCUSDT&interval=1d&limit=365&startTime=1746662400000&endTime=1778198399999
2026-05-07 09:49:38.793 INFO  [scheduling-1] BinanceClient requestId= userId= method= uri= status= durationMs= - Binance client kline request completed: symbol=BTCUSDT, klineCount=365
2026-05-07 09:49:38.795 INFO  [scheduling-1] BinanceMarketDataProvider requestId= userId= method= uri= status= durationMs= - Binance history request completed: symbol=BTCUSDT, startDate=2025-05-08, endDate=2026-05-07, historyRecordCount=365
2026-05-07 09:49:38.796 INFO  [scheduling-1] BinanceMarketDataProvider requestId= userId= method= uri= status= durationMs= - Binance provider fetch completed: requestedSymbolCount=1, quoteCount=0, historyRecordCount=365
2026-05-07 09:49:38.796 INFO  [scheduling-1] ProviderOrchestrationService requestId= userId= method= uri= status= durationMs=370 - Market provider refresh completed: source=BINANCE, quoteCount=0, historyRecordCount=365, durationMs=370
2026-05-07 09:49:38.797 INFO  [scheduling-1] ProviderOrchestrationService requestId= userId= method= uri= status= durationMs= - Market provider skipped by supports: providerSource=BIST, requestSource=BINANCE
2026-05-07 09:49:38.797 INFO  [scheduling-1] EvdsMarketDataProvider requestId= userId= method= uri= status= durationMs= - EVDS provider supports evaluated: supported=false, enabled=true, requestSource=BINANCE
2026-05-07 09:49:38.798 INFO  [scheduling-1] ProviderOrchestrationService requestId= userId= method= uri= status= durationMs= - Market provider skipped by supports: providerSource=EVDS, requestSource=BINANCE
2026-05-07 09:49:38.800 INFO  [scheduling-1] MarketHistoryService requestId= userId= method= uri= status= durationMs= - Market history persistence candidates: source=BINANCE, receivedCount=365, validatedCount=365, candidateCount=365
2026-05-07 09:49:38.804 INFO  [scheduling-1] MarketHistoryService requestId= userId= method= uri= status= durationMs= - Market history persistence pre-insert: source=BINANCE, candidateCount=365, insertableCount=365
2026-05-07 09:49:39.028 INFO  [scheduling-1] MarketHistoryService requestId= userId= method= uri= status= durationMs= - Market history cache cleared manually: cacheName=market_history
2026-05-07 09:49:39.034 INFO  [scheduling-1] MarketHistoryService requestId= userId= method= uri= status= durationMs= - Market history persistence completed: source=BINANCE, received=365, saved=365, skippedDuplicate=0
2026-05-07 09:49:39.035 INFO  [scheduling-1] MarketHistoryBackfillService requestId= userId= method= uri= status= durationMs= - Market history backfill completed: source=BINANCE, lookbackDays=365, symbolCount=1
2026-05-07 09:49:39.056 INFO  [scheduling-1] MarketHistoryMaintenanceService requestId= userId= method= uri= status= durationMs= - marketBackfillCompleted providerSource=BINANCE, symbol=BTCUSDT, fetchedCount=365, savedCount=365
2026-05-07 09:49:39.057 INFO  [scheduling-1] MarketHistoryMaintenanceService requestId= userId= method= uri= status= durationMs= - Market backfill DB stats: providerSource=BINANCE, symbol=BTCUSDT, count=365, minPriceDate=2025-05-08, maxPriceDate=2026-05-07, distinctPriceCount=365
2026-05-07 09:49:39.091 INFO  [scheduling-1] MarketHistoryMaintenanceService requestId= userId= method= uri= status= durationMs= - marketBackfillJobStarted providerSource=BINANCE, symbol=ETHUSDT
2026-05-07 09:49:39.097 INFO  [scheduling-1] MarketHistoryBackfillService requestId= userId= method= uri= status= durationMs= - Market history backfill started: source=BINANCE, lookbackDays=365, symbolCount=1
2026-05-07 09:49:39.099 INFO  [scheduling-1] ProviderOrchestrationService requestId= userId= method= uri= status= durationMs= - Market provider orchestration started: providerCount=3, sourceFilter=BINANCE
2026-05-07 09:49:39.099 INFO  [scheduling-1] ProviderOrchestrationService requestId= userId= method= uri= status= durationMs= - Market provider refresh started: source=BINANCE
2026-05-07 09:49:39.103 INFO  [scheduling-1] BinanceMarketDataProvider requestId= userId= method= uri= status= durationMs= - Market provider registry resolved: providerSource=BINANCE, registryMappingCount=8, resolvedSymbols=[BTCUSDT, ETHUSDT, BNBUSDT, SOLUSDT, XRPUSDT, ADAUSDT, AVAXUSDT, DOGEUSDT], fallbackToYaml=true
2026-05-07 09:49:39.103 INFO  [scheduling-1] BinanceMarketDataProvider requestId= userId= method= uri= status= durationMs= - Binance history request started: symbol=ETHUSDT, startDate=2025-05-08, endDate=2026-05-07
2026-05-07 09:49:39.104 INFO  [scheduling-1] BinanceClient requestId= userId= method= uri= status= durationMs= - Binance client kline request started: symbol=ETHUSDT, startDate=2025-05-08, endDate=2026-05-07, limit=365, uri=https://api.binance.com/api/v3/klines?symbol=ETHUSDT&interval=1d&limit=365&startTime=1746662400000&endTime=1778198399999
2026-05-07 09:49:39.372 INFO  [scheduling-1] BinanceClient requestId= userId= method= uri= status= durationMs= - Binance client kline request completed: symbol=ETHUSDT, klineCount=365
2026-05-07 09:49:39.379 INFO  [scheduling-1] BinanceMarketDataProvider requestId= userId= method= uri= status= durationMs= - Binance history request completed: symbol=ETHUSDT, startDate=2025-05-08, endDate=2026-05-07, historyRecordCount=365
2026-05-07 09:49:39.380 INFO  [scheduling-1] BinanceMarketDataProvider requestId= userId= method= uri= status= durationMs= - Binance provider fetch completed: requestedSymbolCount=1, quoteCount=0, historyRecordCount=365
2026-05-07 09:49:39.380 INFO  [scheduling-1] ProviderOrchestrationService requestId= userId= method= uri= status= durationMs=281 - Market provider refresh completed: source=BINANCE, quoteCount=0, historyRecordCount=365, durationMs=281
2026-05-07 09:49:39.381 INFO  [scheduling-1] ProviderOrchestrationService requestId= userId= method= uri= status= durationMs= - Market provider skipped by supports: providerSource=BIST, requestSource=BINANCE
2026-05-07 09:49:39.381 INFO  [scheduling-1] EvdsMarketDataProvider requestId= userId= method= uri= status= durationMs= - EVDS provider supports evaluated: supported=false, enabled=true, requestSource=BINANCE
2026-05-07 09:49:39.382 INFO  [scheduling-1] ProviderOrchestrationService requestId= userId= method= uri= status= durationMs= - Market provider skipped by supports: providerSource=EVDS, requestSource=BINANCE
2026-05-07 09:49:39.383 INFO  [scheduling-1] MarketHistoryService requestId= userId= method= uri= status= durationMs= - Market history persistence candidates: source=BINANCE, receivedCount=365, validatedCount=365, candidateCount=365
2026-05-07 09:49:39.386 INFO  [scheduling-1] MarketHistoryService requestId= userId= method= uri= status= durationMs= - Market history persistence pre-insert: source=BINANCE, candidateCount=365, insertableCount=365
2026-05-07 09:49:39.569 INFO  [scheduling-1] MarketHistoryService requestId= userId= method= uri= status= durationMs= - Market history cache cleared manually: cacheName=market_history
2026-05-07 09:49:39.570 INFO  [scheduling-1] MarketHistoryService requestId= userId= method= uri= status= durationMs= - Market history persistence completed: source=BINANCE, received=365, saved=365, skippedDuplicate=0
2026-05-07 09:49:39.571 INFO  [scheduling-1] MarketHistoryBackfillService requestId= userId= method= uri= status= durationMs= - Market history backfill completed: source=BINANCE, lookbackDays=365, symbolCount=1
2026-05-07 09:49:39.578 INFO  [scheduling-1] MarketHistoryMaintenanceService requestId= userId= method= uri= status= durationMs= - marketBackfillCompleted providerSource=BINANCE, symbol=ETHUSDT, fetchedCount=365, savedCount=365
2026-05-07 09:49:39.579 INFO  [scheduling-1] MarketHistoryMaintenanceService requestId= userId= method= uri= status= durationMs= - Market backfill DB stats: providerSource=BINANCE, symbol=ETHUSDT, count=365, minPriceDate=2025-05-08, maxPriceDate=2026-05-07, distinctPriceCount=365
2026-05-07 09:49:39.590 INFO  [scheduling-1] MarketHistoryMaintenanceService requestId= userId= method= uri= status= durationMs= - marketBackfillJobStarted providerSource=BINANCE, symbol=BNBUSDT
2026-05-07 09:49:39.595 INFO  [scheduling-1] MarketHistoryBackfillService requestId= userId= method= uri= status= durationMs= - Market history backfill started: source=BINANCE, lookbackDays=365, symbolCount=1
2026-05-07 09:49:39.596 INFO  [scheduling-1] ProviderOrchestrationService requestId= userId= method= uri= status= durationMs= - Market provider orchestration started: providerCount=3, sourceFilter=BINANCE
2026-05-07 09:49:39.597 INFO  [scheduling-1] ProviderOrchestrationService requestId= userId= method= uri= status= durationMs= - Market provider refresh started: source=BINANCE
2026-05-07 09:49:39.601 INFO  [scheduling-1] BinanceMarketDataProvider requestId= userId= method= uri= status= durationMs= - Market provider registry resolved: providerSource=BINANCE, registryMappingCount=8, resolvedSymbols=[BTCUSDT, ETHUSDT, BNBUSDT, SOLUSDT, XRPUSDT, ADAUSDT, AVAXUSDT, DOGEUSDT], fallbackToYaml=true
2026-05-07 09:49:39.602 INFO  [scheduling-1] BinanceMarketDataProvider requestId= userId= method= uri= status= durationMs= - Binance history request started: symbol=BNBUSDT, startDate=2025-05-08, endDate=2026-05-07
2026-05-07 09:49:39.603 INFO  [scheduling-1] BinanceClient requestId= userId= method= uri= status= durationMs= - Binance client kline request started: symbol=BNBUSDT, startDate=2025-05-08, endDate=2026-05-07, limit=365, uri=https://api.binance.com/api/v3/klines?symbol=BNBUSDT&interval=1d&limit=365&startTime=1746662400000&endTime=1778198399999
2026-05-07 09:49:40.107 INFO  [scheduling-1] BinanceClient requestId= userId= method= uri= status= durationMs= - Binance client kline request completed: symbol=BNBUSDT, klineCount=365
2026-05-07 09:49:40.108 INFO  [scheduling-1] BinanceMarketDataProvider requestId= userId= method= uri= status= durationMs= - Binance history request completed: symbol=BNBUSDT, startDate=2025-05-08, endDate=2026-05-07, historyRecordCount=365
2026-05-07 09:49:40.108 INFO  [scheduling-1] BinanceMarketDataProvider requestId= userId= method= uri= status= durationMs= - Binance provider fetch completed: requestedSymbolCount=1, quoteCount=0, historyRecordCount=365
2026-05-07 09:49:40.109 INFO  [scheduling-1] ProviderOrchestrationService requestId= userId= method= uri= status= durationMs=511 - Market provider refresh completed: source=BINANCE, quoteCount=0, historyRecordCount=365, durationMs=511
2026-05-07 09:49:40.109 INFO  [scheduling-1] ProviderOrchestrationService requestId= userId= method= uri= status= durationMs= - Market provider skipped by supports: providerSource=BIST, requestSource=BINANCE
2026-05-07 09:49:40.110 INFO  [scheduling-1] EvdsMarketDataProvider requestId= userId= method= uri= status= durationMs= - EVDS provider supports evaluated: supported=false, enabled=true, requestSource=BINANCE
2026-05-07 09:49:40.110 INFO  [scheduling-1] ProviderOrchestrationService requestId= userId= method= uri= status= durationMs= - Market provider skipped by supports: providerSource=EVDS, requestSource=BINANCE
2026-05-07 09:49:40.111 INFO  [scheduling-1] MarketHistoryService requestId= userId= method= uri= status= durationMs= - Market history persistence candidates: source=BINANCE, receivedCount=365, validatedCount=365, candidateCount=365
2026-05-07 09:49:40.114 INFO  [scheduling-1] MarketHistoryService requestId= userId= method= uri= status= durationMs= - Market history persistence pre-insert: source=BINANCE, candidateCount=365, insertableCount=365
2026-05-07 09:49:40.236 INFO  [scheduling-1] MarketHistoryService requestId= userId= method= uri= status= durationMs= - Market history cache cleared manually: cacheName=market_history
2026-05-07 09:49:40.237 INFO  [scheduling-1] MarketHistoryService requestId= userId= method= uri= status= durationMs= - Market history persistence completed: source=BINANCE, received=365, saved=365, skippedDuplicate=0
2026-05-07 09:49:40.237 INFO  [scheduling-1] MarketHistoryBackfillService requestId= userId= method= uri= status= durationMs= - Market history backfill completed: source=BINANCE, lookbackDays=365, symbolCount=1
2026-05-07 09:49:40.243 INFO  [scheduling-1] MarketHistoryMaintenanceService requestId= userId= method= uri= status= durationMs= - marketBackfillCompleted providerSource=BINANCE, symbol=BNBUSDT, fetchedCount=365, savedCount=365
2026-05-07 09:49:40.244 INFO  [scheduling-1] MarketHistoryMaintenanceService requestId= userId= method= uri= status= durationMs= - Market backfill DB stats: providerSource=BINANCE, symbol=BNBUSDT, count=365, minPriceDate=2025-05-08, maxPriceDate=2026-05-07, distinctPriceCount=365
2026-05-07 09:49:40.254 INFO  [scheduling-1] MarketHistoryMaintenanceService requestId= userId= method= uri= status= durationMs= - marketBackfillJobStarted providerSource=BINANCE, symbol=SOLUSDT
2026-05-07 09:49:40.259 INFO  [scheduling-1] MarketHistoryBackfillService requestId= userId= method= uri= status= durationMs= - Market history backfill started: source=BINANCE, lookbackDays=365, symbolCount=1
2026-05-07 09:49:40.260 INFO  [scheduling-1] ProviderOrchestrationService requestId= userId= method= uri= status= durationMs= - Market provider orchestration started: providerCount=3, sourceFilter=BINANCE
2026-05-07 09:49:40.261 INFO  [scheduling-1] ProviderOrchestrationService requestId= userId= method= uri= status= durationMs= - Market provider refresh started: source=BINANCE
2026-05-07 09:49:40.264 INFO  [scheduling-1] BinanceMarketDataProvider requestId= userId= method= uri= status= durationMs= - Market provider registry resolved: providerSource=BINANCE, registryMappingCount=8, resolvedSymbols=[BTCUSDT, ETHUSDT, BNBUSDT, SOLUSDT, XRPUSDT, ADAUSDT, AVAXUSDT, DOGEUSDT], fallbackToYaml=true
2026-05-07 09:49:40.265 INFO  [scheduling-1] BinanceMarketDataProvider requestId= userId= method= uri= status= durationMs= - Binance history request started: symbol=SOLUSDT, startDate=2025-05-08, endDate=2026-05-07
2026-05-07 09:49:40.266 INFO  [scheduling-1] BinanceClient requestId= userId= method= uri= status= durationMs= - Binance client kline request started: symbol=SOLUSDT, startDate=2025-05-08, endDate=2026-05-07, limit=365, uri=https://api.binance.com/api/v3/klines?symbol=SOLUSDT&interval=1d&limit=365&startTime=1746662400000&endTime=1778198399999
2026-05-07 09:49:41.495 INFO  [scheduling-1] BinanceClient requestId= userId= method= uri= status= durationMs= - Binance client kline request completed: symbol=SOLUSDT, klineCount=365
2026-05-07 09:49:41.496 INFO  [scheduling-1] BinanceMarketDataProvider requestId= userId= method= uri= status= durationMs= - Binance history request completed: symbol=SOLUSDT, startDate=2025-05-08, endDate=2026-05-07, historyRecordCount=365
2026-05-07 09:49:41.497 INFO  [scheduling-1] BinanceMarketDataProvider requestId= userId= method= uri= status= durationMs= - Binance provider fetch completed: requestedSymbolCount=1, quoteCount=0, historyRecordCount=365
2026-05-07 09:49:41.497 INFO  [scheduling-1] ProviderOrchestrationService requestId= userId= method= uri= status= durationMs=1236 - Market provider refresh completed: source=BINANCE, quoteCount=0, historyRecordCount=365, durationMs=1236
2026-05-07 09:49:41.498 INFO  [scheduling-1] ProviderOrchestrationService requestId= userId= method= uri= status= durationMs= - Market provider skipped by supports: providerSource=BIST, requestSource=BINANCE
2026-05-07 09:49:41.499 INFO  [scheduling-1] EvdsMarketDataProvider requestId= userId= method= uri= status= durationMs= - EVDS provider supports evaluated: supported=false, enabled=true, requestSource=BINANCE
2026-05-07 09:49:41.499 INFO  [scheduling-1] ProviderOrchestrationService requestId= userId= method= uri= status= durationMs= - Market provider skipped by supports: providerSource=EVDS, requestSource=BINANCE
2026-05-07 09:49:41.500 INFO  [scheduling-1] MarketHistoryService requestId= userId= method= uri= status= durationMs= - Market history persistence candidates: source=BINANCE, receivedCount=365, validatedCount=365, candidateCount=365
2026-05-07 09:49:41.504 INFO  [scheduling-1] MarketHistoryService requestId= userId= method= uri= status= durationMs= - Market history persistence pre-insert: source=BINANCE, candidateCount=365, insertableCount=365
2026-05-07 09:49:41.615 INFO  [scheduling-1] MarketHistoryService requestId= userId= method= uri= status= durationMs= - Market history cache cleared manually: cacheName=market_history
2026-05-07 09:49:41.616 INFO  [scheduling-1] MarketHistoryService requestId= userId= method= uri= status= durationMs= - Market history persistence completed: source=BINANCE, received=365, saved=365, skippedDuplicate=0
2026-05-07 09:49:41.617 INFO  [scheduling-1] MarketHistoryBackfillService requestId= userId= method= uri= status= durationMs= - Market history backfill completed: source=BINANCE, lookbackDays=365, symbolCount=1
2026-05-07 09:49:41.623 INFO  [scheduling-1] MarketHistoryMaintenanceService requestId= userId= method= uri= status= durationMs= - marketBackfillCompleted providerSource=BINANCE, symbol=SOLUSDT, fetchedCount=365, savedCount=365
2026-05-07 09:49:41.624 INFO  [scheduling-1] MarketHistoryMaintenanceService requestId= userId= method= uri= status= durationMs= - Market backfill DB stats: providerSource=BINANCE, symbol=SOLUSDT, count=365, minPriceDate=2025-05-08, maxPriceDate=2026-05-07, distinctPriceCount=359
2026-05-07 09:49:41.634 INFO  [scheduling-1] MarketHistoryMaintenanceService requestId= userId= method= uri= status= durationMs= - marketBackfillJobStarted providerSource=BINANCE, symbol=XRPUSDT
2026-05-07 09:49:41.640 INFO  [scheduling-1] MarketHistoryBackfillService requestId= userId= method= uri= status= durationMs= - Market history backfill started: source=BINANCE, lookbackDays=365, symbolCount=1
2026-05-07 09:49:41.641 INFO  [scheduling-1] ProviderOrchestrationService requestId= userId= method= uri= status= durationMs= - Market provider orchestration started: providerCount=3, sourceFilter=BINANCE
2026-05-07 09:49:41.641 INFO  [scheduling-1] ProviderOrchestrationService requestId= userId= method= uri= status= durationMs= - Market provider refresh started: source=BINANCE
2026-05-07 09:49:41.645 INFO  [scheduling-1] BinanceMarketDataProvider requestId= userId= method= uri= status= durationMs= - Market provider registry resolved: providerSource=BINANCE, registryMappingCount=8, resolvedSymbols=[BTCUSDT, ETHUSDT, BNBUSDT, SOLUSDT, XRPUSDT, ADAUSDT, AVAXUSDT, DOGEUSDT], fallbackToYaml=true
2026-05-07 09:49:41.646 INFO  [scheduling-1] BinanceMarketDataProvider requestId= userId= method= uri= status= durationMs= - Binance history request started: symbol=XRPUSDT, startDate=2025-05-08, endDate=2026-05-07
2026-05-07 09:49:41.647 INFO  [scheduling-1] BinanceClient requestId= userId= method= uri= status= durationMs= - Binance client kline request started: symbol=XRPUSDT, startDate=2025-05-08, endDate=2026-05-07, limit=365, uri=https://api.binance.com/api/v3/klines?symbol=XRPUSDT&interval=1d&limit=365&startTime=1746662400000&endTime=1778198399999
2026-05-07 09:49:42.397 INFO  [scheduling-1] BinanceClient requestId= userId= method= uri= status= durationMs= - Binance client kline request completed: symbol=XRPUSDT, klineCount=365
2026-05-07 09:49:42.399 INFO  [scheduling-1] BinanceMarketDataProvider requestId= userId= method= uri= status= durationMs= - Binance history request completed: symbol=XRPUSDT, startDate=2025-05-08, endDate=2026-05-07, historyRecordCount=365
2026-05-07 09:49:42.400 INFO  [scheduling-1] BinanceMarketDataProvider requestId= userId= method= uri= status= durationMs= - Binance provider fetch completed: requestedSymbolCount=1, quoteCount=0, historyRecordCount=365
2026-05-07 09:49:42.400 INFO  [scheduling-1] ProviderOrchestrationService requestId= userId= method= uri= status= durationMs=759 - Market provider refresh completed: source=BINANCE, quoteCount=0, historyRecordCount=365, durationMs=759
2026-05-07 09:49:42.401 INFO  [scheduling-1] ProviderOrchestrationService requestId= userId= method= uri= status= durationMs= - Market provider skipped by supports: providerSource=BIST, requestSource=BINANCE
2026-05-07 09:49:42.402 INFO  [scheduling-1] EvdsMarketDataProvider requestId= userId= method= uri= status= durationMs= - EVDS provider supports evaluated: supported=false, enabled=true, requestSource=BINANCE
2026-05-07 09:49:42.402 INFO  [scheduling-1] ProviderOrchestrationService requestId= userId= method= uri= status= durationMs= - Market provider skipped by supports: providerSource=EVDS, requestSource=BINANCE
2026-05-07 09:49:42.403 INFO  [scheduling-1] MarketHistoryService requestId= userId= method= uri= status= durationMs= - Market history persistence candidates: source=BINANCE, receivedCount=365, validatedCount=365, candidateCount=365
2026-05-07 09:49:42.407 INFO  [scheduling-1] MarketHistoryService requestId= userId= method= uri= status= durationMs= - Market history persistence pre-insert: source=BINANCE, candidateCount=365, insertableCount=365
2026-05-07 09:49:42.511 INFO  [scheduling-1] MarketHistoryService requestId= userId= method= uri= status= durationMs= - Market history cache cleared manually: cacheName=market_history
2026-05-07 09:49:42.512 INFO  [scheduling-1] MarketHistoryService requestId= userId= method= uri= status= durationMs= - Market history persistence completed: source=BINANCE, received=365, saved=365, skippedDuplicate=0
2026-05-07 09:49:42.513 INFO  [scheduling-1] MarketHistoryBackfillService requestId= userId= method= uri= status= durationMs= - Market history backfill completed: source=BINANCE, lookbackDays=365, symbolCount=1
2026-05-07 09:49:42.519 INFO  [scheduling-1] MarketHistoryMaintenanceService requestId= userId= method= uri= status= durationMs= - marketBackfillCompleted providerSource=BINANCE, symbol=XRPUSDT, fetchedCount=365, savedCount=365
2026-05-07 09:49:42.520 INFO  [scheduling-1] MarketHistoryMaintenanceService requestId= userId= method= uri= status= durationMs= - Market backfill DB stats: providerSource=BINANCE, symbol=XRPUSDT, count=365, minPriceDate=2025-05-08, maxPriceDate=2026-05-07, distinctPriceCount=357
2026-05-07 09:49:42.528 INFO  [scheduling-1] MarketHistoryMaintenanceService requestId= userId= method= uri= status= durationMs= - marketBackfillJobStarted providerSource=BINANCE, symbol=ADAUSDT
2026-05-07 09:49:42.535 INFO  [scheduling-1] MarketHistoryBackfillService requestId= userId= method= uri= status= durationMs= - Market history backfill started: source=BINANCE, lookbackDays=365, symbolCount=1
2026-05-07 09:49:42.536 INFO  [scheduling-1] ProviderOrchestrationService requestId= userId= method= uri= status= durationMs= - Market provider orchestration started: providerCount=3, sourceFilter=BINANCE
2026-05-07 09:49:42.537 INFO  [scheduling-1] ProviderOrchestrationService requestId= userId= method= uri= status= durationMs= - Market provider refresh started: source=BINANCE
2026-05-07 09:49:42.540 INFO  [scheduling-1] BinanceMarketDataProvider requestId= userId= method= uri= status= durationMs= - Market provider registry resolved: providerSource=BINANCE, registryMappingCount=8, resolvedSymbols=[BTCUSDT, ETHUSDT, BNBUSDT, SOLUSDT, XRPUSDT, ADAUSDT, AVAXUSDT, DOGEUSDT], fallbackToYaml=true
2026-05-07 09:49:42.541 INFO  [scheduling-1] BinanceMarketDataProvider requestId= userId= method= uri= status= durationMs= - Binance history request started: symbol=ADAUSDT, startDate=2025-05-08, endDate=2026-05-07
2026-05-07 09:49:42.542 INFO  [scheduling-1] BinanceClient requestId= userId= method= uri= status= durationMs= - Binance client kline request started: symbol=ADAUSDT, startDate=2025-05-08, endDate=2026-05-07, limit=365, uri=https://api.binance.com/api/v3/klines?symbol=ADAUSDT&interval=1d&limit=365&startTime=1746662400000&endTime=1778198399999
2026-05-07 09:49:43.294 INFO  [scheduling-1] BinanceClient requestId= userId= method= uri= status= durationMs= - Binance client kline request completed: symbol=ADAUSDT, klineCount=365
2026-05-07 09:49:43.295 INFO  [scheduling-1] BinanceMarketDataProvider requestId= userId= method= uri= status= durationMs= - Binance history request completed: symbol=ADAUSDT, startDate=2025-05-08, endDate=2026-05-07, historyRecordCount=365
2026-05-07 09:49:43.296 INFO  [scheduling-1] BinanceMarketDataProvider requestId= userId= method= uri= status= durationMs= - Binance provider fetch completed: requestedSymbolCount=1, quoteCount=0, historyRecordCount=365
2026-05-07 09:49:43.296 INFO  [scheduling-1] ProviderOrchestrationService requestId= userId= method= uri= status= durationMs=759 - Market provider refresh completed: source=BINANCE, quoteCount=0, historyRecordCount=365, durationMs=759
2026-05-07 09:49:43.297 INFO  [scheduling-1] ProviderOrchestrationService requestId= userId= method= uri= status= durationMs= - Market provider skipped by supports: providerSource=BIST, requestSource=BINANCE
2026-05-07 09:49:43.298 INFO  [scheduling-1] EvdsMarketDataProvider requestId= userId= method= uri= status= durationMs= - EVDS provider supports evaluated: supported=false, enabled=true, requestSource=BINANCE
2026-05-07 09:49:43.299 INFO  [scheduling-1] ProviderOrchestrationService requestId= userId= method= uri= status= durationMs= - Market provider skipped by supports: providerSource=EVDS, requestSource=BINANCE
2026-05-07 09:49:43.299 INFO  [scheduling-1] MarketHistoryService requestId= userId= method= uri= status= durationMs= - Market history persistence candidates: source=BINANCE, receivedCount=365, validatedCount=365, candidateCount=365
2026-05-07 09:49:43.303 INFO  [scheduling-1] MarketHistoryService requestId= userId= method= uri= status= durationMs= - Market history persistence pre-insert: source=BINANCE, candidateCount=365, insertableCount=365
2026-05-07 09:49:43.406 INFO  [scheduling-1] MarketHistoryService requestId= userId= method= uri= status= durationMs= - Market history cache cleared manually: cacheName=market_history
2026-05-07 09:49:43.407 INFO  [scheduling-1] MarketHistoryService requestId= userId= method= uri= status= durationMs= - Market history persistence completed: source=BINANCE, received=365, saved=365, skippedDuplicate=0
2026-05-07 09:49:43.408 INFO  [scheduling-1] MarketHistoryBackfillService requestId= userId= method= uri= status= durationMs= - Market history backfill completed: source=BINANCE, lookbackDays=365, symbolCount=1
2026-05-07 09:49:43.414 INFO  [scheduling-1] MarketHistoryMaintenanceService requestId= userId= method= uri= status= durationMs= - marketBackfillCompleted providerSource=BINANCE, symbol=ADAUSDT, fetchedCount=365, savedCount=365
2026-05-07 09:49:43.415 INFO  [scheduling-1] MarketHistoryMaintenanceService requestId= userId= method= uri= status= durationMs= - Market backfill DB stats: providerSource=BINANCE, symbol=ADAUSDT, count=365, minPriceDate=2025-05-08, maxPriceDate=2026-05-07, distinctPriceCount=338
2026-05-07 09:49:43.425 INFO  [scheduling-1] MarketHistoryMaintenanceService requestId= userId= method= uri= status= durationMs= - marketBackfillJobStarted providerSource=BINANCE, symbol=AVAXUSDT
2026-05-07 09:49:43.430 INFO  [scheduling-1] MarketHistoryBackfillService requestId= userId= method= uri= status= durationMs= - Market history backfill started: source=BINANCE, lookbackDays=365, symbolCount=1
2026-05-07 09:49:43.431 INFO  [scheduling-1] ProviderOrchestrationService requestId= userId= method= uri= status= durationMs= - Market provider orchestration started: providerCount=3, sourceFilter=BINANCE
2026-05-07 09:49:43.431 INFO  [scheduling-1] ProviderOrchestrationService requestId= userId= method= uri= status= durationMs= - Market provider refresh started: source=BINANCE
2026-05-07 09:49:43.435 INFO  [scheduling-1] BinanceMarketDataProvider requestId= userId= method= uri= status= durationMs= - Market provider registry resolved: providerSource=BINANCE, registryMappingCount=8, resolvedSymbols=[BTCUSDT, ETHUSDT, BNBUSDT, SOLUSDT, XRPUSDT, ADAUSDT, AVAXUSDT, DOGEUSDT], fallbackToYaml=true
2026-05-07 09:49:43.436 INFO  [scheduling-1] BinanceMarketDataProvider requestId= userId= method= uri= status= durationMs= - Binance history request started: symbol=AVAXUSDT, startDate=2025-05-08, endDate=2026-05-07
2026-05-07 09:49:43.437 INFO  [scheduling-1] BinanceClient requestId= userId= method= uri= status= durationMs= - Binance client kline request started: symbol=AVAXUSDT, startDate=2025-05-08, endDate=2026-05-07, limit=365, uri=https://api.binance.com/api/v3/klines?symbol=AVAXUSDT&interval=1d&limit=365&startTime=1746662400000&endTime=1778198399999
2026-05-07 09:49:43.709 INFO  [scheduling-1] BinanceClient requestId= userId= method= uri= status= durationMs= - Binance client kline request completed: symbol=AVAXUSDT, klineCount=365
2026-05-07 09:49:43.710 INFO  [scheduling-1] BinanceMarketDataProvider requestId= userId= method= uri= status= durationMs= - Binance history request completed: symbol=AVAXUSDT, startDate=2025-05-08, endDate=2026-05-07, historyRecordCount=365
2026-05-07 09:49:43.710 INFO  [scheduling-1] BinanceMarketDataProvider requestId= userId= method= uri= status= durationMs= - Binance provider fetch completed: requestedSymbolCount=1, quoteCount=0, historyRecordCount=365
2026-05-07 09:49:43.711 INFO  [scheduling-1] ProviderOrchestrationService requestId= userId= method= uri= status= durationMs=279 - Market provider refresh completed: source=BINANCE, quoteCount=0, historyRecordCount=365, durationMs=279
2026-05-07 09:49:43.712 INFO  [scheduling-1] ProviderOrchestrationService requestId= userId= method= uri= status= durationMs= - Market provider skipped by supports: providerSource=BIST, requestSource=BINANCE
2026-05-07 09:49:43.712 INFO  [scheduling-1] EvdsMarketDataProvider requestId= userId= method= uri= status= durationMs= - EVDS provider supports evaluated: supported=false, enabled=true, requestSource=BINANCE
2026-05-07 09:49:43.712 INFO  [scheduling-1] ProviderOrchestrationService requestId= userId= method= uri= status= durationMs= - Market provider skipped by supports: providerSource=EVDS, requestSource=BINANCE
2026-05-07 09:49:43.713 INFO  [scheduling-1] MarketHistoryService requestId= userId= method= uri= status= durationMs= - Market history persistence candidates: source=BINANCE, receivedCount=365, validatedCount=365, candidateCount=365
2026-05-07 09:49:43.717 INFO  [scheduling-1] MarketHistoryService requestId= userId= method= uri= status= durationMs= - Market history persistence pre-insert: source=BINANCE, candidateCount=365, insertableCount=365
2026-05-07 09:49:43.834 INFO  [scheduling-1] MarketHistoryService requestId= userId= method= uri= status= durationMs= - Market history cache cleared manually: cacheName=market_history
2026-05-07 09:49:43.834 INFO  [scheduling-1] MarketHistoryService requestId= userId= method= uri= status= durationMs= - Market history persistence completed: source=BINANCE, received=365, saved=365, skippedDuplicate=0
2026-05-07 09:49:43.835 INFO  [scheduling-1] MarketHistoryBackfillService requestId= userId= method= uri= status= durationMs= - Market history backfill completed: source=BINANCE, lookbackDays=365, symbolCount=1
2026-05-07 09:49:43.843 INFO  [scheduling-1] MarketHistoryMaintenanceService requestId= userId= method= uri= status= durationMs= - marketBackfillCompleted providerSource=BINANCE, symbol=AVAXUSDT, fetchedCount=365, savedCount=365
2026-05-07 09:49:43.843 INFO  [scheduling-1] MarketHistoryMaintenanceService requestId= userId= method= uri= status= durationMs= - Market backfill DB stats: providerSource=BINANCE, symbol=AVAXUSDT, count=365, minPriceDate=2025-05-08, maxPriceDate=2026-05-07, distinctPriceCount=316
2026-05-07 09:49:43.852 INFO  [scheduling-1] MarketHistoryMaintenanceService requestId= userId= method= uri= status= durationMs= - marketBackfillJobStarted providerSource=BINANCE, symbol=DOGEUSDT
2026-05-07 09:49:43.857 INFO  [scheduling-1] MarketHistoryBackfillService requestId= userId= method= uri= status= durationMs= - Market history backfill started: source=BINANCE, lookbackDays=365, symbolCount=1
2026-05-07 09:49:43.858 INFO  [scheduling-1] ProviderOrchestrationService requestId= userId= method= uri= status= durationMs= - Market provider orchestration started: providerCount=3, sourceFilter=BINANCE
2026-05-07 09:49:43.859 INFO  [scheduling-1] ProviderOrchestrationService requestId= userId= method= uri= status= durationMs= - Market provider refresh started: source=BINANCE
2026-05-07 09:49:43.862 INFO  [scheduling-1] BinanceMarketDataProvider requestId= userId= method= uri= status= durationMs= - Market provider registry resolved: providerSource=BINANCE, registryMappingCount=8, resolvedSymbols=[BTCUSDT, ETHUSDT, BNBUSDT, SOLUSDT, XRPUSDT, ADAUSDT, AVAXUSDT, DOGEUSDT], fallbackToYaml=true
2026-05-07 09:49:43.863 INFO  [scheduling-1] BinanceMarketDataProvider requestId= userId= method= uri= status= durationMs= - Binance history request started: symbol=DOGEUSDT, startDate=2025-05-08, endDate=2026-05-07
2026-05-07 09:49:43.864 INFO  [scheduling-1] BinanceClient requestId= userId= method= uri= status= durationMs= - Binance client kline request started: symbol=DOGEUSDT, startDate=2025-05-08, endDate=2026-05-07, limit=365, uri=https://api.binance.com/api/v3/klines?symbol=DOGEUSDT&interval=1d&limit=365&startTime=1746662400000&endTime=1778198399999
2026-05-07 09:49:43.962 DEBUG [http-nio-8080-exec-1] FilterChainProxy requestId=5dc0f8f8-1906-4090-a455-9bb518e545bc userId= method= uri= status= durationMs= - Securing GET /actuator/prometheus
2026-05-07 09:49:43.964 DEBUG [http-nio-8080-exec-1] AnonymousAuthenticationFilter requestId=5dc0f8f8-1906-4090-a455-9bb518e545bc userId= method= uri= status= durationMs= - Set SecurityContextHolder to anonymous SecurityContext
2026-05-07 09:49:43.965 DEBUG [http-nio-8080-exec-1] FilterChainProxy requestId=5dc0f8f8-1906-4090-a455-9bb518e545bc userId= method= uri= status= durationMs= - Secured GET /actuator/prometheus
2026-05-07 09:49:43.971 INFO  [http-nio-8080-exec-1] HttpRequestLoggingFilter requestId=5dc0f8f8-1906-4090-a455-9bb518e545bc userId= method=GET uri=/actuator/prometheus status=200 durationMs=10 - HTTP request completed
2026-05-07 09:49:44.175 INFO  [scheduling-1] BinanceClient requestId= userId= method= uri= status= durationMs= - Binance client kline request completed: symbol=DOGEUSDT, klineCount=365
2026-05-07 09:49:44.176 INFO  [scheduling-1] BinanceMarketDataProvider requestId= userId= method= uri= status= durationMs= - Binance history request completed: symbol=DOGEUSDT, startDate=2025-05-08, endDate=2026-05-07, historyRecordCount=365
2026-05-07 09:49:44.177 INFO  [scheduling-1] BinanceMarketDataProvider requestId= userId= method= uri= status= durationMs= - Binance provider fetch completed: requestedSymbolCount=1, quoteCount=0, historyRecordCount=365
2026-05-07 09:49:44.178 INFO  [scheduling-1] ProviderOrchestrationService requestId= userId= method= uri= status= durationMs=319 - Market provider refresh completed: source=BINANCE, quoteCount=0, historyRecordCount=365, durationMs=319
2026-05-07 09:49:44.178 INFO  [scheduling-1] ProviderOrchestrationService requestId= userId= method= uri= status= durationMs= - Market provider skipped by supports: providerSource=BIST, requestSource=BINANCE
2026-05-07 09:49:44.179 INFO  [scheduling-1] EvdsMarketDataProvider requestId= userId= method= uri= status= durationMs= - EVDS provider supports evaluated: supported=false, enabled=true, requestSource=BINANCE
2026-05-07 09:49:44.179 INFO  [scheduling-1] ProviderOrchestrationService requestId= userId= method= uri= status= durationMs= - Market provider skipped by supports: providerSource=EVDS, requestSource=BINANCE
2026-05-07 09:49:44.180 INFO  [scheduling-1] MarketHistoryService requestId= userId= method= uri= status= durationMs= - Market history persistence candidates: source=BINANCE, receivedCount=365, validatedCount=365, candidateCount=365
2026-05-07 09:49:44.184 INFO  [scheduling-1] MarketHistoryService requestId= userId= method= uri= status= durationMs= - Market history persistence pre-insert: source=BINANCE, candidateCount=365, insertableCount=365
2026-05-07 09:49:44.278 INFO  [scheduling-1] MarketHistoryService requestId= userId= method= uri= status= durationMs= - Market history cache cleared manually: cacheName=market_history
2026-05-07 09:49:44.279 INFO  [scheduling-1] MarketHistoryService requestId= userId= method= uri= status= durationMs= - Market history persistence completed: source=BINANCE, received=365, saved=365, skippedDuplicate=0
2026-05-07 09:49:44.279 INFO  [scheduling-1] MarketHistoryBackfillService requestId= userId= method= uri= status= durationMs= - Market history backfill completed: source=BINANCE, lookbackDays=365, symbolCount=1
2026-05-07 09:49:44.285 INFO  [scheduling-1] MarketHistoryMaintenanceService requestId= userId= method= uri= status= durationMs= - marketBackfillCompleted providerSource=BINANCE, symbol=DOGEUSDT, fetchedCount=365, savedCount=365
2026-05-07 09:49:44.286 INFO  [scheduling-1] MarketHistoryMaintenanceService requestId= userId= method= uri= status= durationMs= - Market backfill DB stats: providerSource=BINANCE, symbol=DOGEUSDT, count=365, minPriceDate=2025-05-08, maxPriceDate=2026-05-07, distinctPriceCount=360
2026-05-07 09:49:44.296 INFO  [scheduling-1] MarketHistoryMaintenanceService requestId= userId= method= uri= status= durationMs= - marketBackfillJobStarted providerSource=BIST, symbol=THYAO
2026-05-07 09:49:44.301 INFO  [scheduling-1] MarketHistoryBackfillService requestId= userId= method= uri= status= durationMs= - Market history backfill started: source=BIST, lookbackDays=365, symbolCount=1
2026-05-07 09:49:44.302 INFO  [scheduling-1] ProviderOrchestrationService requestId= userId= method= uri= status= durationMs= - Market provider orchestration started: providerCount=3, sourceFilter=BIST
2026-05-07 09:49:44.302 INFO  [scheduling-1] ProviderOrchestrationService requestId= userId= method= uri= status= durationMs= - Market provider skipped by supports: providerSource=BINANCE, requestSource=BIST
2026-05-07 09:49:44.303 INFO  [scheduling-1] ProviderOrchestrationService requestId= userId= method= uri= status= durationMs= - Market provider refresh started: source=BIST
2026-05-07 09:49:44.307 INFO  [scheduling-1] BistMarketDataProvider requestId= userId= method= uri= status= durationMs= - Market provider registry resolved: providerSource=BIST, registryMappingCount=30, resolvedSymbols=[THYAO.IS, ASELS.IS, GARAN.IS, AKBNK.IS, BIMAS.IS, KCHOL.IS, SAHOL.IS, EREGL.IS, TUPRS.IS, FROTO.IS, SISE.IS, PETKM.IS, PGSUS.IS, TTKOM.IS, KOZAL.IS, ISCTR.IS, YKBNK.IS, HALKB.IS, VAKBN.IS, TCELL.IS, ARCLK.IS, TOASO.IS, DOHOL.IS, ENKAI.IS, MGROS.IS, GUBRF.IS, HEKTS.IS, KRDMD.IS, SASA.IS, ULKER.IS], fallbackToYaml=true
2026-05-07 09:49:44.309 INFO  [scheduling-1] YahooClient requestId= userId= method= uri= status= durationMs= - BIST Yahoo history request started: symbol=THYAO.IS, startDate=2025-05-08, endDate=2026-05-07
2026-05-07 09:49:44.688 INFO  [scheduling-1] YahooClient requestId= userId= method= uri= status= durationMs= - BIST Yahoo history request completed: symbol=THYAO.IS, startDate=2025-05-08, endDate=2026-05-07, historyRecordCount=252
2026-05-07 09:49:44.689 INFO  [scheduling-1] BistMarketDataProvider requestId= userId= method= uri= status= durationMs= - BIST provider history fetch completed: requestedSymbolCount=1, historyRecordCount=252
2026-05-07 09:49:44.690 INFO  [scheduling-1] ProviderOrchestrationService requestId= userId= method= uri= status= durationMs=386 - Market provider refresh completed: source=BIST, quoteCount=0, historyRecordCount=252, durationMs=386
2026-05-07 09:49:44.690 INFO  [scheduling-1] EvdsMarketDataProvider requestId= userId= method= uri= status= durationMs= - EVDS provider supports evaluated: supported=false, enabled=true, requestSource=BIST
2026-05-07 09:49:44.691 INFO  [scheduling-1] ProviderOrchestrationService requestId= userId= method= uri= status= durationMs= - Market provider skipped by supports: providerSource=EVDS, requestSource=BIST
2026-05-07 09:49:44.692 INFO  [scheduling-1] MarketHistoryService requestId= userId= method= uri= status= durationMs= - Market history persistence candidates: source=BIST, receivedCount=252, validatedCount=252, candidateCount=252
2026-05-07 09:49:44.695 INFO  [scheduling-1] MarketHistoryService requestId= userId= method= uri= status= durationMs= - Market history persistence pre-insert: source=BIST, candidateCount=252, insertableCount=250
2026-05-07 09:49:44.771 INFO  [scheduling-1] MarketHistoryService requestId= userId= method= uri= status= durationMs= - Market history cache cleared manually: cacheName=market_history
2026-05-07 09:49:44.772 INFO  [scheduling-1] MarketHistoryService requestId= userId= method= uri= status= durationMs= - Market history persistence completed: source=BIST, received=252, saved=250, skippedDuplicate=2
2026-05-07 09:49:44.773 INFO  [scheduling-1] MarketHistoryBackfillService requestId= userId= method= uri= status= durationMs= - Market history backfill completed: source=BIST, lookbackDays=365, symbolCount=1
2026-05-07 09:49:44.779 INFO  [scheduling-1] MarketHistoryMaintenanceService requestId= userId= method= uri= status= durationMs= - marketBackfillCompleted providerSource=BIST, symbol=THYAO, fetchedCount=252, savedCount=250
2026-05-07 09:49:44.779 INFO  [scheduling-1] MarketHistoryMaintenanceService requestId= userId= method= uri= status= durationMs= - Market backfill DB stats: providerSource=BIST, symbol=THYAO, count=252, minPriceDate=2025-05-08, maxPriceDate=2026-05-07, distinctPriceCount=157
2026-05-07 09:49:44.788 INFO  [scheduling-1] MarketHistoryMaintenanceService requestId= userId= method= uri= status= durationMs= - marketBackfillJobStarted providerSource=BIST, symbol=ASELS
2026-05-07 09:49:44.793 INFO  [scheduling-1] MarketHistoryBackfillService requestId= userId= method= uri= status= durationMs= - Market history backfill started: source=BIST, lookbackDays=365, symbolCount=1
2026-05-07 09:49:44.794 INFO  [scheduling-1] ProviderOrchestrationService requestId= userId= method= uri= status= durationMs= - Market provider orchestration started: providerCount=3, sourceFilter=BIST
2026-05-07 09:49:44.794 INFO  [scheduling-1] ProviderOrchestrationService requestId= userId= method= uri= status= durationMs= - Market provider skipped by supports: providerSource=BINANCE, requestSource=BIST
2026-05-07 09:49:44.795 INFO  [scheduling-1] ProviderOrchestrationService requestId= userId= method= uri= status= durationMs= - Market provider refresh started: source=BIST
2026-05-07 09:49:44.799 INFO  [scheduling-1] BistMarketDataProvider requestId= userId= method= uri= status= durationMs= - Market provider registry resolved: providerSource=BIST, registryMappingCount=30, resolvedSymbols=[THYAO.IS, ASELS.IS, GARAN.IS, AKBNK.IS, BIMAS.IS, KCHOL.IS, SAHOL.IS, EREGL.IS, TUPRS.IS, FROTO.IS, SISE.IS, PETKM.IS, PGSUS.IS, TTKOM.IS, KOZAL.IS, ISCTR.IS, YKBNK.IS, HALKB.IS, VAKBN.IS, TCELL.IS, ARCLK.IS, TOASO.IS, DOHOL.IS, ENKAI.IS, MGROS.IS, GUBRF.IS, HEKTS.IS, KRDMD.IS, SASA.IS, ULKER.IS], fallbackToYaml=true
2026-05-07 09:49:44.800 INFO  [scheduling-1] YahooClient requestId= userId= method= uri= status= durationMs= - BIST Yahoo history request started: symbol=ASELS.IS, startDate=2025-05-08, endDate=2026-05-07
2026-05-07 09:49:44.926 INFO  [scheduling-1] YahooClient requestId= userId= method= uri= status= durationMs= - BIST Yahoo history request completed: symbol=ASELS.IS, startDate=2025-05-08, endDate=2026-05-07, historyRecordCount=252
2026-05-07 09:49:44.927 INFO  [scheduling-1] BistMarketDataProvider requestId= userId= method= uri= status= durationMs= - BIST provider history fetch completed: requestedSymbolCount=1, historyRecordCount=252
2026-05-07 09:49:44.928 INFO  [scheduling-1] ProviderOrchestrationService requestId= userId= method= uri= status= durationMs=132 - Market provider refresh completed: source=BIST, quoteCount=0, historyRecordCount=252, durationMs=132
2026-05-07 09:49:44.928 INFO  [scheduling-1] EvdsMarketDataProvider requestId= userId= method= uri= status= durationMs= - EVDS provider supports evaluated: supported=false, enabled=true, requestSource=BIST
2026-05-07 09:49:44.929 INFO  [scheduling-1] ProviderOrchestrationService requestId= userId= method= uri= status= durationMs= - Market provider skipped by supports: providerSource=EVDS, requestSource=BIST
2026-05-07 09:49:44.930 INFO  [scheduling-1] MarketHistoryService requestId= userId= method= uri= status= durationMs= - Market history persistence candidates: source=BIST, receivedCount=252, validatedCount=252, candidateCount=252
2026-05-07 09:49:44.932 INFO  [scheduling-1] MarketHistoryService requestId= userId= method= uri= status= durationMs= - Market history persistence pre-insert: source=BIST, candidateCount=252, insertableCount=250
2026-05-07 09:49:44.999 INFO  [scheduling-1] MarketHistoryService requestId= userId= method= uri= status= durationMs= - Market history cache cleared manually: cacheName=market_history
2026-05-07 09:49:45.000 INFO  [scheduling-1] MarketHistoryService requestId= userId= method= uri= status= durationMs= - Market history persistence completed: source=BIST, received=252, saved=250, skippedDuplicate=2
2026-05-07 09:49:45.001 INFO  [scheduling-1] MarketHistoryBackfillService requestId= userId= method= uri= status= durationMs= - Market history backfill completed: source=BIST, lookbackDays=365, symbolCount=1
2026-05-07 09:49:45.006 INFO  [scheduling-1] MarketHistoryMaintenanceService requestId= userId= method= uri= status= durationMs= - marketBackfillCompleted providerSource=BIST, symbol=ASELS, fetchedCount=252, savedCount=250
2026-05-07 09:49:45.007 INFO  [scheduling-1] MarketHistoryMaintenanceService requestId= userId= method= uri= status= durationMs= - Market backfill DB stats: providerSource=BIST, symbol=ASELS, count=252, minPriceDate=2025-05-08, maxPriceDate=2026-05-07, distinctPriceCount=227
2026-05-07 09:49:45.016 INFO  [scheduling-1] MarketHistoryMaintenanceService requestId= userId= method= uri= status= durationMs= - marketBackfillJobStarted providerSource=BIST, symbol=GARAN
2026-05-07 09:49:45.021 INFO  [scheduling-1] MarketHistoryBackfillService requestId= userId= method= uri= status= durationMs= - Market history backfill started: source=BIST, lookbackDays=365, symbolCount=1
2026-05-07 09:49:45.022 INFO  [scheduling-1] ProviderOrchestrationService requestId= userId= method= uri= status= durationMs= - Market provider orchestration started: providerCount=3, sourceFilter=BIST
2026-05-07 09:49:45.023 INFO  [scheduling-1] ProviderOrchestrationService requestId= userId= method= uri= status= durationMs= - Market provider skipped by supports: providerSource=BINANCE, requestSource=BIST
2026-05-07 09:49:45.024 INFO  [scheduling-1] ProviderOrchestrationService requestId= userId= method= uri= status= durationMs= - Market provider refresh started: source=BIST
2026-05-07 09:49:45.028 INFO  [scheduling-1] BistMarketDataProvider requestId= userId= method= uri= status= durationMs= - Market provider registry resolved: providerSource=BIST, registryMappingCount=30, resolvedSymbols=[THYAO.IS, ASELS.IS, GARAN.IS, AKBNK.IS, BIMAS.IS, KCHOL.IS, SAHOL.IS, EREGL.IS, TUPRS.IS, FROTO.IS, SISE.IS, PETKM.IS, PGSUS.IS, TTKOM.IS, KOZAL.IS, ISCTR.IS, YKBNK.IS, HALKB.IS, VAKBN.IS, TCELL.IS, ARCLK.IS, TOASO.IS, DOHOL.IS, ENKAI.IS, MGROS.IS, GUBRF.IS, HEKTS.IS, KRDMD.IS, SASA.IS, ULKER.IS], fallbackToYaml=true
2026-05-07 09:49:45.029 INFO  [scheduling-1] YahooClient requestId= userId= method= uri= status= durationMs= - BIST Yahoo history request started: symbol=GARAN.IS, startDate=2025-05-08, endDate=2026-05-07
2026-05-07 09:49:45.172 INFO  [scheduling-1] YahooClient requestId= userId= method= uri= status= durationMs= - BIST Yahoo history request completed: symbol=GARAN.IS, startDate=2025-05-08, endDate=2026-05-07, historyRecordCount=252
2026-05-07 09:49:45.173 INFO  [scheduling-1] BistMarketDataProvider requestId= userId= method= uri= status= durationMs= - BIST provider history fetch completed: requestedSymbolCount=1, historyRecordCount=252
2026-05-07 09:49:45.174 INFO  [scheduling-1] ProviderOrchestrationService requestId= userId= method= uri= status= durationMs=150 - Market provider refresh completed: source=BIST, quoteCount=0, historyRecordCount=252, durationMs=150
2026-05-07 09:49:45.175 INFO  [scheduling-1] EvdsMarketDataProvider requestId= userId= method= uri= status= durationMs= - EVDS provider supports evaluated: supported=false, enabled=true, requestSource=BIST
2026-05-07 09:49:45.175 INFO  [scheduling-1] ProviderOrchestrationService requestId= userId= method= uri= status= durationMs= - Market provider skipped by supports: providerSource=EVDS, requestSource=BIST
2026-05-07 09:49:45.176 INFO  [scheduling-1] MarketHistoryService requestId= userId= method= uri= status= durationMs= - Market history persistence candidates: source=BIST, receivedCount=252, validatedCount=252, candidateCount=252
2026-05-07 09:49:45.182 INFO  [scheduling-1] MarketHistoryService requestId= userId= method= uri= status= durationMs= - Market history persistence pre-insert: source=BIST, candidateCount=252, insertableCount=250
2026-05-07 09:49:45.288 INFO  [scheduling-1] MarketHistoryService requestId= userId= method= uri= status= durationMs= - Market history cache cleared manually: cacheName=market_history
2026-05-07 09:49:45.289 INFO  [scheduling-1] MarketHistoryService requestId= userId= method= uri= status= durationMs= - Market history persistence completed: source=BIST, received=252, saved=250, skippedDuplicate=2
2026-05-07 09:49:45.290 INFO  [scheduling-1] MarketHistoryBackfillService requestId= userId= method= uri= status= durationMs= - Market history backfill completed: source=BIST, lookbackDays=365, symbolCount=1
2026-05-07 09:49:45.296 INFO  [scheduling-1] MarketHistoryMaintenanceService requestId= userId= method= uri= status= durationMs= - marketBackfillCompleted providerSource=BIST, symbol=GARAN, fetchedCount=252, savedCount=250
2026-05-07 09:49:45.297 INFO  [scheduling-1] MarketHistoryMaintenanceService requestId= userId= method= uri= status= durationMs= - Market backfill DB stats: providerSource=BIST, symbol=GARAN, count=252, minPriceDate=2025-05-08, maxPriceDate=2026-05-07, distinctPriceCount=186
2026-05-07 09:49:45.304 INFO  [scheduling-1] MarketHistoryMaintenanceService requestId= userId= method= uri= status= durationMs= - marketBackfillJobStarted providerSource=BIST, symbol=AKBNK
2026-05-07 09:49:45.309 INFO  [scheduling-1] MarketHistoryBackfillService requestId= userId= method= uri= status= durationMs= - Market history backfill started: source=BIST, lookbackDays=365, symbolCount=1
2026-05-07 09:49:45.309 INFO  [scheduling-1] ProviderOrchestrationService requestId= userId= method= uri= status= durationMs= - Market provider orchestration started: providerCount=3, sourceFilter=BIST
2026-05-07 09:49:45.310 INFO  [scheduling-1] ProviderOrchestrationService requestId= userId= method= uri= status= durationMs= - Market provider skipped by supports: providerSource=BINANCE, requestSource=BIST
2026-05-07 09:49:45.311 INFO  [scheduling-1] ProviderOrchestrationService requestId= userId= method= uri= status= durationMs= - Market provider refresh started: source=BIST
2026-05-07 09:49:45.314 INFO  [scheduling-1] BistMarketDataProvider requestId= userId= method= uri= status= durationMs= - Market provider registry resolved: providerSource=BIST, registryMappingCount=30, resolvedSymbols=[THYAO.IS, ASELS.IS, GARAN.IS, AKBNK.IS, BIMAS.IS, KCHOL.IS, SAHOL.IS, EREGL.IS, TUPRS.IS, FROTO.IS, SISE.IS, PETKM.IS, PGSUS.IS, TTKOM.IS, KOZAL.IS, ISCTR.IS, YKBNK.IS, HALKB.IS, VAKBN.IS, TCELL.IS, ARCLK.IS, TOASO.IS, DOHOL.IS, ENKAI.IS, MGROS.IS, GUBRF.IS, HEKTS.IS, KRDMD.IS, SASA.IS, ULKER.IS], fallbackToYaml=true
2026-05-07 09:49:45.315 INFO  [scheduling-1] YahooClient requestId= userId= method= uri= status= durationMs= - BIST Yahoo history request started: symbol=AKBNK.IS, startDate=2025-05-08, endDate=2026-05-07
2026-05-07 09:49:45.445 INFO  [scheduling-1] YahooClient requestId= userId= method= uri= status= durationMs= - BIST Yahoo history request completed: symbol=AKBNK.IS, startDate=2025-05-08, endDate=2026-05-07, historyRecordCount=252
2026-05-07 09:49:45.446 INFO  [scheduling-1] BistMarketDataProvider requestId= userId= method= uri= status= durationMs= - BIST provider history fetch completed: requestedSymbolCount=1, historyRecordCount=252
2026-05-07 09:49:45.447 INFO  [scheduling-1] ProviderOrchestrationService requestId= userId= method= uri= status= durationMs=136 - Market provider refresh completed: source=BIST, quoteCount=0, historyRecordCount=252, durationMs=136
2026-05-07 09:49:45.448 INFO  [scheduling-1] EvdsMarketDataProvider requestId= userId= method= uri= status= durationMs= - EVDS provider supports evaluated: supported=false, enabled=true, requestSource=BIST
2026-05-07 09:49:45.449 INFO  [scheduling-1] ProviderOrchestrationService requestId= userId= method= uri= status= durationMs= - Market provider skipped by supports: providerSource=EVDS, requestSource=BIST
2026-05-07 09:49:45.449 INFO  [scheduling-1] MarketHistoryService requestId= userId= method= uri= status= durationMs= - Market history persistence candidates: source=BIST, receivedCount=252, validatedCount=252, candidateCount=252
2026-05-07 09:49:45.453 INFO  [scheduling-1] MarketHistoryService requestId= userId= method= uri= status= durationMs= - Market history persistence pre-insert: source=BIST, candidateCount=252, insertableCount=250
2026-05-07 09:49:45.510 INFO  [scheduling-1] MarketHistoryService requestId= userId= method= uri= status= durationMs= - Market history cache cleared manually: cacheName=market_history
2026-05-07 09:49:45.511 INFO  [scheduling-1] MarketHistoryService requestId= userId= method= uri= status= durationMs= - Market history persistence completed: source=BIST, received=252, saved=250, skippedDuplicate=2
2026-05-07 09:49:45.512 INFO  [scheduling-1] MarketHistoryBackfillService requestId= userId= method= uri= status= durationMs= - Market history backfill completed: source=BIST, lookbackDays=365, symbolCount=1
2026-05-07 09:49:45.517 INFO  [scheduling-1] MarketHistoryMaintenanceService requestId= userId= method= uri= status= durationMs= - marketBackfillCompleted providerSource=BIST, symbol=AKBNK, fetchedCount=252, savedCount=250
2026-05-07 09:49:45.517 INFO  [scheduling-1] MarketHistoryMaintenanceService requestId= userId= method= uri= status= durationMs= - Market backfill DB stats: providerSource=BIST, symbol=AKBNK, count=252, minPriceDate=2025-05-08, maxPriceDate=2026-05-07, distinctPriceCount=201
2026-05-07 09:49:45.526 INFO  [scheduling-1] MarketHistoryMaintenanceService requestId= userId= method= uri= status= durationMs= - marketBackfillJobStarted providerSource=BIST, symbol=BIMAS
2026-05-07 09:49:45.531 INFO  [scheduling-1] MarketHistoryBackfillService requestId= userId= method= uri= status= durationMs= - Market history backfill started: source=BIST, lookbackDays=365, symbolCount=1
2026-05-07 09:49:45.532 INFO  [scheduling-1] ProviderOrchestrationService requestId= userId= method= uri= status= durationMs= - Market provider orchestration started: providerCount=3, sourceFilter=BIST
2026-05-07 09:49:45.532 INFO  [scheduling-1] ProviderOrchestrationService requestId= userId= method= uri= status= durationMs= - Market provider skipped by supports: providerSource=BINANCE, requestSource=BIST
2026-05-07 09:49:45.533 INFO  [scheduling-1] ProviderOrchestrationService requestId= userId= method= uri= status= durationMs= - Market provider refresh started: source=BIST
2026-05-07 09:49:45.536 INFO  [scheduling-1] BistMarketDataProvider requestId= userId= method= uri= status= durationMs= - Market provider registry resolved: providerSource=BIST, registryMappingCount=30, resolvedSymbols=[THYAO.IS, ASELS.IS, GARAN.IS, AKBNK.IS, BIMAS.IS, KCHOL.IS, SAHOL.IS, EREGL.IS, TUPRS.IS, FROTO.IS, SISE.IS, PETKM.IS, PGSUS.IS, TTKOM.IS, KOZAL.IS, ISCTR.IS, YKBNK.IS, HALKB.IS, VAKBN.IS, TCELL.IS, ARCLK.IS, TOASO.IS, DOHOL.IS, ENKAI.IS, MGROS.IS, GUBRF.IS, HEKTS.IS, KRDMD.IS, SASA.IS, ULKER.IS], fallbackToYaml=true
2026-05-07 09:49:45.537 INFO  [scheduling-1] YahooClient requestId= userId= method= uri= status= durationMs= - BIST Yahoo history request started: symbol=BIMAS.IS, startDate=2025-05-08, endDate=2026-05-07
2026-05-07 09:49:45.650 INFO  [scheduling-1] YahooClient requestId= userId= method= uri= status= durationMs= - BIST Yahoo history request completed: symbol=BIMAS.IS, startDate=2025-05-08, endDate=2026-05-07, historyRecordCount=252
2026-05-07 09:49:45.651 INFO  [scheduling-1] BistMarketDataProvider requestId= userId= method= uri= status= durationMs= - BIST provider history fetch completed: requestedSymbolCount=1, historyRecordCount=252
2026-05-07 09:49:45.652 INFO  [scheduling-1] ProviderOrchestrationService requestId= userId= method= uri= status= durationMs=118 - Market provider refresh completed: source=BIST, quoteCount=0, historyRecordCount=252, durationMs=118
2026-05-07 09:49:45.653 INFO  [scheduling-1] EvdsMarketDataProvider requestId= userId= method= uri= status= durationMs= - EVDS provider supports evaluated: supported=false, enabled=true, requestSource=BIST
2026-05-07 09:49:45.653 INFO  [scheduling-1] ProviderOrchestrationService requestId= userId= method= uri= status= durationMs= - Market provider skipped by supports: providerSource=EVDS, requestSource=BIST
2026-05-07 09:49:45.654 INFO  [scheduling-1] MarketHistoryService requestId= userId= method= uri= status= durationMs= - Market history persistence candidates: source=BIST, receivedCount=252, validatedCount=252, candidateCount=252
2026-05-07 09:49:45.657 INFO  [scheduling-1] MarketHistoryService requestId= userId= method= uri= status= durationMs= - Market history persistence pre-insert: source=BIST, candidateCount=252, insertableCount=250
2026-05-07 09:49:45.716 INFO  [scheduling-1] MarketHistoryService requestId= userId= method= uri= status= durationMs= - Market history cache cleared manually: cacheName=market_history
2026-05-07 09:49:45.717 INFO  [scheduling-1] MarketHistoryService requestId= userId= method= uri= status= durationMs= - Market history persistence completed: source=BIST, received=252, saved=250, skippedDuplicate=2
2026-05-07 09:49:45.718 INFO  [scheduling-1] MarketHistoryBackfillService requestId= userId= method= uri= status= durationMs= - Market history backfill completed: source=BIST, lookbackDays=365, symbolCount=1
2026-05-07 09:49:45.722 INFO  [scheduling-1] MarketHistoryMaintenanceService requestId= userId= method= uri= status= durationMs= - marketBackfillCompleted providerSource=BIST, symbol=BIMAS, fetchedCount=252, savedCount=250
2026-05-07 09:49:45.723 INFO  [scheduling-1] MarketHistoryMaintenanceService requestId= userId= method= uri= status= durationMs= - Market backfill DB stats: providerSource=BIST, symbol=BIMAS, count=252, minPriceDate=2025-05-08, maxPriceDate=2026-05-07, distinctPriceCount=191
2026-05-07 09:49:45.731 INFO  [scheduling-1] MarketHistoryMaintenanceService requestId= userId= method= uri= status= durationMs= - marketBackfillJobStarted providerSource=BIST, symbol=KCHOL
2026-05-07 09:49:45.736 INFO  [scheduling-1] MarketHistoryBackfillService requestId= userId= method= uri= status= durationMs= - Market history backfill started: source=BIST, lookbackDays=365, symbolCount=1
2026-05-07 09:49:45.737 INFO  [scheduling-1] ProviderOrchestrationService requestId= userId= method= uri= status= durationMs= - Market provider orchestration started: providerCount=3, sourceFilter=BIST
2026-05-07 09:49:45.737 INFO  [scheduling-1] ProviderOrchestrationService requestId= userId= method= uri= status= durationMs= - Market provider skipped by supports: providerSource=BINANCE, requestSource=BIST
2026-05-07 09:49:45.738 INFO  [scheduling-1] ProviderOrchestrationService requestId= userId= method= uri= status= durationMs= - Market provider refresh started: source=BIST
2026-05-07 09:49:45.742 INFO  [scheduling-1] BistMarketDataProvider requestId= userId= method= uri= status= durationMs= - Market provider registry resolved: providerSource=BIST, registryMappingCount=30, resolvedSymbols=[THYAO.IS, ASELS.IS, GARAN.IS, AKBNK.IS, BIMAS.IS, KCHOL.IS, SAHOL.IS, EREGL.IS, TUPRS.IS, FROTO.IS, SISE.IS, PETKM.IS, PGSUS.IS, TTKOM.IS, KOZAL.IS, ISCTR.IS, YKBNK.IS, HALKB.IS, VAKBN.IS, TCELL.IS, ARCLK.IS, TOASO.IS, DOHOL.IS, ENKAI.IS, MGROS.IS, GUBRF.IS, HEKTS.IS, KRDMD.IS, SASA.IS, ULKER.IS], fallbackToYaml=true
2026-05-07 09:49:45.743 INFO  [scheduling-1] YahooClient requestId= userId= method= uri= status= durationMs= - BIST Yahoo history request started: symbol=KCHOL.IS, startDate=2025-05-08, endDate=2026-05-07
2026-05-07 09:49:45.866 INFO  [scheduling-1] YahooClient requestId= userId= method= uri= status= durationMs= - BIST Yahoo history request completed: symbol=KCHOL.IS, startDate=2025-05-08, endDate=2026-05-07, historyRecordCount=252
2026-05-07 09:49:45.867 INFO  [scheduling-1] BistMarketDataProvider requestId= userId= method= uri= status= durationMs= - BIST provider history fetch completed: requestedSymbolCount=1, historyRecordCount=252
2026-05-07 09:49:45.868 INFO  [scheduling-1] ProviderOrchestrationService requestId= userId= method= uri= status= durationMs=130 - Market provider refresh completed: source=BIST, quoteCount=0, historyRecordCount=252, durationMs=130
2026-05-07 09:49:45.869 INFO  [scheduling-1] EvdsMarketDataProvider requestId= userId= method= uri= status= durationMs= - EVDS provider supports evaluated: supported=false, enabled=true, requestSource=BIST
2026-05-07 09:49:45.869 INFO  [scheduling-1] ProviderOrchestrationService requestId= userId= method= uri= status= durationMs= - Market provider skipped by supports: providerSource=EVDS, requestSource=BIST
2026-05-07 09:49:45.870 INFO  [scheduling-1] MarketHistoryService requestId= userId= method= uri= status= durationMs= - Market history persistence candidates: source=BIST, receivedCount=252, validatedCount=252, candidateCount=252
2026-05-07 09:49:45.873 INFO  [scheduling-1] MarketHistoryService requestId= userId= method= uri= status= durationMs= - Market history persistence pre-insert: source=BIST, candidateCount=252, insertableCount=250
2026-05-07 09:49:45.934 INFO  [scheduling-1] MarketHistoryService requestId= userId= method= uri= status= durationMs= - Market history cache cleared manually: cacheName=market_history
2026-05-07 09:49:45.935 INFO  [scheduling-1] MarketHistoryService requestId= userId= method= uri= status= durationMs= - Market history persistence completed: source=BIST, received=252, saved=250, skippedDuplicate=2
2026-05-07 09:49:45.936 INFO  [scheduling-1] MarketHistoryBackfillService requestId= userId= method= uri= status= durationMs= - Market history backfill completed: source=BIST, lookbackDays=365, symbolCount=1
2026-05-07 09:49:45.940 INFO  [scheduling-1] MarketHistoryMaintenanceService requestId= userId= method= uri= status= durationMs= - marketBackfillCompleted providerSource=BIST, symbol=KCHOL, fetchedCount=252, savedCount=250
2026-05-07 09:49:45.941 INFO  [scheduling-1] MarketHistoryMaintenanceService requestId= userId= method= uri= status= durationMs= - Market backfill DB stats: providerSource=BIST, symbol=KCHOL, count=252, minPriceDate=2025-05-08, maxPriceDate=2026-05-07, distinctPriceCount=205
2026-05-07 09:49:45.950 INFO  [scheduling-1] MarketHistoryMaintenanceService requestId= userId= method= uri= status= durationMs= - marketBackfillJobStarted providerSource=BIST, symbol=SAHOL
2026-05-07 09:49:45.954 INFO  [scheduling-1] MarketHistoryBackfillService requestId= userId= method= uri= status= durationMs= - Market history backfill started: source=BIST, lookbackDays=365, symbolCount=1
2026-05-07 09:49:45.954 INFO  [scheduling-1] ProviderOrchestrationService requestId= userId= method= uri= status= durationMs= - Market provider orchestration started: providerCount=3, sourceFilter=BIST
2026-05-07 09:49:45.955 INFO  [scheduling-1] ProviderOrchestrationService requestId= userId= method= uri= status= durationMs= - Market provider skipped by supports: providerSource=BINANCE, requestSource=BIST
2026-05-07 09:49:45.956 INFO  [scheduling-1] ProviderOrchestrationService requestId= userId= method= uri= status= durationMs= - Market provider refresh started: source=BIST
2026-05-07 09:49:45.959 INFO  [scheduling-1] BistMarketDataProvider requestId= userId= method= uri= status= durationMs= - Market provider registry resolved: providerSource=BIST, registryMappingCount=30, resolvedSymbols=[THYAO.IS, ASELS.IS, GARAN.IS, AKBNK.IS, BIMAS.IS, KCHOL.IS, SAHOL.IS, EREGL.IS, TUPRS.IS, FROTO.IS, SISE.IS, PETKM.IS, PGSUS.IS, TTKOM.IS, KOZAL.IS, ISCTR.IS, YKBNK.IS, HALKB.IS, VAKBN.IS, TCELL.IS, ARCLK.IS, TOASO.IS, DOHOL.IS, ENKAI.IS, MGROS.IS, GUBRF.IS, HEKTS.IS, KRDMD.IS, SASA.IS, ULKER.IS], fallbackToYaml=true
2026-05-07 09:49:45.960 INFO  [scheduling-1] YahooClient requestId= userId= method= uri= status= durationMs= - BIST Yahoo history request started: symbol=SAHOL.IS, startDate=2025-05-08, endDate=2026-05-07
2026-05-07 09:49:46.087 INFO  [scheduling-1] YahooClient requestId= userId= method= uri= status= durationMs= - BIST Yahoo history request completed: symbol=SAHOL.IS, startDate=2025-05-08, endDate=2026-05-07, historyRecordCount=252
2026-05-07 09:49:46.088 INFO  [scheduling-1] BistMarketDataProvider requestId= userId= method= uri= status= durationMs= - BIST provider history fetch completed: requestedSymbolCount=1, historyRecordCount=252
2026-05-07 09:49:46.089 INFO  [scheduling-1] ProviderOrchestrationService requestId= userId= method= uri= status= durationMs=132 - Market provider refresh completed: source=BIST, quoteCount=0, historyRecordCount=252, durationMs=132
2026-05-07 09:49:46.089 INFO  [scheduling-1] EvdsMarketDataProvider requestId= userId= method= uri= status= durationMs= - EVDS provider supports evaluated: supported=false, enabled=true, requestSource=BIST
2026-05-07 09:49:46.089 INFO  [scheduling-1] ProviderOrchestrationService requestId= userId= method= uri= status= durationMs= - Market provider skipped by supports: providerSource=EVDS, requestSource=BIST
2026-05-07 09:49:46.090 INFO  [scheduling-1] MarketHistoryService requestId= userId= method= uri= status= durationMs= - Market history persistence candidates: source=BIST, receivedCount=252, validatedCount=252, candidateCount=252
2026-05-07 09:49:46.093 INFO  [scheduling-1] MarketHistoryService requestId= userId= method= uri= status= durationMs= - Market history persistence pre-insert: source=BIST, candidateCount=252, insertableCount=250
2026-05-07 09:49:46.159 INFO  [scheduling-1] MarketHistoryService requestId= userId= method= uri= status= durationMs= - Market history cache cleared manually: cacheName=market_history
2026-05-07 09:49:46.160 INFO  [scheduling-1] MarketHistoryService requestId= userId= method= uri= status= durationMs= - Market history persistence completed: source=BIST, received=252, saved=250, skippedDuplicate=2
2026-05-07 09:49:46.161 INFO  [scheduling-1] MarketHistoryBackfillService requestId= userId= method= uri= status= durationMs= - Market history backfill completed: source=BIST, lookbackDays=365, symbolCount=1
2026-05-07 09:49:46.166 INFO  [scheduling-1] MarketHistoryMaintenanceService requestId= userId= method= uri= status= durationMs= - marketBackfillCompleted providerSource=BIST, symbol=SAHOL, fetchedCount=252, savedCount=250
2026-05-07 09:49:46.167 INFO  [scheduling-1] MarketHistoryMaintenanceService requestId= userId= method= uri= status= durationMs= - Market backfill DB stats: providerSource=BIST, symbol=SAHOL, count=252, minPriceDate=2025-05-08, maxPriceDate=2026-05-07, distinctPriceCount=201
2026-05-07 09:49:46.174 INFO  [scheduling-1] MarketHistoryMaintenanceService requestId= userId= method= uri= status= durationMs= - marketBackfillJobStarted providerSource=BIST, symbol=EREGL
2026-05-07 09:49:46.178 INFO  [scheduling-1] MarketHistoryBackfillService requestId= userId= method= uri= status= durationMs= - Market history backfill started: source=BIST, lookbackDays=365, symbolCount=1
2026-05-07 09:49:46.179 INFO  [scheduling-1] ProviderOrchestrationService requestId= userId= method= uri= status= durationMs= - Market provider orchestration started: providerCount=3, sourceFilter=BIST
2026-05-07 09:49:46.180 INFO  [scheduling-1] ProviderOrchestrationService requestId= userId= method= uri= status= durationMs= - Market provider skipped by supports: providerSource=BINANCE, requestSource=BIST
2026-05-07 09:49:46.181 INFO  [scheduling-1] ProviderOrchestrationService requestId= userId= method= uri= status= durationMs= - Market provider refresh started: source=BIST
2026-05-07 09:49:46.184 INFO  [scheduling-1] BistMarketDataProvider requestId= userId= method= uri= status= durationMs= - Market provider registry resolved: providerSource=BIST, registryMappingCount=30, resolvedSymbols=[THYAO.IS, ASELS.IS, GARAN.IS, AKBNK.IS, BIMAS.IS, KCHOL.IS, SAHOL.IS, EREGL.IS, TUPRS.IS, FROTO.IS, SISE.IS, PETKM.IS, PGSUS.IS, TTKOM.IS, KOZAL.IS, ISCTR.IS, YKBNK.IS, HALKB.IS, VAKBN.IS, TCELL.IS, ARCLK.IS, TOASO.IS, DOHOL.IS, ENKAI.IS, MGROS.IS, GUBRF.IS, HEKTS.IS, KRDMD.IS, SASA.IS, ULKER.IS], fallbackToYaml=true
2026-05-07 09:49:46.185 INFO  [scheduling-1] YahooClient requestId= userId= method= uri= status= durationMs= - BIST Yahoo history request started: symbol=EREGL.IS, startDate=2025-05-08, endDate=2026-05-07
2026-05-07 09:49:46.316 INFO  [scheduling-1] YahooClient requestId= userId= method= uri= status= durationMs= - BIST Yahoo history request completed: symbol=EREGL.IS, startDate=2025-05-08, endDate=2026-05-07, historyRecordCount=252
2026-05-07 09:49:46.317 INFO  [scheduling-1] BistMarketDataProvider requestId= userId= method= uri= status= durationMs= - BIST provider history fetch completed: requestedSymbolCount=1, historyRecordCount=252
2026-05-07 09:49:46.318 INFO  [scheduling-1] ProviderOrchestrationService requestId= userId= method= uri= status= durationMs=137 - Market provider refresh completed: source=BIST, quoteCount=0, historyRecordCount=252, durationMs=137
2026-05-07 09:49:46.319 INFO  [scheduling-1] EvdsMarketDataProvider requestId= userId= method= uri= status= durationMs= - EVDS provider supports evaluated: supported=false, enabled=true, requestSource=BIST
2026-05-07 09:49:46.320 INFO  [scheduling-1] ProviderOrchestrationService requestId= userId= method= uri= status= durationMs= - Market provider skipped by supports: providerSource=EVDS, requestSource=BIST
2026-05-07 09:49:46.321 INFO  [scheduling-1] MarketHistoryService requestId= userId= method= uri= status= durationMs= - Market history persistence candidates: source=BIST, receivedCount=252, validatedCount=252, candidateCount=252
2026-05-07 09:49:46.325 INFO  [scheduling-1] MarketHistoryService requestId= userId= method= uri= status= durationMs= - Market history persistence pre-insert: source=BIST, candidateCount=252, insertableCount=250
2026-05-07 09:49:46.476 INFO  [scheduling-1] MarketHistoryService requestId= userId= method= uri= status= durationMs= - Market history cache cleared manually: cacheName=market_history
2026-05-07 09:49:46.476 INFO  [scheduling-1] MarketHistoryService requestId= userId= method= uri= status= durationMs= - Market history persistence completed: source=BIST, received=252, saved=250, skippedDuplicate=2
2026-05-07 09:49:46.477 INFO  [scheduling-1] MarketHistoryBackfillService requestId= userId= method= uri= status= durationMs= - Market history backfill completed: source=BIST, lookbackDays=365, symbolCount=1
2026-05-07 09:49:46.484 INFO  [scheduling-1] MarketHistoryMaintenanceService requestId= userId= method= uri= status= durationMs= - marketBackfillCompleted providerSource=BIST, symbol=EREGL, fetchedCount=252, savedCount=250
2026-05-07 09:49:46.485 INFO  [scheduling-1] MarketHistoryMaintenanceService requestId= userId= method= uri= status= durationMs= - Market backfill DB stats: providerSource=BIST, symbol=EREGL, count=252, minPriceDate=2025-05-08, maxPriceDate=2026-05-07, distinctPriceCount=190
2026-05-07 09:49:46.494 INFO  [scheduling-1] MarketHistoryMaintenanceService requestId= userId= method= uri= status= durationMs= - marketBackfillJobStarted providerSource=BIST, symbol=TUPRS
2026-05-07 09:49:46.498 INFO  [scheduling-1] MarketHistoryBackfillService requestId= userId= method= uri= status= durationMs= - Market history backfill started: source=BIST, lookbackDays=365, symbolCount=1
2026-05-07 09:49:46.499 INFO  [scheduling-1] ProviderOrchestrationService requestId= userId= method= uri= status= durationMs= - Market provider orchestration started: providerCount=3, sourceFilter=BIST
2026-05-07 09:49:46.500 INFO  [scheduling-1] ProviderOrchestrationService requestId= userId= method= uri= status= durationMs= - Market provider skipped by supports: providerSource=BINANCE, requestSource=BIST
2026-05-07 09:49:46.500 INFO  [scheduling-1] ProviderOrchestrationService requestId= userId= method= uri= status= durationMs= - Market provider refresh started: source=BIST
2026-05-07 09:49:46.504 INFO  [scheduling-1] BistMarketDataProvider requestId= userId= method= uri= status= durationMs= - Market provider registry resolved: providerSource=BIST, registryMappingCount=30, resolvedSymbols=[THYAO.IS, ASELS.IS, GARAN.IS, AKBNK.IS, BIMAS.IS, KCHOL.IS, SAHOL.IS, EREGL.IS, TUPRS.IS, FROTO.IS, SISE.IS, PETKM.IS, PGSUS.IS, TTKOM.IS, KOZAL.IS, ISCTR.IS, YKBNK.IS, HALKB.IS, VAKBN.IS, TCELL.IS, ARCLK.IS, TOASO.IS, DOHOL.IS, ENKAI.IS, MGROS.IS, GUBRF.IS, HEKTS.IS, KRDMD.IS, SASA.IS, ULKER.IS], fallbackToYaml=true
2026-05-07 09:49:46.505 INFO  [scheduling-1] YahooClient requestId= userId= method= uri= status= durationMs= - BIST Yahoo history request started: symbol=TUPRS.IS, startDate=2025-05-08, endDate=2026-05-07
2026-05-07 09:49:46.652 INFO  [scheduling-1] YahooClient requestId= userId= method= uri= status= durationMs= - BIST Yahoo history request completed: symbol=TUPRS.IS, startDate=2025-05-08, endDate=2026-05-07, historyRecordCount=252
2026-05-07 09:49:46.653 INFO  [scheduling-1] BistMarketDataProvider requestId= userId= method= uri= status= durationMs= - BIST provider history fetch completed: requestedSymbolCount=1, historyRecordCount=252
2026-05-07 09:49:46.654 INFO  [scheduling-1] ProviderOrchestrationService requestId= userId= method= uri= status= durationMs=153 - Market provider refresh completed: source=BIST, quoteCount=0, historyRecordCount=252, durationMs=153
2026-05-07 09:49:46.655 INFO  [scheduling-1] EvdsMarketDataProvider requestId= userId= method= uri= status= durationMs= - EVDS provider supports evaluated: supported=false, enabled=true, requestSource=BIST
2026-05-07 09:49:46.655 INFO  [scheduling-1] ProviderOrchestrationService requestId= userId= method= uri= status= durationMs= - Market provider skipped by supports: providerSource=EVDS, requestSource=BIST
2026-05-07 09:49:46.656 INFO  [scheduling-1] MarketHistoryService requestId= userId= method= uri= status= durationMs= - Market history persistence candidates: source=BIST, receivedCount=252, validatedCount=252, candidateCount=252
2026-05-07 09:49:46.663 INFO  [scheduling-1] MarketHistoryService requestId= userId= method= uri= status= durationMs= - Market history persistence pre-insert: source=BIST, candidateCount=252, insertableCount=250
2026-05-07 09:49:46.733 INFO  [scheduling-1] MarketHistoryService requestId= userId= method= uri= status= durationMs= - Market history cache cleared manually: cacheName=market_history
2026-05-07 09:49:46.734 INFO  [scheduling-1] MarketHistoryService requestId= userId= method= uri= status= durationMs= - Market history persistence completed: source=BIST, received=252, saved=250, skippedDuplicate=2
2026-05-07 09:49:46.742 INFO  [scheduling-1] MarketHistoryBackfillService requestId= userId= method= uri= status= durationMs= - Market history backfill completed: source=BIST, lookbackDays=365, symbolCount=1
2026-05-07 09:49:46.756 INFO  [scheduling-1] MarketHistoryMaintenanceService requestId= userId= method= uri= status= durationMs= - marketBackfillCompleted providerSource=BIST, symbol=TUPRS, fetchedCount=252, savedCount=250
2026-05-07 09:49:46.763 INFO  [scheduling-1] MarketHistoryMaintenanceService requestId= userId= method= uri= status= durationMs= - Market backfill DB stats: providerSource=BIST, symbol=TUPRS, count=252, minPriceDate=2025-05-08, maxPriceDate=2026-05-07, distinctPriceCount=222
2026-05-07 09:49:46.776 INFO  [scheduling-1] MarketHistoryMaintenanceService requestId= userId= method= uri= status= durationMs= - marketBackfillJobStarted providerSource=BIST, symbol=FROTO
2026-05-07 09:49:46.782 INFO  [scheduling-1] MarketHistoryBackfillService requestId= userId= method= uri= status= durationMs= - Market history backfill started: source=BIST, lookbackDays=365, symbolCount=1
2026-05-07 09:49:46.783 INFO  [scheduling-1] ProviderOrchestrationService requestId= userId= method= uri= status= durationMs= - Market provider orchestration started: providerCount=3, sourceFilter=BIST
2026-05-07 09:49:46.784 INFO  [scheduling-1] ProviderOrchestrationService requestId= userId= method= uri= status= durationMs= - Market provider skipped by supports: providerSource=BINANCE, requestSource=BIST
2026-05-07 09:49:46.785 INFO  [scheduling-1] ProviderOrchestrationService requestId= userId= method= uri= status= durationMs= - Market provider refresh started: source=BIST
2026-05-07 09:49:46.788 INFO  [scheduling-1] BistMarketDataProvider requestId= userId= method= uri= status= durationMs= - Market provider registry resolved: providerSource=BIST, registryMappingCount=30, resolvedSymbols=[THYAO.IS, ASELS.IS, GARAN.IS, AKBNK.IS, BIMAS.IS, KCHOL.IS, SAHOL.IS, EREGL.IS, TUPRS.IS, FROTO.IS, SISE.IS, PETKM.IS, PGSUS.IS, TTKOM.IS, KOZAL.IS, ISCTR.IS, YKBNK.IS, HALKB.IS, VAKBN.IS, TCELL.IS, ARCLK.IS, TOASO.IS, DOHOL.IS, ENKAI.IS, MGROS.IS, GUBRF.IS, HEKTS.IS, KRDMD.IS, SASA.IS, ULKER.IS], fallbackToYaml=true
2026-05-07 09:49:46.789 INFO  [scheduling-1] YahooClient requestId= userId= method= uri= status= durationMs= - BIST Yahoo history request started: symbol=FROTO.IS, startDate=2025-05-08, endDate=2026-05-07
2026-05-07 09:49:46.902 INFO  [scheduling-1] YahooClient requestId= userId= method= uri= status= durationMs= - BIST Yahoo history request completed: symbol=FROTO.IS, startDate=2025-05-08, endDate=2026-05-07, historyRecordCount=252
2026-05-07 09:49:46.903 INFO  [scheduling-1] BistMarketDataProvider requestId= userId= method= uri= status= durationMs= - BIST provider history fetch completed: requestedSymbolCount=1, historyRecordCount=252
2026-05-07 09:49:46.904 INFO  [scheduling-1] ProviderOrchestrationService requestId= userId= method= uri= status= durationMs=118 - Market provider refresh completed: source=BIST, quoteCount=0, historyRecordCount=252, durationMs=118
2026-05-07 09:49:46.904 INFO  [scheduling-1] EvdsMarketDataProvider requestId= userId= method= uri= status= durationMs= - EVDS provider supports evaluated: supported=false, enabled=true, requestSource=BIST
2026-05-07 09:49:46.905 INFO  [scheduling-1] ProviderOrchestrationService requestId= userId= method= uri= status= durationMs= - Market provider skipped by supports: providerSource=EVDS, requestSource=BIST
2026-05-07 09:49:46.905 INFO  [scheduling-1] MarketHistoryService requestId= userId= method= uri= status= durationMs= - Market history persistence candidates: source=BIST, receivedCount=252, validatedCount=252, candidateCount=252
2026-05-07 09:49:46.908 INFO  [scheduling-1] MarketHistoryService requestId= userId= method= uri= status= durationMs= - Market history persistence pre-insert: source=BIST, candidateCount=252, insertableCount=250
2026-05-07 09:49:46.976 INFO  [scheduling-1] MarketHistoryService requestId= userId= method= uri= status= durationMs= - Market history cache cleared manually: cacheName=market_history
2026-05-07 09:49:46.976 INFO  [scheduling-1] MarketHistoryService requestId= userId= method= uri= status= durationMs= - Market history persistence completed: source=BIST, received=252, saved=250, skippedDuplicate=2
2026-05-07 09:49:46.977 INFO  [scheduling-1] MarketHistoryBackfillService requestId= userId= method= uri= status= durationMs= - Market history backfill completed: source=BIST, lookbackDays=365, symbolCount=1
2026-05-07 09:49:46.982 INFO  [scheduling-1] MarketHistoryMaintenanceService requestId= userId= method= uri= status= durationMs= - marketBackfillCompleted providerSource=BIST, symbol=FROTO, fetchedCount=252, savedCount=250
2026-05-07 09:49:46.982 INFO  [scheduling-1] MarketHistoryMaintenanceService requestId= userId= method= uri= status= durationMs= - Market backfill DB stats: providerSource=BIST, symbol=FROTO, count=252, minPriceDate=2025-05-08, maxPriceDate=2026-05-07, distinctPriceCount=208
2026-05-07 09:49:46.992 INFO  [scheduling-1] MarketHistoryMaintenanceService requestId= userId= method= uri= status= durationMs= - marketBackfillJobStarted providerSource=BIST, symbol=SISE
2026-05-07 09:49:46.998 INFO  [scheduling-1] MarketHistoryBackfillService requestId= userId= method= uri= status= durationMs= - Market history backfill started: source=BIST, lookbackDays=365, symbolCount=1
2026-05-07 09:49:46.999 INFO  [scheduling-1] ProviderOrchestrationService requestId= userId= method= uri= status= durationMs= - Market provider orchestration started: providerCount=3, sourceFilter=BIST
2026-05-07 09:49:47.000 INFO  [scheduling-1] ProviderOrchestrationService requestId= userId= method= uri= status= durationMs= - Market provider skipped by supports: providerSource=BINANCE, requestSource=BIST
2026-05-07 09:49:47.000 INFO  [scheduling-1] ProviderOrchestrationService requestId= userId= method= uri= status= durationMs= - Market provider refresh started: source=BIST
2026-05-07 09:49:47.005 INFO  [scheduling-1] BistMarketDataProvider requestId= userId= method= uri= status= durationMs= - Market provider registry resolved: providerSource=BIST, registryMappingCount=30, resolvedSymbols=[THYAO.IS, ASELS.IS, GARAN.IS, AKBNK.IS, BIMAS.IS, KCHOL.IS, SAHOL.IS, EREGL.IS, TUPRS.IS, FROTO.IS, SISE.IS, PETKM.IS, PGSUS.IS, TTKOM.IS, KOZAL.IS, ISCTR.IS, YKBNK.IS, HALKB.IS, VAKBN.IS, TCELL.IS, ARCLK.IS, TOASO.IS, DOHOL.IS, ENKAI.IS, MGROS.IS, GUBRF.IS, HEKTS.IS, KRDMD.IS, SASA.IS, ULKER.IS], fallbackToYaml=true
2026-05-07 09:49:47.006 INFO  [scheduling-1] YahooClient requestId= userId= method= uri= status= durationMs= - BIST Yahoo history request started: symbol=SISE.IS, startDate=2025-05-08, endDate=2026-05-07
2026-05-07 09:49:47.152 INFO  [scheduling-1] YahooClient requestId= userId= method= uri= status= durationMs= - BIST Yahoo history request completed: symbol=SISE.IS, startDate=2025-05-08, endDate=2026-05-07, historyRecordCount=252
2026-05-07 09:49:47.153 INFO  [scheduling-1] BistMarketDataProvider requestId= userId= method= uri= status= durationMs= - BIST provider history fetch completed: requestedSymbolCount=1, historyRecordCount=252
2026-05-07 09:49:47.154 INFO  [scheduling-1] ProviderOrchestrationService requestId= userId= method= uri= status= durationMs=153 - Market provider refresh completed: source=BIST, quoteCount=0, historyRecordCount=252, durationMs=153
2026-05-07 09:49:47.154 INFO  [scheduling-1] EvdsMarketDataProvider requestId= userId= method= uri= status= durationMs= - EVDS provider supports evaluated: supported=false, enabled=true, requestSource=BIST
2026-05-07 09:49:47.155 INFO  [scheduling-1] ProviderOrchestrationService requestId= userId= method= uri= status= durationMs= - Market provider skipped by supports: providerSource=EVDS, requestSource=BIST
2026-05-07 09:49:47.155 INFO  [scheduling-1] MarketHistoryService requestId= userId= method= uri= status= durationMs= - Market history persistence candidates: source=BIST, receivedCount=252, validatedCount=252, candidateCount=252
2026-05-07 09:49:47.158 INFO  [scheduling-1] MarketHistoryService requestId= userId= method= uri= status= durationMs= - Market history persistence pre-insert: source=BIST, candidateCount=252, insertableCount=252
2026-05-07 09:49:47.221 INFO  [scheduling-1] MarketHistoryService requestId= userId= method= uri= status= durationMs= - Market history cache cleared manually: cacheName=market_history
2026-05-07 09:49:47.222 INFO  [scheduling-1] MarketHistoryService requestId= userId= method= uri= status= durationMs= - Market history persistence completed: source=BIST, received=252, saved=252, skippedDuplicate=0
2026-05-07 09:49:47.223 INFO  [scheduling-1] MarketHistoryBackfillService requestId= userId= method= uri= status= durationMs= - Market history backfill completed: source=BIST, lookbackDays=365, symbolCount=1
2026-05-07 09:49:47.227 INFO  [scheduling-1] MarketHistoryMaintenanceService requestId= userId= method= uri= status= durationMs= - marketBackfillCompleted providerSource=BIST, symbol=SISE, fetchedCount=252, savedCount=252
2026-05-07 09:49:47.228 INFO  [scheduling-1] MarketHistoryMaintenanceService requestId= userId= method= uri= status= durationMs= - Market backfill DB stats: providerSource=BIST, symbol=SISE, count=252, minPriceDate=2025-05-08, maxPriceDate=2026-05-07, distinctPriceCount=211
2026-05-07 09:49:47.236 INFO  [scheduling-1] MarketHistoryMaintenanceService requestId= userId= method= uri= status= durationMs= - marketBackfillJobStarted providerSource=BIST, symbol=PETKM
2026-05-07 09:49:47.240 INFO  [scheduling-1] MarketHistoryBackfillService requestId= userId= method= uri= status= durationMs= - Market history backfill started: source=BIST, lookbackDays=365, symbolCount=1
2026-05-07 09:49:47.241 INFO  [scheduling-1] ProviderOrchestrationService requestId= userId= method= uri= status= durationMs= - Market provider orchestration started: providerCount=3, sourceFilter=BIST
2026-05-07 09:49:47.241 INFO  [scheduling-1] ProviderOrchestrationService requestId= userId= method= uri= status= durationMs= - Market provider skipped by supports: providerSource=BINANCE, requestSource=BIST
2026-05-07 09:49:47.242 INFO  [scheduling-1] ProviderOrchestrationService requestId= userId= method= uri= status= durationMs= - Market provider refresh started: source=BIST
2026-05-07 09:49:47.245 INFO  [scheduling-1] BistMarketDataProvider requestId= userId= method= uri= status= durationMs= - Market provider registry resolved: providerSource=BIST, registryMappingCount=30, resolvedSymbols=[THYAO.IS, ASELS.IS, GARAN.IS, AKBNK.IS, BIMAS.IS, KCHOL.IS, SAHOL.IS, EREGL.IS, TUPRS.IS, FROTO.IS, SISE.IS, PETKM.IS, PGSUS.IS, TTKOM.IS, KOZAL.IS, ISCTR.IS, YKBNK.IS, HALKB.IS, VAKBN.IS, TCELL.IS, ARCLK.IS, TOASO.IS, DOHOL.IS, ENKAI.IS, MGROS.IS, GUBRF.IS, HEKTS.IS, KRDMD.IS, SASA.IS, ULKER.IS], fallbackToYaml=true
2026-05-07 09:49:47.246 INFO  [scheduling-1] YahooClient requestId= userId= method= uri= status= durationMs= - BIST Yahoo history request started: symbol=PETKM.IS, startDate=2025-05-08, endDate=2026-05-07
2026-05-07 09:49:47.348 INFO  [scheduling-1] YahooClient requestId= userId= method= uri= status= durationMs= - BIST Yahoo history request completed: symbol=PETKM.IS, startDate=2025-05-08, endDate=2026-05-07, historyRecordCount=252
2026-05-07 09:49:47.349 INFO  [scheduling-1] BistMarketDataProvider requestId= userId= method= uri= status= durationMs= - BIST provider history fetch completed: requestedSymbolCount=1, historyRecordCount=252
2026-05-07 09:49:47.350 INFO  [scheduling-1] ProviderOrchestrationService requestId= userId= method= uri= status= durationMs=108 - Market provider refresh completed: source=BIST, quoteCount=0, historyRecordCount=252, durationMs=108
2026-05-07 09:49:47.351 INFO  [scheduling-1] EvdsMarketDataProvider requestId= userId= method= uri= status= durationMs= - EVDS provider supports evaluated: supported=false, enabled=true, requestSource=BIST
2026-05-07 09:49:47.352 INFO  [scheduling-1] ProviderOrchestrationService requestId= userId= method= uri= status= durationMs= - Market provider skipped by supports: providerSource=EVDS, requestSource=BIST
2026-05-07 09:49:47.353 INFO  [scheduling-1] MarketHistoryService requestId= userId= method= uri= status= durationMs= - Market history persistence candidates: source=BIST, receivedCount=252, validatedCount=252, candidateCount=252
2026-05-07 09:49:47.355 INFO  [scheduling-1] MarketHistoryService requestId= userId= method= uri= status= durationMs= - Market history persistence pre-insert: source=BIST, candidateCount=252, insertableCount=252
2026-05-07 09:49:47.423 INFO  [scheduling-1] MarketHistoryService requestId= userId= method= uri= status= durationMs= - Market history cache cleared manually: cacheName=market_history
2026-05-07 09:49:47.424 INFO  [scheduling-1] MarketHistoryService requestId= userId= method= uri= status= durationMs= - Market history persistence completed: source=BIST, received=252, saved=252, skippedDuplicate=0
2026-05-07 09:49:47.424 INFO  [scheduling-1] MarketHistoryBackfillService requestId= userId= method= uri= status= durationMs= - Market history backfill completed: source=BIST, lookbackDays=365, symbolCount=1
2026-05-07 09:49:47.428 INFO  [scheduling-1] MarketHistoryMaintenanceService requestId= userId= method= uri= status= durationMs= - marketBackfillCompleted providerSource=BIST, symbol=PETKM, fetchedCount=252, savedCount=252
2026-05-07 09:49:47.429 INFO  [scheduling-1] MarketHistoryMaintenanceService requestId= userId= method= uri= status= durationMs= - Market backfill DB stats: providerSource=BIST, symbol=PETKM, count=252, minPriceDate=2025-05-08, maxPriceDate=2026-05-07, distinctPriceCount=187
2026-05-07 09:49:47.441 INFO  [scheduling-1] MarketHistoryMaintenanceService requestId= userId= method= uri= status= durationMs= - marketBackfillJobStarted providerSource=BIST, symbol=PGSUS
2026-05-07 09:49:47.446 INFO  [scheduling-1] MarketHistoryBackfillService requestId= userId= method= uri= status= durationMs= - Market history backfill started: source=BIST, lookbackDays=365, symbolCount=1
2026-05-07 09:49:47.446 INFO  [scheduling-1] ProviderOrchestrationService requestId= userId= method= uri= status= durationMs= - Market provider orchestration started: providerCount=3, sourceFilter=BIST
2026-05-07 09:49:47.447 INFO  [scheduling-1] ProviderOrchestrationService requestId= userId= method= uri= status= durationMs= - Market provider skipped by supports: providerSource=BINANCE, requestSource=BIST
2026-05-07 09:49:47.448 INFO  [scheduling-1] ProviderOrchestrationService requestId= userId= method= uri= status= durationMs= - Market provider refresh started: source=BIST
2026-05-07 09:49:47.452 INFO  [scheduling-1] BistMarketDataProvider requestId= userId= method= uri= status= durationMs= - Market provider registry resolved: providerSource=BIST, registryMappingCount=30, resolvedSymbols=[THYAO.IS, ASELS.IS, GARAN.IS, AKBNK.IS, BIMAS.IS, KCHOL.IS, SAHOL.IS, EREGL.IS, TUPRS.IS, FROTO.IS, SISE.IS, PETKM.IS, PGSUS.IS, TTKOM.IS, KOZAL.IS, ISCTR.IS, YKBNK.IS, HALKB.IS, VAKBN.IS, TCELL.IS, ARCLK.IS, TOASO.IS, DOHOL.IS, ENKAI.IS, MGROS.IS, GUBRF.IS, HEKTS.IS, KRDMD.IS, SASA.IS, ULKER.IS], fallbackToYaml=true
2026-05-07 09:49:47.453 INFO  [scheduling-1] YahooClient requestId= userId= method= uri= status= durationMs= - BIST Yahoo history request started: symbol=PGSUS.IS, startDate=2025-05-08, endDate=2026-05-07
2026-05-07 09:49:47.541 INFO  [scheduling-1] YahooClient requestId= userId= method= uri= status= durationMs= - BIST Yahoo history request completed: symbol=PGSUS.IS, startDate=2025-05-08, endDate=2026-05-07, historyRecordCount=252
2026-05-07 09:49:47.542 INFO  [scheduling-1] BistMarketDataProvider requestId= userId= method= uri= status= durationMs= - BIST provider history fetch completed: requestedSymbolCount=1, historyRecordCount=252
2026-05-07 09:49:47.543 INFO  [scheduling-1] ProviderOrchestrationService requestId= userId= method= uri= status= durationMs=95 - Market provider refresh completed: source=BIST, quoteCount=0, historyRecordCount=252, durationMs=95
2026-05-07 09:49:47.544 INFO  [scheduling-1] EvdsMarketDataProvider requestId= userId= method= uri= status= durationMs= - EVDS provider supports evaluated: supported=false, enabled=true, requestSource=BIST
2026-05-07 09:49:47.544 INFO  [scheduling-1] ProviderOrchestrationService requestId= userId= method= uri= status= durationMs= - Market provider skipped by supports: providerSource=EVDS, requestSource=BIST
2026-05-07 09:49:47.545 INFO  [scheduling-1] MarketHistoryService requestId= userId= method= uri= status= durationMs= - Market history persistence candidates: source=BIST, receivedCount=252, validatedCount=252, candidateCount=252
2026-05-07 09:49:47.548 INFO  [scheduling-1] MarketHistoryService requestId= userId= method= uri= status= durationMs= - Market history persistence pre-insert: source=BIST, candidateCount=252, insertableCount=252
2026-05-07 09:49:47.659 INFO  [scheduling-1] MarketHistoryService requestId= userId= method= uri= status= durationMs= - Market history cache cleared manually: cacheName=market_history
2026-05-07 09:49:47.660 INFO  [scheduling-1] MarketHistoryService requestId= userId= method= uri= status= durationMs= - Market history persistence completed: source=BIST, received=252, saved=252, skippedDuplicate=0
2026-05-07 09:49:47.661 INFO  [scheduling-1] MarketHistoryBackfillService requestId= userId= method= uri= status= durationMs= - Market history backfill completed: source=BIST, lookbackDays=365, symbolCount=1
2026-05-07 09:49:47.666 INFO  [scheduling-1] MarketHistoryMaintenanceService requestId= userId= method= uri= status= durationMs= - marketBackfillCompleted providerSource=BIST, symbol=PGSUS, fetchedCount=252, savedCount=252
2026-05-07 09:49:47.667 INFO  [scheduling-1] MarketHistoryMaintenanceService requestId= userId= method= uri= status= durationMs= - Market backfill DB stats: providerSource=BIST, symbol=PGSUS, count=252, minPriceDate=2025-05-08, maxPriceDate=2026-05-07, distinctPriceCount=204
2026-05-07 09:49:47.676 INFO  [scheduling-1] MarketHistoryMaintenanceService requestId= userId= method= uri= status= durationMs= - marketBackfillJobStarted providerSource=BIST, symbol=TTKOM
2026-05-07 09:49:47.681 INFO  [scheduling-1] MarketHistoryBackfillService requestId= userId= method= uri= status= durationMs= - Market history backfill started: source=BIST, lookbackDays=365, symbolCount=1
2026-05-07 09:49:47.682 INFO  [scheduling-1] ProviderOrchestrationService requestId= userId= method= uri= status= durationMs= - Market provider orchestration started: providerCount=3, sourceFilter=BIST
2026-05-07 09:49:47.682 INFO  [scheduling-1] ProviderOrchestrationService requestId= userId= method= uri= status= durationMs= - Market provider skipped by supports: providerSource=BINANCE, requestSource=BIST
2026-05-07 09:49:47.683 INFO  [scheduling-1] ProviderOrchestrationService requestId= userId= method= uri= status= durationMs= - Market provider refresh started: source=BIST
2026-05-07 09:49:47.688 INFO  [scheduling-1] BistMarketDataProvider requestId= userId= method= uri= status= durationMs= - Market provider registry resolved: providerSource=BIST, registryMappingCount=30, resolvedSymbols=[THYAO.IS, ASELS.IS, GARAN.IS, AKBNK.IS, BIMAS.IS, KCHOL.IS, SAHOL.IS, EREGL.IS, TUPRS.IS, FROTO.IS, SISE.IS, PETKM.IS, PGSUS.IS, TTKOM.IS, KOZAL.IS, ISCTR.IS, YKBNK.IS, HALKB.IS, VAKBN.IS, TCELL.IS, ARCLK.IS, TOASO.IS, DOHOL.IS, ENKAI.IS, MGROS.IS, GUBRF.IS, HEKTS.IS, KRDMD.IS, SASA.IS, ULKER.IS], fallbackToYaml=true
2026-05-07 09:49:47.689 INFO  [scheduling-1] YahooClient requestId= userId= method= uri= status= durationMs= - BIST Yahoo history request started: symbol=TTKOM.IS, startDate=2025-05-08, endDate=2026-05-07
2026-05-07 09:49:47.795 INFO  [scheduling-1] YahooClient requestId= userId= method= uri= status= durationMs= - BIST Yahoo history request completed: symbol=TTKOM.IS, startDate=2025-05-08, endDate=2026-05-07, historyRecordCount=252
2026-05-07 09:49:47.796 INFO  [scheduling-1] BistMarketDataProvider requestId= userId= method= uri= status= durationMs= - BIST provider history fetch completed: requestedSymbolCount=1, historyRecordCount=252
2026-05-07 09:49:47.796 INFO  [scheduling-1] ProviderOrchestrationService requestId= userId= method= uri= status= durationMs=113 - Market provider refresh completed: source=BIST, quoteCount=0, historyRecordCount=252, durationMs=113
2026-05-07 09:49:47.797 INFO  [scheduling-1] EvdsMarketDataProvider requestId= userId= method= uri= status= durationMs= - EVDS provider supports evaluated: supported=false, enabled=true, requestSource=BIST
2026-05-07 09:49:47.798 INFO  [scheduling-1] ProviderOrchestrationService requestId= userId= method= uri= status= durationMs= - Market provider skipped by supports: providerSource=EVDS, requestSource=BIST
2026-05-07 09:49:47.798 INFO  [scheduling-1] MarketHistoryService requestId= userId= method= uri= status= durationMs= - Market history persistence candidates: source=BIST, receivedCount=252, validatedCount=252, candidateCount=252
2026-05-07 09:49:47.801 INFO  [scheduling-1] MarketHistoryService requestId= userId= method= uri= status= durationMs= - Market history persistence pre-insert: source=BIST, candidateCount=252, insertableCount=252
2026-05-07 09:49:47.892 INFO  [scheduling-1] MarketHistoryService requestId= userId= method= uri= status= durationMs= - Market history cache cleared manually: cacheName=market_history
2026-05-07 09:49:47.894 INFO  [scheduling-1] MarketHistoryService requestId= userId= method= uri= status= durationMs= - Market history persistence completed: source=BIST, received=252, saved=252, skippedDuplicate=0
2026-05-07 09:49:47.895 INFO  [scheduling-1] MarketHistoryBackfillService requestId= userId= method= uri= status= durationMs= - Market history backfill completed: source=BIST, lookbackDays=365, symbolCount=1
2026-05-07 09:49:47.900 INFO  [scheduling-1] MarketHistoryMaintenanceService requestId= userId= method= uri= status= durationMs= - marketBackfillCompleted providerSource=BIST, symbol=TTKOM, fetchedCount=252, savedCount=252
2026-05-07 09:49:47.901 INFO  [scheduling-1] MarketHistoryMaintenanceService requestId= userId= method= uri= status= durationMs= - Market backfill DB stats: providerSource=BIST, symbol=TTKOM, count=252, minPriceDate=2025-05-08, maxPriceDate=2026-05-07, distinctPriceCount=181
2026-05-07 09:49:47.911 INFO  [scheduling-1] MarketHistoryMaintenanceService requestId= userId= method= uri= status= durationMs= - marketBackfillJobStarted providerSource=BIST, symbol=KOZAL
2026-05-07 09:49:47.917 INFO  [scheduling-1] MarketHistoryBackfillService requestId= userId= method= uri= status= durationMs= - Market history backfill started: source=BIST, lookbackDays=365, symbolCount=1
2026-05-07 09:49:47.918 INFO  [scheduling-1] ProviderOrchestrationService requestId= userId= method= uri= status= durationMs= - Market provider orchestration started: providerCount=3, sourceFilter=BIST
2026-05-07 09:49:47.919 INFO  [scheduling-1] ProviderOrchestrationService requestId= userId= method= uri= status= durationMs= - Market provider skipped by supports: providerSource=BINANCE, requestSource=BIST
2026-05-07 09:49:47.920 INFO  [scheduling-1] ProviderOrchestrationService requestId= userId= method= uri= status= durationMs= - Market provider refresh started: source=BIST
2026-05-07 09:49:47.923 INFO  [scheduling-1] BistMarketDataProvider requestId= userId= method= uri= status= durationMs= - Market provider registry resolved: providerSource=BIST, registryMappingCount=30, resolvedSymbols=[THYAO.IS, ASELS.IS, GARAN.IS, AKBNK.IS, BIMAS.IS, KCHOL.IS, SAHOL.IS, EREGL.IS, TUPRS.IS, FROTO.IS, SISE.IS, PETKM.IS, PGSUS.IS, TTKOM.IS, KOZAL.IS, ISCTR.IS, YKBNK.IS, HALKB.IS, VAKBN.IS, TCELL.IS, ARCLK.IS, TOASO.IS, DOHOL.IS, ENKAI.IS, MGROS.IS, GUBRF.IS, HEKTS.IS, KRDMD.IS, SASA.IS, ULKER.IS], fallbackToYaml=true
2026-05-07 09:49:47.925 INFO  [scheduling-1] YahooClient requestId= userId= method= uri= status= durationMs= - BIST Yahoo history request started: symbol=KOZAL.IS, startDate=2025-05-08, endDate=2026-05-07
2026-05-07 09:49:48.015 WARN  [scheduling-1] YahooClient requestId= userId= method= uri= status= durationMs= - BIST Yahoo history request failed: symbol=KOZAL.IS, error=404 Not Found on GET request for "https://query1.finance.yahoo.com/v8/finance/chart/KOZAL.IS": "{"chart":{"result":null,"error":{"code":"Not Found","description":"No data found, symbol may be delisted"}}}"
org.springframework.web.client.HttpClientErrorException$NotFound: 404 Not Found on GET request for "https://query1.finance.yahoo.com/v8/finance/chart/KOZAL.IS": "{"chart":{"result":null,"error":{"code":"Not Found","description":"No data found, symbol may be delisted"}}}"
	at org.springframework.web.client.HttpClientErrorException.create(HttpClientErrorException.java:112)
	at org.springframework.web.client.DefaultResponseErrorHandler.handleError(DefaultResponseErrorHandler.java:186)
	at org.springframework.web.client.DefaultResponseErrorHandler.handleError(DefaultResponseErrorHandler.java:147)
	at org.springframework.web.client.RestTemplate.handleResponse(RestTemplate.java:953)
	at org.springframework.web.client.RestTemplate.doExecute(RestTemplate.java:902)
	at org.springframework.web.client.RestTemplate.execute(RestTemplate.java:841)
	at org.springframework.web.client.RestTemplate.exchange(RestTemplate.java:702)
	at com.emrehalli.financeportal.market.provider.bist.client.YahooClient.fetchDailyHistory(YahooClient.java:82)
	at com.emrehalli.financeportal.market.provider.bist.BistMarketDataProvider.lambda$fetchHistoryRecords$0(BistMarketDataProvider.java:188)
	at java.base/java.util.stream.ReferencePipeline$7$1.accept(Unknown Source)
	at java.base/java.util.AbstractList$RandomAccessSpliterator.forEachRemaining(Unknown Source)
	at java.base/java.util.stream.AbstractPipeline.copyInto(Unknown Source)
	at java.base/java.util.stream.AbstractPipeline.wrapAndCopyInto(Unknown Source)
	at java.base/java.util.stream.AbstractPipeline.evaluate(Unknown Source)
	at java.base/java.util.stream.AbstractPipeline.evaluateToArrayNode(Unknown Source)
	at java.base/java.util.stream.ReferencePipeline.toArray(Unknown Source)
	at java.base/java.util.stream.ReferencePipeline.toArray(Unknown Source)
	at java.base/java.util.stream.ReferencePipeline.toList(Unknown Source)
	at com.emrehalli.financeportal.market.provider.bist.BistMarketDataProvider.fetchHistoryRecords(BistMarketDataProvider.java:190)
	at com.emrehalli.financeportal.market.provider.bist.BistMarketDataProvider.fetch(BistMarketDataProvider.java:126)
	at com.emrehalli.financeportal.market.service.ProviderOrchestrationService.fetchProviderQuotes(ProviderOrchestrationService.java:64)
	at com.emrehalli.financeportal.market.service.ProviderOrchestrationService.lambda$fetchQuoteResults$2(ProviderOrchestrationService.java:46)
	at java.base/java.util.stream.ReferencePipeline$3$1.accept(Unknown Source)
	at java.base/java.util.stream.ReferencePipeline$2$1.accept(Unknown Source)
	at java.base/java.util.ArrayList$ArrayListSpliterator.forEachRemaining(Unknown Source)
	at java.base/java.util.stream.AbstractPipeline.copyInto(Unknown Source)
	at java.base/java.util.stream.AbstractPipeline.wrapAndCopyInto(Unknown Source)
	at java.base/java.util.stream.AbstractPipeline.evaluate(Unknown Source)
	at java.base/java.util.stream.AbstractPipeline.evaluateToArrayNode(Unknown Source)
	at java.base/java.util.stream.ReferencePipeline.toArray(Unknown Source)
	at java.base/java.util.stream.ReferencePipeline.toArray(Unknown Source)
	at java.base/java.util.stream.ReferencePipeline.toList(Unknown Source)
	at com.emrehalli.financeportal.market.service.ProviderOrchestrationService.fetchQuoteResults(ProviderOrchestrationService.java:47)
	at com.emrehalli.financeportal.market.service.MarketHistoryBackfillService.backfill(MarketHistoryBackfillService.java:43)
	at com.emrehalli.financeportal.market.service.MarketHistoryMaintenanceService.backfillSymbol(MarketHistoryMaintenanceService.java:78)
	at com.emrehalli.financeportal.market.service.MarketHistoryMaintenanceService.backfillMissingHistory(MarketHistoryMaintenanceService.java:68)
	at com.emrehalli.financeportal.market.service.MarketHistoryMaintenanceService.runIfDue(MarketHistoryMaintenanceService.java:50)
	at com.emrehalli.financeportal.market.scheduler.MarketRefreshScheduler.refreshMarketQuotes(MarketRefreshScheduler.java:31)
	at java.base/jdk.internal.reflect.DirectMethodHandleAccessor.invoke(Unknown Source)
	at java.base/java.lang.reflect.Method.invoke(Unknown Source)
	at org.springframework.scheduling.support.ScheduledMethodRunnable.runInternal(ScheduledMethodRunnable.java:130)
	at org.springframework.scheduling.support.ScheduledMethodRunnable.lambda$run$2(ScheduledMethodRunnable.java:124)
	at io.micrometer.observation.Observation.observe(Observation.java:498)
	at org.springframework.scheduling.support.ScheduledMethodRunnable.run(ScheduledMethodRunnable.java:124)
	at org.springframework.scheduling.config.Task$OutcomeTrackingRunnable.run(Task.java:87)
	at org.springframework.scheduling.support.DelegatingErrorHandlingRunnable.run(DelegatingErrorHandlingRunnable.java:54)
	at java.base/java.util.concurrent.Executors$RunnableAdapter.call(Unknown Source)
	at java.base/java.util.concurrent.FutureTask.runAndReset(Unknown Source)
	at java.base/java.util.concurrent.ScheduledThreadPoolExecutor$ScheduledFutureTask.run(Unknown Source)
	at java.base/java.util.concurrent.ThreadPoolExecutor.runWorker(Unknown Source)
	at java.base/java.util.concurrent.ThreadPoolExecutor$Worker.run(Unknown Source)
	at java.base/java.lang.Thread.run(Unknown Source)
2026-05-07 09:49:48.019 INFO  [scheduling-1] BistMarketDataProvider requestId= userId= method= uri= status= durationMs= - BIST provider history fetch completed: requestedSymbolCount=1, historyRecordCount=0
2026-05-07 09:49:48.019 INFO  [scheduling-1] ProviderOrchestrationService requestId= userId= method= uri= status= durationMs=99 - Market provider refresh completed: source=BIST, quoteCount=0, historyRecordCount=0, durationMs=99
2026-05-07 09:49:48.020 INFO  [scheduling-1] EvdsMarketDataProvider requestId= userId= method= uri= status= durationMs= - EVDS provider supports evaluated: supported=false, enabled=true, requestSource=BIST
2026-05-07 09:49:48.021 INFO  [scheduling-1] ProviderOrchestrationService requestId= userId= method= uri= status= durationMs= - Market provider skipped by supports: providerSource=EVDS, requestSource=BIST
2026-05-07 09:49:48.022 INFO  [scheduling-1] MarketHistoryService requestId= userId= method= uri= status= durationMs= - Market history persistence candidates: source=BIST, receivedCount=0, validatedCount=0, candidateCount=0
2026-05-07 09:49:48.022 INFO  [scheduling-1] MarketHistoryService requestId= userId= method= uri= status= durationMs= - Market history persistence pre-insert: source=BIST, candidateCount=0, insertableCount=0
2026-05-07 09:49:48.023 INFO  [scheduling-1] MarketHistoryService requestId= userId= method= uri= status= durationMs= - Market history persistence completed: source=BIST, received=0, saved=0, skippedDuplicate=0
2026-05-07 09:49:48.023 INFO  [scheduling-1] MarketHistoryBackfillService requestId= userId= method= uri= status= durationMs= - Market history backfill completed: source=BIST, lookbackDays=365, symbolCount=1
2026-05-07 09:49:48.029 INFO  [scheduling-1] MarketHistoryMaintenanceService requestId= userId= method= uri= status= durationMs= - marketBackfillCompleted providerSource=BIST, symbol=KOZAL, fetchedCount=0, savedCount=0
2026-05-07 09:49:48.030 INFO  [scheduling-1] MarketHistoryMaintenanceService requestId= userId= method= uri= status= durationMs= - Market backfill DB stats: providerSource=BIST, symbol=KOZAL, count=0, minPriceDate=null, maxPriceDate=null, distinctPriceCount=0
2026-05-07 09:49:48.037 INFO  [scheduling-1] MarketHistoryMaintenanceService requestId= userId= method= uri= status= durationMs= - marketBackfillJobStarted providerSource=BIST, symbol=ISCTR
2026-05-07 09:49:48.041 INFO  [scheduling-1] MarketHistoryBackfillService requestId= userId= method= uri= status= durationMs= - Market history backfill started: source=BIST, lookbackDays=365, symbolCount=1
2026-05-07 09:49:48.042 INFO  [scheduling-1] ProviderOrchestrationService requestId= userId= method= uri= status= durationMs= - Market provider orchestration started: providerCount=3, sourceFilter=BIST
2026-05-07 09:49:48.043 INFO  [scheduling-1] ProviderOrchestrationService requestId= userId= method= uri= status= durationMs= - Market provider skipped by supports: providerSource=BINANCE, requestSource=BIST
2026-05-07 09:49:48.043 INFO  [scheduling-1] ProviderOrchestrationService requestId= userId= method= uri= status= durationMs= - Market provider refresh started: source=BIST
2026-05-07 09:49:48.047 INFO  [scheduling-1] BistMarketDataProvider requestId= userId= method= uri= status= durationMs= - Market provider registry resolved: providerSource=BIST, registryMappingCount=30, resolvedSymbols=[THYAO.IS, ASELS.IS, GARAN.IS, AKBNK.IS, BIMAS.IS, KCHOL.IS, SAHOL.IS, EREGL.IS, TUPRS.IS, FROTO.IS, SISE.IS, PETKM.IS, PGSUS.IS, TTKOM.IS, KOZAL.IS, ISCTR.IS, YKBNK.IS, HALKB.IS, VAKBN.IS, TCELL.IS, ARCLK.IS, TOASO.IS, DOHOL.IS, ENKAI.IS, MGROS.IS, GUBRF.IS, HEKTS.IS, KRDMD.IS, SASA.IS, ULKER.IS], fallbackToYaml=true
2026-05-07 09:49:48.048 INFO  [scheduling-1] YahooClient requestId= userId= method= uri= status= durationMs= - BIST Yahoo history request started: symbol=ISCTR.IS, startDate=2025-05-08, endDate=2026-05-07
2026-05-07 09:49:48.152 INFO  [scheduling-1] YahooClient requestId= userId= method= uri= status= durationMs= - BIST Yahoo history request completed: symbol=ISCTR.IS, startDate=2025-05-08, endDate=2026-05-07, historyRecordCount=252
2026-05-07 09:49:48.153 INFO  [scheduling-1] BistMarketDataProvider requestId= userId= method= uri= status= durationMs= - BIST provider history fetch completed: requestedSymbolCount=1, historyRecordCount=252
2026-05-07 09:49:48.154 INFO  [scheduling-1] ProviderOrchestrationService requestId= userId= method= uri= status= durationMs=110 - Market provider refresh completed: source=BIST, quoteCount=0, historyRecordCount=252, durationMs=110
2026-05-07 09:49:48.155 INFO  [scheduling-1] EvdsMarketDataProvider requestId= userId= method= uri= status= durationMs= - EVDS provider supports evaluated: supported=false, enabled=true, requestSource=BIST
2026-05-07 09:49:48.155 INFO  [scheduling-1] ProviderOrchestrationService requestId= userId= method= uri= status= durationMs= - Market provider skipped by supports: providerSource=EVDS, requestSource=BIST
2026-05-07 09:49:48.156 INFO  [scheduling-1] MarketHistoryService requestId= userId= method= uri= status= durationMs= - Market history persistence candidates: source=BIST, receivedCount=252, validatedCount=252, candidateCount=252
2026-05-07 09:49:48.159 INFO  [scheduling-1] MarketHistoryService requestId= userId= method= uri= status= durationMs= - Market history persistence pre-insert: source=BIST, candidateCount=252, insertableCount=252
2026-05-07 09:49:48.266 INFO  [scheduling-1] MarketHistoryService requestId= userId= method= uri= status= durationMs= - Market history cache cleared manually: cacheName=market_history
2026-05-07 09:49:48.267 INFO  [scheduling-1] MarketHistoryService requestId= userId= method= uri= status= durationMs= - Market history persistence completed: source=BIST, received=252, saved=252, skippedDuplicate=0
2026-05-07 09:49:48.268 INFO  [scheduling-1] MarketHistoryBackfillService requestId= userId= method= uri= status= durationMs= - Market history backfill completed: source=BIST, lookbackDays=365, symbolCount=1
2026-05-07 09:49:48.273 INFO  [scheduling-1] MarketHistoryMaintenanceService requestId= userId= method= uri= status= durationMs= - marketBackfillCompleted providerSource=BIST, symbol=ISCTR, fetchedCount=252, savedCount=252
2026-05-07 09:49:48.274 INFO  [scheduling-1] MarketHistoryMaintenanceService requestId= userId= method= uri= status= durationMs= - Market backfill DB stats: providerSource=BIST, symbol=ISCTR, count=252, minPriceDate=2025-05-08, maxPriceDate=2026-05-07, distinctPriceCount=190
2026-05-07 09:49:48.284 INFO  [scheduling-1] MarketHistoryMaintenanceService requestId= userId= method= uri= status= durationMs= - marketBackfillJobStarted providerSource=BIST, symbol=YKBNK
2026-05-07 09:49:48.292 INFO  [scheduling-1] MarketHistoryBackfillService requestId= userId= method= uri= status= durationMs= - Market history backfill started: source=BIST, lookbackDays=365, symbolCount=1
2026-05-07 09:49:48.294 INFO  [scheduling-1] ProviderOrchestrationService requestId= userId= method= uri= status= durationMs= - Market provider orchestration started: providerCount=3, sourceFilter=BIST
2026-05-07 09:49:48.295 INFO  [scheduling-1] ProviderOrchestrationService requestId= userId= method= uri= status= durationMs= - Market provider skipped by supports: providerSource=BINANCE, requestSource=BIST
2026-05-07 09:49:48.296 INFO  [scheduling-1] ProviderOrchestrationService requestId= userId= method= uri= status= durationMs= - Market provider refresh started: source=BIST
2026-05-07 09:49:48.299 INFO  [scheduling-1] BistMarketDataProvider requestId= userId= method= uri= status= durationMs= - Market provider registry resolved: providerSource=BIST, registryMappingCount=30, resolvedSymbols=[THYAO.IS, ASELS.IS, GARAN.IS, AKBNK.IS, BIMAS.IS, KCHOL.IS, SAHOL.IS, EREGL.IS, TUPRS.IS, FROTO.IS, SISE.IS, PETKM.IS, PGSUS.IS, TTKOM.IS, KOZAL.IS, ISCTR.IS, YKBNK.IS, HALKB.IS, VAKBN.IS, TCELL.IS, ARCLK.IS, TOASO.IS, DOHOL.IS, ENKAI.IS, MGROS.IS, GUBRF.IS, HEKTS.IS, KRDMD.IS, SASA.IS, ULKER.IS], fallbackToYaml=true
2026-05-07 09:49:48.300 INFO  [scheduling-1] YahooClient requestId= userId= method= uri= status= durationMs= - BIST Yahoo history request started: symbol=YKBNK.IS, startDate=2025-05-08, endDate=2026-05-07
2026-05-07 09:49:48.406 INFO  [scheduling-1] YahooClient requestId= userId= method= uri= status= durationMs= - BIST Yahoo history request completed: symbol=YKBNK.IS, startDate=2025-05-08, endDate=2026-05-07, historyRecordCount=252
2026-05-07 09:49:48.407 INFO  [scheduling-1] BistMarketDataProvider requestId= userId= method= uri= status= durationMs= - BIST provider history fetch completed: requestedSymbolCount=1, historyRecordCount=252
2026-05-07 09:49:48.408 INFO  [scheduling-1] ProviderOrchestrationService requestId= userId= method= uri= status= durationMs=112 - Market provider refresh completed: source=BIST, quoteCount=0, historyRecordCount=252, durationMs=112
2026-05-07 09:49:48.409 INFO  [scheduling-1] EvdsMarketDataProvider requestId= userId= method= uri= status= durationMs= - EVDS provider supports evaluated: supported=false, enabled=true, requestSource=BIST
2026-05-07 09:49:48.410 INFO  [scheduling-1] ProviderOrchestrationService requestId= userId= method= uri= status= durationMs= - Market provider skipped by supports: providerSource=EVDS, requestSource=BIST
2026-05-07 09:49:48.411 INFO  [scheduling-1] MarketHistoryService requestId= userId= method= uri= status= durationMs= - Market history persistence candidates: source=BIST, receivedCount=252, validatedCount=252, candidateCount=252
2026-05-07 09:49:48.415 INFO  [scheduling-1] MarketHistoryService requestId= userId= method= uri= status= durationMs= - Market history persistence pre-insert: source=BIST, candidateCount=252, insertableCount=252
2026-05-07 09:49:48.494 INFO  [scheduling-1] MarketHistoryService requestId= userId= method= uri= status= durationMs= - Market history cache cleared manually: cacheName=market_history
2026-05-07 09:49:48.495 INFO  [scheduling-1] MarketHistoryService requestId= userId= method= uri= status= durationMs= - Market history persistence completed: source=BIST, received=252, saved=252, skippedDuplicate=0
2026-05-07 09:49:48.496 INFO  [scheduling-1] MarketHistoryBackfillService requestId= userId= method= uri= status= durationMs= - Market history backfill completed: source=BIST, lookbackDays=365, symbolCount=1
2026-05-07 09:49:48.504 INFO  [scheduling-1] MarketHistoryMaintenanceService requestId= userId= method= uri= status= durationMs= - marketBackfillCompleted providerSource=BIST, symbol=YKBNK, fetchedCount=252, savedCount=252
2026-05-07 09:49:48.505 INFO  [scheduling-1] MarketHistoryMaintenanceService requestId= userId= method= uri= status= durationMs= - Market backfill DB stats: providerSource=BIST, symbol=YKBNK, count=252, minPriceDate=2025-05-08, maxPriceDate=2026-05-07, distinctPriceCount=208
2026-05-07 09:49:48.512 INFO  [scheduling-1] MarketHistoryMaintenanceService requestId= userId= method= uri= status= durationMs= - marketBackfillJobStarted providerSource=BIST, symbol=HALKB
2026-05-07 09:49:48.515 INFO  [scheduling-1] MarketHistoryBackfillService requestId= userId= method= uri= status= durationMs= - Market history backfill started: source=BIST, lookbackDays=365, symbolCount=1
2026-05-07 09:49:48.516 INFO  [scheduling-1] ProviderOrchestrationService requestId= userId= method= uri= status= durationMs= - Market provider orchestration started: providerCount=3, sourceFilter=BIST
2026-05-07 09:49:48.517 INFO  [scheduling-1] ProviderOrchestrationService requestId= userId= method= uri= status= durationMs= - Market provider skipped by supports: providerSource=BINANCE, requestSource=BIST
2026-05-07 09:49:48.517 INFO  [scheduling-1] ProviderOrchestrationService requestId= userId= method= uri= status= durationMs= - Market provider refresh started: source=BIST
2026-05-07 09:49:48.520 INFO  [scheduling-1] BistMarketDataProvider requestId= userId= method= uri= status= durationMs= - Market provider registry resolved: providerSource=BIST, registryMappingCount=30, resolvedSymbols=[THYAO.IS, ASELS.IS, GARAN.IS, AKBNK.IS, BIMAS.IS, KCHOL.IS, SAHOL.IS, EREGL.IS, TUPRS.IS, FROTO.IS, SISE.IS, PETKM.IS, PGSUS.IS, TTKOM.IS, KOZAL.IS, ISCTR.IS, YKBNK.IS, HALKB.IS, VAKBN.IS, TCELL.IS, ARCLK.IS, TOASO.IS, DOHOL.IS, ENKAI.IS, MGROS.IS, GUBRF.IS, HEKTS.IS, KRDMD.IS, SASA.IS, ULKER.IS], fallbackToYaml=true
2026-05-07 09:49:48.521 INFO  [scheduling-1] YahooClient requestId= userId= method= uri= status= durationMs= - BIST Yahoo history request started: symbol=HALKB.IS, startDate=2025-05-08, endDate=2026-05-07
2026-05-07 09:49:48.638 INFO  [scheduling-1] YahooClient requestId= userId= method= uri= status= durationMs= - BIST Yahoo history request completed: symbol=HALKB.IS, startDate=2025-05-08, endDate=2026-05-07, historyRecordCount=252
2026-05-07 09:49:48.639 INFO  [scheduling-1] BistMarketDataProvider requestId= userId= method= uri= status= durationMs= - BIST provider history fetch completed: requestedSymbolCount=1, historyRecordCount=252
2026-05-07 09:49:48.640 INFO  [scheduling-1] ProviderOrchestrationService requestId= userId= method= uri= status= durationMs=123 - Market provider refresh completed: source=BIST, quoteCount=0, historyRecordCount=252, durationMs=123
2026-05-07 09:49:48.641 INFO  [scheduling-1] EvdsMarketDataProvider requestId= userId= method= uri= status= durationMs= - EVDS provider supports evaluated: supported=false, enabled=true, requestSource=BIST
2026-05-07 09:49:48.642 INFO  [scheduling-1] ProviderOrchestrationService requestId= userId= method= uri= status= durationMs= - Market provider skipped by supports: providerSource=EVDS, requestSource=BIST
2026-05-07 09:49:48.643 INFO  [scheduling-1] MarketHistoryService requestId= userId= method= uri= status= durationMs= - Market history persistence candidates: source=BIST, receivedCount=252, validatedCount=252, candidateCount=252
2026-05-07 09:49:48.645 INFO  [scheduling-1] MarketHistoryService requestId= userId= method= uri= status= durationMs= - Market history persistence pre-insert: source=BIST, candidateCount=252, insertableCount=252
2026-05-07 09:49:48.695 INFO  [scheduling-1] MarketHistoryService requestId= userId= method= uri= status= durationMs= - Market history cache cleared manually: cacheName=market_history
2026-05-07 09:49:48.696 INFO  [scheduling-1] MarketHistoryService requestId= userId= method= uri= status= durationMs= - Market history persistence completed: source=BIST, received=252, saved=252, skippedDuplicate=0
2026-05-07 09:49:48.697 INFO  [scheduling-1] MarketHistoryBackfillService requestId= userId= method= uri= status= durationMs= - Market history backfill completed: source=BIST, lookbackDays=365, symbolCount=1
2026-05-07 09:49:48.704 INFO  [scheduling-1] MarketHistoryMaintenanceService requestId= userId= method= uri= status= durationMs= - marketBackfillCompleted providerSource=BIST, symbol=HALKB, fetchedCount=252, savedCount=252
2026-05-07 09:49:48.705 INFO  [scheduling-1] MarketHistoryMaintenanceService requestId= userId= method= uri= status= durationMs= - Market backfill DB stats: providerSource=BIST, symbol=HALKB, count=252, minPriceDate=2025-05-08, maxPriceDate=2026-05-07, distinctPriceCount=222
2026-05-07 09:49:48.713 INFO  [scheduling-1] MarketHistoryMaintenanceService requestId= userId= method= uri= status= durationMs= - marketBackfillJobStarted providerSource=BIST, symbol=VAKBN
2026-05-07 09:49:48.716 INFO  [scheduling-1] MarketHistoryBackfillService requestId= userId= method= uri= status= durationMs= - Market history backfill started: source=BIST, lookbackDays=365, symbolCount=1
2026-05-07 09:49:48.717 INFO  [scheduling-1] ProviderOrchestrationService requestId= userId= method= uri= status= durationMs= - Market provider orchestration started: providerCount=3, sourceFilter=BIST
2026-05-07 09:49:48.718 INFO  [scheduling-1] ProviderOrchestrationService requestId= userId= method= uri= status= durationMs= - Market provider skipped by supports: providerSource=BINANCE, requestSource=BIST
2026-05-07 09:49:48.718 INFO  [scheduling-1] ProviderOrchestrationService requestId= userId= method= uri= status= durationMs= - Market provider refresh started: source=BIST
2026-05-07 09:49:48.721 INFO  [scheduling-1] BistMarketDataProvider requestId= userId= method= uri= status= durationMs= - Market provider registry resolved: providerSource=BIST, registryMappingCount=30, resolvedSymbols=[THYAO.IS, ASELS.IS, GARAN.IS, AKBNK.IS, BIMAS.IS, KCHOL.IS, SAHOL.IS, EREGL.IS, TUPRS.IS, FROTO.IS, SISE.IS, PETKM.IS, PGSUS.IS, TTKOM.IS, KOZAL.IS, ISCTR.IS, YKBNK.IS, HALKB.IS, VAKBN.IS, TCELL.IS, ARCLK.IS, TOASO.IS, DOHOL.IS, ENKAI.IS, MGROS.IS, GUBRF.IS, HEKTS.IS, KRDMD.IS, SASA.IS, ULKER.IS], fallbackToYaml=true
2026-05-07 09:49:48.722 INFO  [scheduling-1] YahooClient requestId= userId= method= uri= status= durationMs= - BIST Yahoo history request started: symbol=VAKBN.IS, startDate=2025-05-08, endDate=2026-05-07
2026-05-07 09:49:48.832 INFO  [scheduling-1] YahooClient requestId= userId= method= uri= status= durationMs= - BIST Yahoo history request completed: symbol=VAKBN.IS, startDate=2025-05-08, endDate=2026-05-07, historyRecordCount=252
2026-05-07 09:49:48.834 INFO  [scheduling-1] BistMarketDataProvider requestId= userId= method= uri= status= durationMs= - BIST provider history fetch completed: requestedSymbolCount=1, historyRecordCount=252
2026-05-07 09:49:48.834 INFO  [scheduling-1] ProviderOrchestrationService requestId= userId= method= uri= status= durationMs=116 - Market provider refresh completed: source=BIST, quoteCount=0, historyRecordCount=252, durationMs=116
2026-05-07 09:49:48.835 INFO  [scheduling-1] EvdsMarketDataProvider requestId= userId= method= uri= status= durationMs= - EVDS provider supports evaluated: supported=false, enabled=true, requestSource=BIST
2026-05-07 09:49:48.836 INFO  [scheduling-1] ProviderOrchestrationService requestId= userId= method= uri= status= durationMs= - Market provider skipped by supports: providerSource=EVDS, requestSource=BIST
2026-05-07 09:49:48.836 INFO  [scheduling-1] MarketHistoryService requestId= userId= method= uri= status= durationMs= - Market history persistence candidates: source=BIST, receivedCount=252, validatedCount=252, candidateCount=252
2026-05-07 09:49:48.839 INFO  [scheduling-1] MarketHistoryService requestId= userId= method= uri= status= durationMs= - Market history persistence pre-insert: source=BIST, candidateCount=252, insertableCount=252
2026-05-07 09:49:48.897 INFO  [scheduling-1] MarketHistoryService requestId= userId= method= uri= status= durationMs= - Market history cache cleared manually: cacheName=market_history
2026-05-07 09:49:48.902 INFO  [scheduling-1] MarketHistoryService requestId= userId= method= uri= status= durationMs= - Market history persistence completed: source=BIST, received=252, saved=252, skippedDuplicate=0
2026-05-07 09:49:48.903 INFO  [scheduling-1] MarketHistoryBackfillService requestId= userId= method= uri= status= durationMs= - Market history backfill completed: source=BIST, lookbackDays=365, symbolCount=1
2026-05-07 09:49:48.908 INFO  [scheduling-1] MarketHistoryMaintenanceService requestId= userId= method= uri= status= durationMs= - marketBackfillCompleted providerSource=BIST, symbol=VAKBN, fetchedCount=252, savedCount=252
2026-05-07 09:49:48.909 INFO  [scheduling-1] MarketHistoryMaintenanceService requestId= userId= method= uri= status= durationMs= - Market backfill DB stats: providerSource=BIST, symbol=VAKBN, count=252, minPriceDate=2025-05-08, maxPriceDate=2026-05-07, distinctPriceCount=212
2026-05-07 09:49:48.917 INFO  [scheduling-1] MarketHistoryMaintenanceService requestId= userId= method= uri= status= durationMs= - marketBackfillJobStarted providerSource=BIST, symbol=TCELL
2026-05-07 09:49:48.920 INFO  [scheduling-1] MarketHistoryBackfillService requestId= userId= method= uri= status= durationMs= - Market history backfill started: source=BIST, lookbackDays=365, symbolCount=1
2026-05-07 09:49:48.921 INFO  [scheduling-1] ProviderOrchestrationService requestId= userId= method= uri= status= durationMs= - Market provider orchestration started: providerCount=3, sourceFilter=BIST
2026-05-07 09:49:48.922 INFO  [scheduling-1] ProviderOrchestrationService requestId= userId= method= uri= status= durationMs= - Market provider skipped by supports: providerSource=BINANCE, requestSource=BIST
2026-05-07 09:49:48.922 INFO  [scheduling-1] ProviderOrchestrationService requestId= userId= method= uri= status= durationMs= - Market provider refresh started: source=BIST
2026-05-07 09:49:48.925 INFO  [scheduling-1] BistMarketDataProvider requestId= userId= method= uri= status= durationMs= - Market provider registry resolved: providerSource=BIST, registryMappingCount=30, resolvedSymbols=[THYAO.IS, ASELS.IS, GARAN.IS, AKBNK.IS, BIMAS.IS, KCHOL.IS, SAHOL.IS, EREGL.IS, TUPRS.IS, FROTO.IS, SISE.IS, PETKM.IS, PGSUS.IS, TTKOM.IS, KOZAL.IS, ISCTR.IS, YKBNK.IS, HALKB.IS, VAKBN.IS, TCELL.IS, ARCLK.IS, TOASO.IS, DOHOL.IS, ENKAI.IS, MGROS.IS, GUBRF.IS, HEKTS.IS, KRDMD.IS, SASA.IS, ULKER.IS], fallbackToYaml=true
2026-05-07 09:49:48.926 INFO  [scheduling-1] YahooClient requestId= userId= method= uri= status= durationMs= - BIST Yahoo history request started: symbol=TCELL.IS, startDate=2025-05-08, endDate=2026-05-07
2026-05-07 09:49:49.039 INFO  [scheduling-1] YahooClient requestId= userId= method= uri= status= durationMs= - BIST Yahoo history request completed: symbol=TCELL.IS, startDate=2025-05-08, endDate=2026-05-07, historyRecordCount=252
2026-05-07 09:49:49.040 INFO  [scheduling-1] BistMarketDataProvider requestId= userId= method= uri= status= durationMs= - BIST provider history fetch completed: requestedSymbolCount=1, historyRecordCount=252
2026-05-07 09:49:49.041 INFO  [scheduling-1] ProviderOrchestrationService requestId= userId= method= uri= status= durationMs=118 - Market provider refresh completed: source=BIST, quoteCount=0, historyRecordCount=252, durationMs=118
2026-05-07 09:49:49.042 INFO  [scheduling-1] EvdsMarketDataProvider requestId= userId= method= uri= status= durationMs= - EVDS provider supports evaluated: supported=false, enabled=true, requestSource=BIST
2026-05-07 09:49:49.042 INFO  [scheduling-1] ProviderOrchestrationService requestId= userId= method= uri= status= durationMs= - Market provider skipped by supports: providerSource=EVDS, requestSource=BIST
2026-05-07 09:49:49.043 INFO  [scheduling-1] MarketHistoryService requestId= userId= method= uri= status= durationMs= - Market history persistence candidates: source=BIST, receivedCount=252, validatedCount=252, candidateCount=252
2026-05-07 09:49:49.046 INFO  [scheduling-1] MarketHistoryService requestId= userId= method= uri= status= durationMs= - Market history persistence pre-insert: source=BIST, candidateCount=252, insertableCount=252
2026-05-07 09:49:49.129 INFO  [scheduling-1] MarketHistoryService requestId= userId= method= uri= status= durationMs= - Market history cache cleared manually: cacheName=market_history
2026-05-07 09:49:49.130 INFO  [scheduling-1] MarketHistoryService requestId= userId= method= uri= status= durationMs= - Market history persistence completed: source=BIST, received=252, saved=252, skippedDuplicate=0
2026-05-07 09:49:49.131 INFO  [scheduling-1] MarketHistoryBackfillService requestId= userId= method= uri= status= durationMs= - Market history backfill completed: source=BIST, lookbackDays=365, symbolCount=1
2026-05-07 09:49:49.136 INFO  [scheduling-1] MarketHistoryMaintenanceService requestId= userId= method= uri= status= durationMs= - marketBackfillCompleted providerSource=BIST, symbol=TCELL, fetchedCount=252, savedCount=252
2026-05-07 09:49:49.137 INFO  [scheduling-1] MarketHistoryMaintenanceService requestId= userId= method= uri= status= durationMs= - Market backfill DB stats: providerSource=BIST, symbol=TCELL, count=252, minPriceDate=2025-05-08, maxPriceDate=2026-05-07, distinctPriceCount=195
2026-05-07 09:49:49.150 INFO  [scheduling-1] MarketHistoryMaintenanceService requestId= userId= method= uri= status= durationMs= - marketBackfillJobStarted providerSource=BIST, symbol=ARCLK
2026-05-07 09:49:49.156 INFO  [scheduling-1] MarketHistoryBackfillService requestId= userId= method= uri= status= durationMs= - Market history backfill started: source=BIST, lookbackDays=365, symbolCount=1
2026-05-07 09:49:49.157 INFO  [scheduling-1] ProviderOrchestrationService requestId= userId= method= uri= status= durationMs= - Market provider orchestration started: providerCount=3, sourceFilter=BIST
2026-05-07 09:49:49.157 INFO  [scheduling-1] ProviderOrchestrationService requestId= userId= method= uri= status= durationMs= - Market provider skipped by supports: providerSource=BINANCE, requestSource=BIST
2026-05-07 09:49:49.158 INFO  [scheduling-1] ProviderOrchestrationService requestId= userId= method= uri= status= durationMs= - Market provider refresh started: source=BIST
2026-05-07 09:49:49.164 INFO  [scheduling-1] BistMarketDataProvider requestId= userId= method= uri= status= durationMs= - Market provider registry resolved: providerSource=BIST, registryMappingCount=30, resolvedSymbols=[THYAO.IS, ASELS.IS, GARAN.IS, AKBNK.IS, BIMAS.IS, KCHOL.IS, SAHOL.IS, EREGL.IS, TUPRS.IS, FROTO.IS, SISE.IS, PETKM.IS, PGSUS.IS, TTKOM.IS, KOZAL.IS, ISCTR.IS, YKBNK.IS, HALKB.IS, VAKBN.IS, TCELL.IS, ARCLK.IS, TOASO.IS, DOHOL.IS, ENKAI.IS, MGROS.IS, GUBRF.IS, HEKTS.IS, KRDMD.IS, SASA.IS, ULKER.IS], fallbackToYaml=true
2026-05-07 09:49:49.165 INFO  [scheduling-1] YahooClient requestId= userId= method= uri= status= durationMs= - BIST Yahoo history request started: symbol=ARCLK.IS, startDate=2025-05-08, endDate=2026-05-07
2026-05-07 09:49:49.299 INFO  [scheduling-1] YahooClient requestId= userId= method= uri= status= durationMs= - BIST Yahoo history request completed: symbol=ARCLK.IS, startDate=2025-05-08, endDate=2026-05-07, historyRecordCount=252
2026-05-07 09:49:49.300 INFO  [scheduling-1] BistMarketDataProvider requestId= userId= method= uri= status= durationMs= - BIST provider history fetch completed: requestedSymbolCount=1, historyRecordCount=252
2026-05-07 09:49:49.301 INFO  [scheduling-1] ProviderOrchestrationService requestId= userId= method= uri= status= durationMs=142 - Market provider refresh completed: source=BIST, quoteCount=0, historyRecordCount=252, durationMs=142
2026-05-07 09:49:49.302 INFO  [scheduling-1] EvdsMarketDataProvider requestId= userId= method= uri= status= durationMs= - EVDS provider supports evaluated: supported=false, enabled=true, requestSource=BIST
2026-05-07 09:49:49.302 INFO  [scheduling-1] ProviderOrchestrationService requestId= userId= method= uri= status= durationMs= - Market provider skipped by supports: providerSource=EVDS, requestSource=BIST
2026-05-07 09:49:49.303 INFO  [scheduling-1] MarketHistoryService requestId= userId= method= uri= status= durationMs= - Market history persistence candidates: source=BIST, receivedCount=252, validatedCount=252, candidateCount=252
2026-05-07 09:49:49.305 INFO  [scheduling-1] MarketHistoryService requestId= userId= method= uri= status= durationMs= - Market history persistence pre-insert: source=BIST, candidateCount=252, insertableCount=252
2026-05-07 09:49:49.350 INFO  [scheduling-1] MarketHistoryService requestId= userId= method= uri= status= durationMs= - Market history cache cleared manually: cacheName=market_history
2026-05-07 09:49:49.351 INFO  [scheduling-1] MarketHistoryService requestId= userId= method= uri= status= durationMs= - Market history persistence completed: source=BIST, received=252, saved=252, skippedDuplicate=0
2026-05-07 09:49:49.352 INFO  [scheduling-1] MarketHistoryBackfillService requestId= userId= method= uri= status= durationMs= - Market history backfill completed: source=BIST, lookbackDays=365, symbolCount=1
2026-05-07 09:49:49.357 INFO  [scheduling-1] MarketHistoryMaintenanceService requestId= userId= method= uri= status= durationMs= - marketBackfillCompleted providerSource=BIST, symbol=ARCLK, fetchedCount=252, savedCount=252
2026-05-07 09:49:49.358 INFO  [scheduling-1] MarketHistoryMaintenanceService requestId= userId= method= uri= status= durationMs= - Market backfill DB stats: providerSource=BIST, symbol=ARCLK, count=252, minPriceDate=2025-05-08, maxPriceDate=2026-05-07, distinctPriceCount=167
2026-05-07 09:49:49.364 INFO  [scheduling-1] MarketHistoryMaintenanceService requestId= userId= method= uri= status= durationMs= - marketBackfillJobStarted providerSource=BIST, symbol=TOASO
2026-05-07 09:49:49.368 INFO  [scheduling-1] MarketHistoryBackfillService requestId= userId= method= uri= status= durationMs= - Market history backfill started: source=BIST, lookbackDays=365, symbolCount=1
2026-05-07 09:49:49.368 INFO  [scheduling-1] ProviderOrchestrationService requestId= userId= method= uri= status= durationMs= - Market provider orchestration started: providerCount=3, sourceFilter=BIST
2026-05-07 09:49:49.369 INFO  [scheduling-1] ProviderOrchestrationService requestId= userId= method= uri= status= durationMs= - Market provider skipped by supports: providerSource=BINANCE, requestSource=BIST
2026-05-07 09:49:49.369 INFO  [scheduling-1] ProviderOrchestrationService requestId= userId= method= uri= status= durationMs= - Market provider refresh started: source=BIST
2026-05-07 09:49:49.372 INFO  [scheduling-1] BistMarketDataProvider requestId= userId= method= uri= status= durationMs= - Market provider registry resolved: providerSource=BIST, registryMappingCount=30, resolvedSymbols=[THYAO.IS, ASELS.IS, GARAN.IS, AKBNK.IS, BIMAS.IS, KCHOL.IS, SAHOL.IS, EREGL.IS, TUPRS.IS, FROTO.IS, SISE.IS, PETKM.IS, PGSUS.IS, TTKOM.IS, KOZAL.IS, ISCTR.IS, YKBNK.IS, HALKB.IS, VAKBN.IS, TCELL.IS, ARCLK.IS, TOASO.IS, DOHOL.IS, ENKAI.IS, MGROS.IS, GUBRF.IS, HEKTS.IS, KRDMD.IS, SASA.IS, ULKER.IS], fallbackToYaml=true
2026-05-07 09:49:49.373 INFO  [scheduling-1] YahooClient requestId= userId= method= uri= status= durationMs= - BIST Yahoo history request started: symbol=TOASO.IS, startDate=2025-05-08, endDate=2026-05-07
2026-05-07 09:49:49.520 INFO  [scheduling-1] YahooClient requestId= userId= method= uri= status= durationMs= - BIST Yahoo history request completed: symbol=TOASO.IS, startDate=2025-05-08, endDate=2026-05-07, historyRecordCount=252
2026-05-07 09:49:49.521 INFO  [scheduling-1] BistMarketDataProvider requestId= userId= method= uri= status= durationMs= - BIST provider history fetch completed: requestedSymbolCount=1, historyRecordCount=252
2026-05-07 09:49:49.521 INFO  [scheduling-1] ProviderOrchestrationService requestId= userId= method= uri= status= durationMs=151 - Market provider refresh completed: source=BIST, quoteCount=0, historyRecordCount=252, durationMs=151
2026-05-07 09:49:49.522 INFO  [scheduling-1] EvdsMarketDataProvider requestId= userId= method= uri= status= durationMs= - EVDS provider supports evaluated: supported=false, enabled=true, requestSource=BIST
2026-05-07 09:49:49.522 INFO  [scheduling-1] ProviderOrchestrationService requestId= userId= method= uri= status= durationMs= - Market provider skipped by supports: providerSource=EVDS, requestSource=BIST
2026-05-07 09:49:49.523 INFO  [scheduling-1] MarketHistoryService requestId= userId= method= uri= status= durationMs= - Market history persistence candidates: source=BIST, receivedCount=252, validatedCount=252, candidateCount=252
2026-05-07 09:49:49.525 INFO  [scheduling-1] MarketHistoryService requestId= userId= method= uri= status= durationMs= - Market history persistence pre-insert: source=BIST, candidateCount=252, insertableCount=252
2026-05-07 09:49:49.572 INFO  [scheduling-1] MarketHistoryService requestId= userId= method= uri= status= durationMs= - Market history cache cleared manually: cacheName=market_history
2026-05-07 09:49:49.573 INFO  [scheduling-1] MarketHistoryService requestId= userId= method= uri= status= durationMs= - Market history persistence completed: source=BIST, received=252, saved=252, skippedDuplicate=0
2026-05-07 09:49:49.573 INFO  [scheduling-1] MarketHistoryBackfillService requestId= userId= method= uri= status= durationMs= - Market history backfill completed: source=BIST, lookbackDays=365, symbolCount=1
2026-05-07 09:49:49.577 INFO  [scheduling-1] MarketHistoryMaintenanceService requestId= userId= method= uri= status= durationMs= - marketBackfillCompleted providerSource=BIST, symbol=TOASO, fetchedCount=252, savedCount=252
2026-05-07 09:49:49.578 INFO  [scheduling-1] MarketHistoryMaintenanceService requestId= userId= method= uri= status= durationMs= - Market backfill DB stats: providerSource=BIST, symbol=TOASO, count=252, minPriceDate=2025-05-08, maxPriceDate=2026-05-07, distinctPriceCount=212
2026-05-07 09:49:49.584 INFO  [scheduling-1] MarketHistoryMaintenanceService requestId= userId= method= uri= status= durationMs= - marketBackfillJobStarted providerSource=BIST, symbol=DOHOL
2026-05-07 09:49:49.587 INFO  [scheduling-1] MarketHistoryBackfillService requestId= userId= method= uri= status= durationMs= - Market history backfill started: source=BIST, lookbackDays=365, symbolCount=1
2026-05-07 09:49:49.588 INFO  [scheduling-1] ProviderOrchestrationService requestId= userId= method= uri= status= durationMs= - Market provider orchestration started: providerCount=3, sourceFilter=BIST
2026-05-07 09:49:49.589 INFO  [scheduling-1] ProviderOrchestrationService requestId= userId= method= uri= status= durationMs= - Market provider skipped by supports: providerSource=BINANCE, requestSource=BIST
2026-05-07 09:49:49.589 INFO  [scheduling-1] ProviderOrchestrationService requestId= userId= method= uri= status= durationMs= - Market provider refresh started: source=BIST
2026-05-07 09:49:49.592 INFO  [scheduling-1] BistMarketDataProvider requestId= userId= method= uri= status= durationMs= - Market provider registry resolved: providerSource=BIST, registryMappingCount=30, resolvedSymbols=[THYAO.IS, ASELS.IS, GARAN.IS, AKBNK.IS, BIMAS.IS, KCHOL.IS, SAHOL.IS, EREGL.IS, TUPRS.IS, FROTO.IS, SISE.IS, PETKM.IS, PGSUS.IS, TTKOM.IS, KOZAL.IS, ISCTR.IS, YKBNK.IS, HALKB.IS, VAKBN.IS, TCELL.IS, ARCLK.IS, TOASO.IS, DOHOL.IS, ENKAI.IS, MGROS.IS, GUBRF.IS, HEKTS.IS, KRDMD.IS, SASA.IS, ULKER.IS], fallbackToYaml=true
2026-05-07 09:49:49.593 INFO  [scheduling-1] YahooClient requestId= userId= method= uri= status= durationMs= - BIST Yahoo history request started: symbol=DOHOL.IS, startDate=2025-05-08, endDate=2026-05-07
2026-05-07 09:49:49.726 INFO  [scheduling-1] YahooClient requestId= userId= method= uri= status= durationMs= - BIST Yahoo history request completed: symbol=DOHOL.IS, startDate=2025-05-08, endDate=2026-05-07, historyRecordCount=252
2026-05-07 09:49:49.727 INFO  [scheduling-1] BistMarketDataProvider requestId= userId= method= uri= status= durationMs= - BIST provider history fetch completed: requestedSymbolCount=1, historyRecordCount=252
2026-05-07 09:49:49.728 INFO  [scheduling-1] ProviderOrchestrationService requestId= userId= method= uri= status= durationMs=138 - Market provider refresh completed: source=BIST, quoteCount=0, historyRecordCount=252, durationMs=138
2026-05-07 09:49:49.728 INFO  [scheduling-1] EvdsMarketDataProvider requestId= userId= method= uri= status= durationMs= - EVDS provider supports evaluated: supported=false, enabled=true, requestSource=BIST
2026-05-07 09:49:49.729 INFO  [scheduling-1] ProviderOrchestrationService requestId= userId= method= uri= status= durationMs= - Market provider skipped by supports: providerSource=EVDS, requestSource=BIST
2026-05-07 09:49:49.730 INFO  [scheduling-1] MarketHistoryService requestId= userId= method= uri= status= durationMs= - Market history persistence candidates: source=BIST, receivedCount=252, validatedCount=252, candidateCount=252
2026-05-07 09:49:49.731 INFO  [scheduling-1] MarketHistoryService requestId= userId= method= uri= status= durationMs= - Market history persistence pre-insert: source=BIST, candidateCount=252, insertableCount=252
2026-05-07 09:49:49.782 INFO  [scheduling-1] MarketHistoryService requestId= userId= method= uri= status= durationMs= - Market history cache cleared manually: cacheName=market_history
2026-05-07 09:49:49.783 INFO  [scheduling-1] MarketHistoryService requestId= userId= method= uri= status= durationMs= - Market history persistence completed: source=BIST, received=252, saved=252, skippedDuplicate=0
2026-05-07 09:49:49.784 INFO  [scheduling-1] MarketHistoryBackfillService requestId= userId= method= uri= status= durationMs= - Market history backfill completed: source=BIST, lookbackDays=365, symbolCount=1
2026-05-07 09:49:49.787 INFO  [scheduling-1] MarketHistoryMaintenanceService requestId= userId= method= uri= status= durationMs= - marketBackfillCompleted providerSource=BIST, symbol=DOHOL, fetchedCount=252, savedCount=252
2026-05-07 09:49:49.788 INFO  [scheduling-1] MarketHistoryMaintenanceService requestId= userId= method= uri= status= durationMs= - Market backfill DB stats: providerSource=BIST, symbol=DOHOL, count=252, minPriceDate=2025-05-08, maxPriceDate=2026-05-07, distinctPriceCount=198
2026-05-07 09:49:49.794 INFO  [scheduling-1] MarketHistoryMaintenanceService requestId= userId= method= uri= status= durationMs= - marketBackfillJobStarted providerSource=BIST, symbol=ENKAI
2026-05-07 09:49:49.798 INFO  [scheduling-1] MarketHistoryBackfillService requestId= userId= method= uri= status= durationMs= - Market history backfill started: source=BIST, lookbackDays=365, symbolCount=1
2026-05-07 09:49:49.799 INFO  [scheduling-1] ProviderOrchestrationService requestId= userId= method= uri= status= durationMs= - Market provider orchestration started: providerCount=3, sourceFilter=BIST
2026-05-07 09:49:49.800 INFO  [scheduling-1] ProviderOrchestrationService requestId= userId= method= uri= status= durationMs= - Market provider skipped by supports: providerSource=BINANCE, requestSource=BIST
2026-05-07 09:49:49.800 INFO  [scheduling-1] ProviderOrchestrationService requestId= userId= method= uri= status= durationMs= - Market provider refresh started: source=BIST
2026-05-07 09:49:49.804 INFO  [scheduling-1] BistMarketDataProvider requestId= userId= method= uri= status= durationMs= - Market provider registry resolved: providerSource=BIST, registryMappingCount=30, resolvedSymbols=[THYAO.IS, ASELS.IS, GARAN.IS, AKBNK.IS, BIMAS.IS, KCHOL.IS, SAHOL.IS, EREGL.IS, TUPRS.IS, FROTO.IS, SISE.IS, PETKM.IS, PGSUS.IS, TTKOM.IS, KOZAL.IS, ISCTR.IS, YKBNK.IS, HALKB.IS, VAKBN.IS, TCELL.IS, ARCLK.IS, TOASO.IS, DOHOL.IS, ENKAI.IS, MGROS.IS, GUBRF.IS, HEKTS.IS, KRDMD.IS, SASA.IS, ULKER.IS], fallbackToYaml=true
2026-05-07 09:49:49.805 INFO  [scheduling-1] YahooClient requestId= userId= method= uri= status= durationMs= - BIST Yahoo history request started: symbol=ENKAI.IS, startDate=2025-05-08, endDate=2026-05-07
2026-05-07 09:49:49.928 INFO  [scheduling-1] YahooClient requestId= userId= method= uri= status= durationMs= - BIST Yahoo history request completed: symbol=ENKAI.IS, startDate=2025-05-08, endDate=2026-05-07, historyRecordCount=252
2026-05-07 09:49:49.929 INFO  [scheduling-1] BistMarketDataProvider requestId= userId= method= uri= status= durationMs= - BIST provider history fetch completed: requestedSymbolCount=1, historyRecordCount=252
2026-05-07 09:49:49.930 INFO  [scheduling-1] ProviderOrchestrationService requestId= userId= method= uri= status= durationMs=129 - Market provider refresh completed: source=BIST, quoteCount=0, historyRecordCount=252, durationMs=129
2026-05-07 09:49:49.931 INFO  [scheduling-1] EvdsMarketDataProvider requestId= userId= method= uri= status= durationMs= - EVDS provider supports evaluated: supported=false, enabled=true, requestSource=BIST
2026-05-07 09:49:49.932 INFO  [scheduling-1] ProviderOrchestrationService requestId= userId= method= uri= status= durationMs= - Market provider skipped by supports: providerSource=EVDS, requestSource=BIST
2026-05-07 09:49:49.932 INFO  [scheduling-1] MarketHistoryService requestId= userId= method= uri= status= durationMs= - Market history persistence candidates: source=BIST, receivedCount=252, validatedCount=252, candidateCount=252
2026-05-07 09:49:49.935 INFO  [scheduling-1] MarketHistoryService requestId= userId= method= uri= status= durationMs= - Market history persistence pre-insert: source=BIST, candidateCount=252, insertableCount=252
2026-05-07 09:49:49.982 INFO  [scheduling-1] MarketHistoryService requestId= userId= method= uri= status= durationMs= - Market history cache cleared manually: cacheName=market_history
2026-05-07 09:49:49.983 INFO  [scheduling-1] MarketHistoryService requestId= userId= method= uri= status= durationMs= - Market history persistence completed: source=BIST, received=252, saved=252, skippedDuplicate=0
2026-05-07 09:49:49.984 INFO  [scheduling-1] MarketHistoryBackfillService requestId= userId= method= uri= status= durationMs= - Market history backfill completed: source=BIST, lookbackDays=365, symbolCount=1
2026-05-07 09:49:49.987 INFO  [scheduling-1] MarketHistoryMaintenanceService requestId= userId= method= uri= status= durationMs= - marketBackfillCompleted providerSource=BIST, symbol=ENKAI, fetchedCount=252, savedCount=252
2026-05-07 09:49:49.988 INFO  [scheduling-1] MarketHistoryMaintenanceService requestId= userId= method= uri= status= durationMs= - Market backfill DB stats: providerSource=BIST, symbol=ENKAI, count=252, minPriceDate=2025-05-08, maxPriceDate=2026-05-07, distinctPriceCount=206
2026-05-07 09:49:49.995 INFO  [scheduling-1] MarketHistoryMaintenanceService requestId= userId= method= uri= status= durationMs= - marketBackfillJobStarted providerSource=BIST, symbol=MGROS
2026-05-07 09:49:49.999 INFO  [scheduling-1] MarketHistoryBackfillService requestId= userId= method= uri= status= durationMs= - Market history backfill started: source=BIST, lookbackDays=365, symbolCount=1
2026-05-07 09:49:50.000 INFO  [scheduling-1] ProviderOrchestrationService requestId= userId= method= uri= status= durationMs= - Market provider orchestration started: providerCount=3, sourceFilter=BIST
2026-05-07 09:49:50.001 INFO  [scheduling-1] ProviderOrchestrationService requestId= userId= method= uri= status= durationMs= - Market provider skipped by supports: providerSource=BINANCE, requestSource=BIST
2026-05-07 09:49:50.002 INFO  [scheduling-1] ProviderOrchestrationService requestId= userId= method= uri= status= durationMs= - Market provider refresh started: source=BIST
2026-05-07 09:49:50.005 INFO  [scheduling-1] BistMarketDataProvider requestId= userId= method= uri= status= durationMs= - Market provider registry resolved: providerSource=BIST, registryMappingCount=30, resolvedSymbols=[THYAO.IS, ASELS.IS, GARAN.IS, AKBNK.IS, BIMAS.IS, KCHOL.IS, SAHOL.IS, EREGL.IS, TUPRS.IS, FROTO.IS, SISE.IS, PETKM.IS, PGSUS.IS, TTKOM.IS, KOZAL.IS, ISCTR.IS, YKBNK.IS, HALKB.IS, VAKBN.IS, TCELL.IS, ARCLK.IS, TOASO.IS, DOHOL.IS, ENKAI.IS, MGROS.IS, GUBRF.IS, HEKTS.IS, KRDMD.IS, SASA.IS, ULKER.IS], fallbackToYaml=true
2026-05-07 09:49:50.006 INFO  [scheduling-1] YahooClient requestId= userId= method= uri= status= durationMs= - BIST Yahoo history request started: symbol=MGROS.IS, startDate=2025-05-08, endDate=2026-05-07
2026-05-07 09:49:50.130 INFO  [scheduling-1] YahooClient requestId= userId= method= uri= status= durationMs= - BIST Yahoo history request completed: symbol=MGROS.IS, startDate=2025-05-08, endDate=2026-05-07, historyRecordCount=252
2026-05-07 09:49:50.131 INFO  [scheduling-1] BistMarketDataProvider requestId= userId= method= uri= status= durationMs= - BIST provider history fetch completed: requestedSymbolCount=1, historyRecordCount=252
2026-05-07 09:49:50.132 INFO  [scheduling-1] ProviderOrchestrationService requestId= userId= method= uri= status= durationMs=129 - Market provider refresh completed: source=BIST, quoteCount=0, historyRecordCount=252, durationMs=129
2026-05-07 09:49:50.132 INFO  [scheduling-1] EvdsMarketDataProvider requestId= userId= method= uri= status= durationMs= - EVDS provider supports evaluated: supported=false, enabled=true, requestSource=BIST
2026-05-07 09:49:50.133 INFO  [scheduling-1] ProviderOrchestrationService requestId= userId= method= uri= status= durationMs= - Market provider skipped by supports: providerSource=EVDS, requestSource=BIST
2026-05-07 09:49:50.133 INFO  [scheduling-1] MarketHistoryService requestId= userId= method= uri= status= durationMs= - Market history persistence candidates: source=BIST, receivedCount=252, validatedCount=252, candidateCount=252
2026-05-07 09:49:50.135 INFO  [scheduling-1] MarketHistoryService requestId= userId= method= uri= status= durationMs= - Market history persistence pre-insert: source=BIST, candidateCount=252, insertableCount=252
2026-05-07 09:49:50.182 INFO  [scheduling-1] MarketHistoryService requestId= userId= method= uri= status= durationMs= - Market history cache cleared manually: cacheName=market_history
2026-05-07 09:49:50.183 INFO  [scheduling-1] MarketHistoryService requestId= userId= method= uri= status= durationMs= - Market history persistence completed: source=BIST, received=252, saved=252, skippedDuplicate=0
2026-05-07 09:49:50.184 INFO  [scheduling-1] MarketHistoryBackfillService requestId= userId= method= uri= status= durationMs= - Market history backfill completed: source=BIST, lookbackDays=365, symbolCount=1
2026-05-07 09:49:50.187 INFO  [scheduling-1] MarketHistoryMaintenanceService requestId= userId= method= uri= status= durationMs= - marketBackfillCompleted providerSource=BIST, symbol=MGROS, fetchedCount=252, savedCount=252
2026-05-07 09:49:50.188 INFO  [scheduling-1] MarketHistoryMaintenanceService requestId= userId= method= uri= status= durationMs= - Market backfill DB stats: providerSource=BIST, symbol=MGROS, count=252, minPriceDate=2025-05-08, maxPriceDate=2026-05-07, distinctPriceCount=207
2026-05-07 09:49:50.194 INFO  [scheduling-1] MarketHistoryMaintenanceService requestId= userId= method= uri= status= durationMs= - marketBackfillJobStarted providerSource=BIST, symbol=GUBRF
2026-05-07 09:49:50.198 INFO  [scheduling-1] MarketHistoryBackfillService requestId= userId= method= uri= status= durationMs= - Market history backfill started: source=BIST, lookbackDays=365, symbolCount=1
2026-05-07 09:49:50.199 INFO  [scheduling-1] ProviderOrchestrationService requestId= userId= method= uri= status= durationMs= - Market provider orchestration started: providerCount=3, sourceFilter=BIST
2026-05-07 09:49:50.200 INFO  [scheduling-1] ProviderOrchestrationService requestId= userId= method= uri= status= durationMs= - Market provider skipped by supports: providerSource=BINANCE, requestSource=BIST
2026-05-07 09:49:50.201 INFO  [scheduling-1] ProviderOrchestrationService requestId= userId= method= uri= status= durationMs= - Market provider refresh started: source=BIST
2026-05-07 09:49:50.204 INFO  [scheduling-1] BistMarketDataProvider requestId= userId= method= uri= status= durationMs= - Market provider registry resolved: providerSource=BIST, registryMappingCount=30, resolvedSymbols=[THYAO.IS, ASELS.IS, GARAN.IS, AKBNK.IS, BIMAS.IS, KCHOL.IS, SAHOL.IS, EREGL.IS, TUPRS.IS, FROTO.IS, SISE.IS, PETKM.IS, PGSUS.IS, TTKOM.IS, KOZAL.IS, ISCTR.IS, YKBNK.IS, HALKB.IS, VAKBN.IS, TCELL.IS, ARCLK.IS, TOASO.IS, DOHOL.IS, ENKAI.IS, MGROS.IS, GUBRF.IS, HEKTS.IS, KRDMD.IS, SASA.IS, ULKER.IS], fallbackToYaml=true
2026-05-07 09:49:50.204 INFO  [scheduling-1] YahooClient requestId= userId= method= uri= status= durationMs= - BIST Yahoo history request started: symbol=GUBRF.IS, startDate=2025-05-08, endDate=2026-05-07
2026-05-07 09:49:50.315 INFO  [scheduling-1] YahooClient requestId= userId= method= uri= status= durationMs= - BIST Yahoo history request completed: symbol=GUBRF.IS, startDate=2025-05-08, endDate=2026-05-07, historyRecordCount=252
2026-05-07 09:49:50.316 INFO  [scheduling-1] BistMarketDataProvider requestId= userId= method= uri= status= durationMs= - BIST provider history fetch completed: requestedSymbolCount=1, historyRecordCount=252
2026-05-07 09:49:50.317 INFO  [scheduling-1] ProviderOrchestrationService requestId= userId= method= uri= status= durationMs=116 - Market provider refresh completed: source=BIST, quoteCount=0, historyRecordCount=252, durationMs=116
2026-05-07 09:49:50.318 INFO  [scheduling-1] EvdsMarketDataProvider requestId= userId= method= uri= status= durationMs= - EVDS provider supports evaluated: supported=false, enabled=true, requestSource=BIST
2026-05-07 09:49:50.319 INFO  [scheduling-1] ProviderOrchestrationService requestId= userId= method= uri= status= durationMs= - Market provider skipped by supports: providerSource=EVDS, requestSource=BIST
2026-05-07 09:49:50.320 INFO  [scheduling-1] MarketHistoryService requestId= userId= method= uri= status= durationMs= - Market history persistence candidates: source=BIST, receivedCount=252, validatedCount=252, candidateCount=252
2026-05-07 09:49:50.322 INFO  [scheduling-1] MarketHistoryService requestId= userId= method= uri= status= durationMs= - Market history persistence pre-insert: source=BIST, candidateCount=252, insertableCount=252
2026-05-07 09:49:50.368 INFO  [scheduling-1] MarketHistoryService requestId= userId= method= uri= status= durationMs= - Market history cache cleared manually: cacheName=market_history
2026-05-07 09:49:50.369 INFO  [scheduling-1] MarketHistoryService requestId= userId= method= uri= status= durationMs= - Market history persistence completed: source=BIST, received=252, saved=252, skippedDuplicate=0
2026-05-07 09:49:50.370 INFO  [scheduling-1] MarketHistoryBackfillService requestId= userId= method= uri= status= durationMs= - Market history backfill completed: source=BIST, lookbackDays=365, symbolCount=1
2026-05-07 09:49:50.373 INFO  [scheduling-1] MarketHistoryMaintenanceService requestId= userId= method= uri= status= durationMs= - marketBackfillCompleted providerSource=BIST, symbol=GUBRF, fetchedCount=252, savedCount=252
2026-05-07 09:49:50.374 INFO  [scheduling-1] MarketHistoryMaintenanceService requestId= userId= method= uri= status= durationMs= - Market backfill DB stats: providerSource=BIST, symbol=GUBRF, count=252, minPriceDate=2025-05-08, maxPriceDate=2026-05-07, distinctPriceCount=216
2026-05-07 09:49:50.380 INFO  [scheduling-1] MarketHistoryMaintenanceService requestId= userId= method= uri= status= durationMs= - marketBackfillJobStarted providerSource=BIST, symbol=HEKTS
2026-05-07 09:49:50.384 INFO  [scheduling-1] MarketHistoryBackfillService requestId= userId= method= uri= status= durationMs= - Market history backfill started: source=BIST, lookbackDays=365, symbolCount=1
2026-05-07 09:49:50.385 INFO  [scheduling-1] ProviderOrchestrationService requestId= userId= method= uri= status= durationMs= - Market provider orchestration started: providerCount=3, sourceFilter=BIST
2026-05-07 09:49:50.385 INFO  [scheduling-1] ProviderOrchestrationService requestId= userId= method= uri= status= durationMs= - Market provider skipped by supports: providerSource=BINANCE, requestSource=BIST
2026-05-07 09:49:50.386 INFO  [scheduling-1] ProviderOrchestrationService requestId= userId= method= uri= status= durationMs= - Market provider refresh started: source=BIST
2026-05-07 09:49:50.389 INFO  [scheduling-1] BistMarketDataProvider requestId= userId= method= uri= status= durationMs= - Market provider registry resolved: providerSource=BIST, registryMappingCount=30, resolvedSymbols=[THYAO.IS, ASELS.IS, GARAN.IS, AKBNK.IS, BIMAS.IS, KCHOL.IS, SAHOL.IS, EREGL.IS, TUPRS.IS, FROTO.IS, SISE.IS, PETKM.IS, PGSUS.IS, TTKOM.IS, KOZAL.IS, ISCTR.IS, YKBNK.IS, HALKB.IS, VAKBN.IS, TCELL.IS, ARCLK.IS, TOASO.IS, DOHOL.IS, ENKAI.IS, MGROS.IS, GUBRF.IS, HEKTS.IS, KRDMD.IS, SASA.IS, ULKER.IS], fallbackToYaml=true
2026-05-07 09:49:50.390 INFO  [scheduling-1] YahooClient requestId= userId= method= uri= status= durationMs= - BIST Yahoo history request started: symbol=HEKTS.IS, startDate=2025-05-08, endDate=2026-05-07
2026-05-07 09:49:50.504 INFO  [scheduling-1] YahooClient requestId= userId= method= uri= status= durationMs= - BIST Yahoo history request completed: symbol=HEKTS.IS, startDate=2025-05-08, endDate=2026-05-07, historyRecordCount=252
2026-05-07 09:49:50.505 INFO  [scheduling-1] BistMarketDataProvider requestId= userId= method= uri= status= durationMs= - BIST provider history fetch completed: requestedSymbolCount=1, historyRecordCount=252
2026-05-07 09:49:50.505 INFO  [scheduling-1] ProviderOrchestrationService requestId= userId= method= uri= status= durationMs=119 - Market provider refresh completed: source=BIST, quoteCount=0, historyRecordCount=252, durationMs=119
2026-05-07 09:49:50.506 INFO  [scheduling-1] EvdsMarketDataProvider requestId= userId= method= uri= status= durationMs= - EVDS provider supports evaluated: supported=false, enabled=true, requestSource=BIST
2026-05-07 09:49:50.506 INFO  [scheduling-1] ProviderOrchestrationService requestId= userId= method= uri= status= durationMs= - Market provider skipped by supports: providerSource=EVDS, requestSource=BIST
2026-05-07 09:49:50.507 INFO  [scheduling-1] MarketHistoryService requestId= userId= method= uri= status= durationMs= - Market history persistence candidates: source=BIST, receivedCount=252, validatedCount=252, candidateCount=252
2026-05-07 09:49:50.509 INFO  [scheduling-1] MarketHistoryService requestId= userId= method= uri= status= durationMs= - Market history persistence pre-insert: source=BIST, candidateCount=252, insertableCount=252
2026-05-07 09:49:50.555 INFO  [scheduling-1] MarketHistoryService requestId= userId= method= uri= status= durationMs= - Market history cache cleared manually: cacheName=market_history
2026-05-07 09:49:50.555 INFO  [scheduling-1] MarketHistoryService requestId= userId= method= uri= status= durationMs= - Market history persistence completed: source=BIST, received=252, saved=252, skippedDuplicate=0
2026-05-07 09:49:50.556 INFO  [scheduling-1] MarketHistoryBackfillService requestId= userId= method= uri= status= durationMs= - Market history backfill completed: source=BIST, lookbackDays=365, symbolCount=1
2026-05-07 09:49:50.560 INFO  [scheduling-1] MarketHistoryMaintenanceService requestId= userId= method= uri= status= durationMs= - marketBackfillCompleted providerSource=BIST, symbol=HEKTS, fetchedCount=252, savedCount=252
2026-05-07 09:49:50.561 INFO  [scheduling-1] MarketHistoryMaintenanceService requestId= userId= method= uri= status= durationMs= - Market backfill DB stats: providerSource=BIST, symbol=HEKTS, count=252, minPriceDate=2025-05-08, maxPriceDate=2026-05-07, distinctPriceCount=116
2026-05-07 09:49:50.567 INFO  [scheduling-1] MarketHistoryMaintenanceService requestId= userId= method= uri= status= durationMs= - marketBackfillJobStarted providerSource=BIST, symbol=KRDMD
2026-05-07 09:49:50.571 INFO  [scheduling-1] MarketHistoryBackfillService requestId= userId= method= uri= status= durationMs= - Market history backfill started: source=BIST, lookbackDays=365, symbolCount=1
2026-05-07 09:49:50.571 INFO  [scheduling-1] ProviderOrchestrationService requestId= userId= method= uri= status= durationMs= - Market provider orchestration started: providerCount=3, sourceFilter=BIST
2026-05-07 09:49:50.572 INFO  [scheduling-1] ProviderOrchestrationService requestId= userId= method= uri= status= durationMs= - Market provider skipped by supports: providerSource=BINANCE, requestSource=BIST
2026-05-07 09:49:50.573 INFO  [scheduling-1] ProviderOrchestrationService requestId= userId= method= uri= status= durationMs= - Market provider refresh started: source=BIST
2026-05-07 09:49:50.575 INFO  [scheduling-1] BistMarketDataProvider requestId= userId= method= uri= status= durationMs= - Market provider registry resolved: providerSource=BIST, registryMappingCount=30, resolvedSymbols=[THYAO.IS, ASELS.IS, GARAN.IS, AKBNK.IS, BIMAS.IS, KCHOL.IS, SAHOL.IS, EREGL.IS, TUPRS.IS, FROTO.IS, SISE.IS, PETKM.IS, PGSUS.IS, TTKOM.IS, KOZAL.IS, ISCTR.IS, YKBNK.IS, HALKB.IS, VAKBN.IS, TCELL.IS, ARCLK.IS, TOASO.IS, DOHOL.IS, ENKAI.IS, MGROS.IS, GUBRF.IS, HEKTS.IS, KRDMD.IS, SASA.IS, ULKER.IS], fallbackToYaml=true
2026-05-07 09:49:50.576 INFO  [scheduling-1] YahooClient requestId= userId= method= uri= status= durationMs= - BIST Yahoo history request started: symbol=KRDMD.IS, startDate=2025-05-08, endDate=2026-05-07
2026-05-07 09:49:50.680 INFO  [scheduling-1] YahooClient requestId= userId= method= uri= status= durationMs= - BIST Yahoo history request completed: symbol=KRDMD.IS, startDate=2025-05-08, endDate=2026-05-07, historyRecordCount=252
2026-05-07 09:49:50.681 INFO  [scheduling-1] BistMarketDataProvider requestId= userId= method= uri= status= durationMs= - BIST provider history fetch completed: requestedSymbolCount=1, historyRecordCount=252
2026-05-07 09:49:50.682 INFO  [scheduling-1] ProviderOrchestrationService requestId= userId= method= uri= status= durationMs=109 - Market provider refresh completed: source=BIST, quoteCount=0, historyRecordCount=252, durationMs=109
2026-05-07 09:49:50.683 INFO  [scheduling-1] EvdsMarketDataProvider requestId= userId= method= uri= status= durationMs= - EVDS provider supports evaluated: supported=false, enabled=true, requestSource=BIST
2026-05-07 09:49:50.683 INFO  [scheduling-1] ProviderOrchestrationService requestId= userId= method= uri= status= durationMs= - Market provider skipped by supports: providerSource=EVDS, requestSource=BIST
2026-05-07 09:49:50.684 INFO  [scheduling-1] MarketHistoryService requestId= userId= method= uri= status= durationMs= - Market history persistence candidates: source=BIST, receivedCount=252, validatedCount=252, candidateCount=252
2026-05-07 09:49:50.686 INFO  [scheduling-1] MarketHistoryService requestId= userId= method= uri= status= durationMs= - Market history persistence pre-insert: source=BIST, candidateCount=252, insertableCount=252
2026-05-07 09:49:50.730 INFO  [scheduling-1] MarketHistoryService requestId= userId= method= uri= status= durationMs= - Market history cache cleared manually: cacheName=market_history
2026-05-07 09:49:50.731 INFO  [scheduling-1] MarketHistoryService requestId= userId= method= uri= status= durationMs= - Market history persistence completed: source=BIST, received=252, saved=252, skippedDuplicate=0
2026-05-07 09:49:50.732 INFO  [scheduling-1] MarketHistoryBackfillService requestId= userId= method= uri= status= durationMs= - Market history backfill completed: source=BIST, lookbackDays=365, symbolCount=1
2026-05-07 09:49:50.735 INFO  [scheduling-1] MarketHistoryMaintenanceService requestId= userId= method= uri= status= durationMs= - marketBackfillCompleted providerSource=BIST, symbol=KRDMD, fetchedCount=252, savedCount=252
2026-05-07 09:49:50.736 INFO  [scheduling-1] MarketHistoryMaintenanceService requestId= userId= method= uri= status= durationMs= - Market backfill DB stats: providerSource=BIST, symbol=KRDMD, count=252, minPriceDate=2025-05-08, maxPriceDate=2026-05-07, distinctPriceCount=212
2026-05-07 09:49:50.742 INFO  [scheduling-1] MarketHistoryMaintenanceService requestId= userId= method= uri= status= durationMs= - marketBackfillJobStarted providerSource=BIST, symbol=SASA
2026-05-07 09:49:50.745 INFO  [scheduling-1] MarketHistoryBackfillService requestId= userId= method= uri= status= durationMs= - Market history backfill started: source=BIST, lookbackDays=365, symbolCount=1
2026-05-07 09:49:50.745 INFO  [scheduling-1] ProviderOrchestrationService requestId= userId= method= uri= status= durationMs= - Market provider orchestration started: providerCount=3, sourceFilter=BIST
2026-05-07 09:49:50.746 INFO  [scheduling-1] ProviderOrchestrationService requestId= userId= method= uri= status= durationMs= - Market provider skipped by supports: providerSource=BINANCE, requestSource=BIST
2026-05-07 09:49:50.746 INFO  [scheduling-1] ProviderOrchestrationService requestId= userId= method= uri= status= durationMs= - Market provider refresh started: source=BIST
2026-05-07 09:49:50.749 INFO  [scheduling-1] BistMarketDataProvider requestId= userId= method= uri= status= durationMs= - Market provider registry resolved: providerSource=BIST, registryMappingCount=30, resolvedSymbols=[THYAO.IS, ASELS.IS, GARAN.IS, AKBNK.IS, BIMAS.IS, KCHOL.IS, SAHOL.IS, EREGL.IS, TUPRS.IS, FROTO.IS, SISE.IS, PETKM.IS, PGSUS.IS, TTKOM.IS, KOZAL.IS, ISCTR.IS, YKBNK.IS, HALKB.IS, VAKBN.IS, TCELL.IS, ARCLK.IS, TOASO.IS, DOHOL.IS, ENKAI.IS, MGROS.IS, GUBRF.IS, HEKTS.IS, KRDMD.IS, SASA.IS, ULKER.IS], fallbackToYaml=true
2026-05-07 09:49:50.750 INFO  [scheduling-1] YahooClient requestId= userId= method= uri= status= durationMs= - BIST Yahoo history request started: symbol=SASA.IS, startDate=2025-05-08, endDate=2026-05-07
2026-05-07 09:49:50.852 INFO  [scheduling-1] YahooClient requestId= userId= method= uri= status= durationMs= - BIST Yahoo history request completed: symbol=SASA.IS, startDate=2025-05-08, endDate=2026-05-07, historyRecordCount=252
2026-05-07 09:49:50.853 INFO  [scheduling-1] BistMarketDataProvider requestId= userId= method= uri= status= durationMs= - BIST provider history fetch completed: requestedSymbolCount=1, historyRecordCount=252
2026-05-07 09:49:50.854 INFO  [scheduling-1] ProviderOrchestrationService requestId= userId= method= uri= status= durationMs=107 - Market provider refresh completed: source=BIST, quoteCount=0, historyRecordCount=252, durationMs=107
2026-05-07 09:49:50.854 INFO  [scheduling-1] EvdsMarketDataProvider requestId= userId= method= uri= status= durationMs= - EVDS provider supports evaluated: supported=false, enabled=true, requestSource=BIST
2026-05-07 09:49:50.855 INFO  [scheduling-1] ProviderOrchestrationService requestId= userId= method= uri= status= durationMs= - Market provider skipped by supports: providerSource=EVDS, requestSource=BIST
2026-05-07 09:49:50.856 INFO  [scheduling-1] MarketHistoryService requestId= userId= method= uri= status= durationMs= - Market history persistence candidates: source=BIST, receivedCount=252, validatedCount=252, candidateCount=252
2026-05-07 09:49:50.858 INFO  [scheduling-1] MarketHistoryService requestId= userId= method= uri= status= durationMs= - Market history persistence pre-insert: source=BIST, candidateCount=252, insertableCount=252
2026-05-07 09:49:50.899 INFO  [scheduling-1] MarketHistoryService requestId= userId= method= uri= status= durationMs= - Market history cache cleared manually: cacheName=market_history
2026-05-07 09:49:50.900 INFO  [scheduling-1] MarketHistoryService requestId= userId= method= uri= status= durationMs= - Market history persistence completed: source=BIST, received=252, saved=252, skippedDuplicate=0
2026-05-07 09:49:50.901 INFO  [scheduling-1] MarketHistoryBackfillService requestId= userId= method= uri= status= durationMs= - Market history backfill completed: source=BIST, lookbackDays=365, symbolCount=1
2026-05-07 09:49:50.904 INFO  [scheduling-1] MarketHistoryMaintenanceService requestId= userId= method= uri= status= durationMs= - marketBackfillCompleted providerSource=BIST, symbol=SASA, fetchedCount=252, savedCount=252
2026-05-07 09:49:50.905 INFO  [scheduling-1] MarketHistoryMaintenanceService requestId= userId= method= uri= status= durationMs= - Market backfill DB stats: providerSource=BIST, symbol=SASA, count=252, minPriceDate=2025-05-08, maxPriceDate=2026-05-07, distinctPriceCount=134
2026-05-07 09:49:50.911 INFO  [scheduling-1] MarketHistoryMaintenanceService requestId= userId= method= uri= status= durationMs= - marketBackfillJobStarted providerSource=BIST, symbol=ULKER
2026-05-07 09:49:50.915 INFO  [scheduling-1] MarketHistoryBackfillService requestId= userId= method= uri= status= durationMs= - Market history backfill started: source=BIST, lookbackDays=365, symbolCount=1
2026-05-07 09:49:50.916 INFO  [scheduling-1] ProviderOrchestrationService requestId= userId= method= uri= status= durationMs= - Market provider orchestration started: providerCount=3, sourceFilter=BIST
2026-05-07 09:49:50.917 INFO  [scheduling-1] ProviderOrchestrationService requestId= userId= method= uri= status= durationMs= - Market provider skipped by supports: providerSource=BINANCE, requestSource=BIST
2026-05-07 09:49:50.917 INFO  [scheduling-1] ProviderOrchestrationService requestId= userId= method= uri= status= durationMs= - Market provider refresh started: source=BIST
2026-05-07 09:49:50.921 INFO  [scheduling-1] BistMarketDataProvider requestId= userId= method= uri= status= durationMs= - Market provider registry resolved: providerSource=BIST, registryMappingCount=30, resolvedSymbols=[THYAO.IS, ASELS.IS, GARAN.IS, AKBNK.IS, BIMAS.IS, KCHOL.IS, SAHOL.IS, EREGL.IS, TUPRS.IS, FROTO.IS, SISE.IS, PETKM.IS, PGSUS.IS, TTKOM.IS, KOZAL.IS, ISCTR.IS, YKBNK.IS, HALKB.IS, VAKBN.IS, TCELL.IS, ARCLK.IS, TOASO.IS, DOHOL.IS, ENKAI.IS, MGROS.IS, GUBRF.IS, HEKTS.IS, KRDMD.IS, SASA.IS, ULKER.IS], fallbackToYaml=true
2026-05-07 09:49:50.922 INFO  [scheduling-1] YahooClient requestId= userId= method= uri= status= durationMs= - BIST Yahoo history request started: symbol=ULKER.IS, startDate=2025-05-08, endDate=2026-05-07
2026-05-07 09:49:51.044 INFO  [scheduling-1] YahooClient requestId= userId= method= uri= status= durationMs= - BIST Yahoo history request completed: symbol=ULKER.IS, startDate=2025-05-08, endDate=2026-05-07, historyRecordCount=252
2026-05-07 09:49:51.045 INFO  [scheduling-1] BistMarketDataProvider requestId= userId= method= uri= status= durationMs= - BIST provider history fetch completed: requestedSymbolCount=1, historyRecordCount=252
2026-05-07 09:49:51.046 INFO  [scheduling-1] ProviderOrchestrationService requestId= userId= method= uri= status= durationMs=128 - Market provider refresh completed: source=BIST, quoteCount=0, historyRecordCount=252, durationMs=128
2026-05-07 09:49:51.047 INFO  [scheduling-1] EvdsMarketDataProvider requestId= userId= method= uri= status= durationMs= - EVDS provider supports evaluated: supported=false, enabled=true, requestSource=BIST
2026-05-07 09:49:51.047 INFO  [scheduling-1] ProviderOrchestrationService requestId= userId= method= uri= status= durationMs= - Market provider skipped by supports: providerSource=EVDS, requestSource=BIST
2026-05-07 09:49:51.048 INFO  [scheduling-1] MarketHistoryService requestId= userId= method= uri= status= durationMs= - Market history persistence candidates: source=BIST, receivedCount=252, validatedCount=252, candidateCount=252
2026-05-07 09:49:51.050 INFO  [scheduling-1] MarketHistoryService requestId= userId= method= uri= status= durationMs= - Market history persistence pre-insert: source=BIST, candidateCount=252, insertableCount=252
2026-05-07 09:49:51.098 INFO  [scheduling-1] MarketHistoryService requestId= userId= method= uri= status= durationMs= - Market history cache cleared manually: cacheName=market_history
2026-05-07 09:49:51.099 INFO  [scheduling-1] MarketHistoryService requestId= userId= method= uri= status= durationMs= - Market history persistence completed: source=BIST, received=252, saved=252, skippedDuplicate=0
2026-05-07 09:49:51.100 INFO  [scheduling-1] MarketHistoryBackfillService requestId= userId= method= uri= status= durationMs= - Market history backfill completed: source=BIST, lookbackDays=365, symbolCount=1
2026-05-07 09:49:51.105 INFO  [scheduling-1] MarketHistoryMaintenanceService requestId= userId= method= uri= status= durationMs= - marketBackfillCompleted providerSource=BIST, symbol=ULKER, fetchedCount=252, savedCount=252
2026-05-07 09:49:51.106 INFO  [scheduling-1] MarketHistoryMaintenanceService requestId= userId= method= uri= status= durationMs= - Market backfill DB stats: providerSource=BIST, symbol=ULKER, count=252, minPriceDate=2025-05-08, maxPriceDate=2026-05-07, distinctPriceCount=163
2026-05-07 09:49:51.114 INFO  [scheduling-1] MarketHistoryMaintenanceService requestId= userId= method= uri= status= durationMs= - marketBackfillJobStarted providerSource=EVDS, symbol=USDTRY
2026-05-07 09:49:51.118 INFO  [scheduling-1] MarketHistoryBackfillService requestId= userId= method= uri= status= durationMs= - Market history backfill started: source=EVDS, lookbackDays=365, symbolCount=1
2026-05-07 09:49:51.119 INFO  [scheduling-1] ProviderOrchestrationService requestId= userId= method= uri= status= durationMs= - Market provider orchestration started: providerCount=3, sourceFilter=EVDS
2026-05-07 09:49:51.119 INFO  [scheduling-1] ProviderOrchestrationService requestId= userId= method= uri= status= durationMs= - Market provider skipped by supports: providerSource=BINANCE, requestSource=EVDS
2026-05-07 09:49:51.120 INFO  [scheduling-1] ProviderOrchestrationService requestId= userId= method= uri= status= durationMs= - Market provider skipped by supports: providerSource=BIST, requestSource=EVDS
2026-05-07 09:49:51.121 INFO  [scheduling-1] EvdsMarketDataProvider requestId= userId= method= uri= status= durationMs= - EVDS provider supports evaluated: supported=true, enabled=true, requestSource=EVDS
2026-05-07 09:49:51.121 INFO  [scheduling-1] ProviderOrchestrationService requestId= userId= method= uri= status= durationMs= - Market provider refresh started: source=EVDS
2026-05-07 09:49:51.124 INFO  [scheduling-1] EvdsMarketDataProvider requestId= userId= method= uri= status= durationMs= - Market provider registry resolved: providerSource=EVDS, registryMappingCount=11, resolvedSymbols=[TP.DK.USD.A, TP.DK.EUR.A, TP.DK.GBP.A, TP.DK.CHF.A, TP.DK.JPY.A, TP.DK.AUD.A, TP.DK.CNY.A.YTL, TP.DK.NOK.A, TP.DK.SEK.A, TP.DK.DKK.A, TP.DK.SAR.A], fallbackToYaml=true
2026-05-07 09:49:51.125 INFO  [scheduling-1] EvdsMarketDataProvider requestId= userId= method= uri= status= durationMs= - EVDS provider fetch started: symbolCount=1, seriesCodes=[TP.DK.USD.A]
2026-05-07 09:49:51.126 INFO  [scheduling-1] EvdsClient requestId= userId= method= uri= status= durationMs= - EVDS client request started: seriesCount=1, startDate=2025-05-08, endDate=2026-05-07
2026-05-07 09:49:51.695 INFO  [scheduling-1] EvdsClient requestId= userId= method= uri= status= durationMs= - EVDS client response received: status=200 OK, contentType=application/json;charset=UTF-8
2026-05-07 09:49:51.700 INFO  [scheduling-1] EvdsClient requestId= userId= method= uri= status= durationMs= - EVDS client request completed: recordCount=365
2026-05-07 09:49:51.707 INFO  [scheduling-1] EvdsMarketDataProvider requestId= userId= method= uri= status= durationMs= - EVDS provider fetch completed: quoteCount=1, historyRecordCount=252
2026-05-07 09:49:51.708 INFO  [scheduling-1] ProviderOrchestrationService requestId= userId= method= uri= status= durationMs=586 - Market provider refresh completed: source=EVDS, quoteCount=1, historyRecordCount=252, durationMs=586
2026-05-07 09:49:51.709 INFO  [scheduling-1] MarketHistoryService requestId= userId= method= uri= status= durationMs= - Market history persistence candidates: source=EVDS, receivedCount=252, validatedCount=252, candidateCount=252
2026-05-07 09:49:51.712 INFO  [scheduling-1] MarketHistoryService requestId= userId= method= uri= status= durationMs= - Market history persistence pre-insert: source=EVDS, candidateCount=252, insertableCount=246
2026-05-07 09:49:51.757 INFO  [scheduling-1] MarketHistoryService requestId= userId= method= uri= status= durationMs= - Market history cache cleared manually: cacheName=market_history
2026-05-07 09:49:51.758 INFO  [scheduling-1] MarketHistoryService requestId= userId= method= uri= status= durationMs= - Market history persistence completed: source=EVDS, received=252, saved=246, skippedDuplicate=6
2026-05-07 09:49:51.759 INFO  [scheduling-1] MarketHistoryBackfillService requestId= userId= method= uri= status= durationMs= - Market history backfill completed: source=EVDS, lookbackDays=365, symbolCount=1
2026-05-07 09:49:51.762 INFO  [scheduling-1] MarketHistoryMaintenanceService requestId= userId= method= uri= status= durationMs= - marketBackfillCompleted providerSource=EVDS, symbol=USDTRY, fetchedCount=252, savedCount=246
2026-05-07 09:49:51.763 INFO  [scheduling-1] MarketHistoryMaintenanceService requestId= userId= method= uri= status= durationMs= - Market backfill DB stats: providerSource=EVDS, symbol=USDTRY, count=252, minPriceDate=2025-05-08, maxPriceDate=2026-05-07, distinctPriceCount=249
2026-05-07 09:49:51.768 INFO  [scheduling-1] MarketHistoryMaintenanceService requestId= userId= method= uri= status= durationMs= - marketBackfillJobStarted providerSource=EVDS, symbol=EURTRY
2026-05-07 09:49:51.771 INFO  [scheduling-1] MarketHistoryBackfillService requestId= userId= method= uri= status= durationMs= - Market history backfill started: source=EVDS, lookbackDays=365, symbolCount=1
2026-05-07 09:49:51.772 INFO  [scheduling-1] ProviderOrchestrationService requestId= userId= method= uri= status= durationMs= - Market provider orchestration started: providerCount=3, sourceFilter=EVDS
2026-05-07 09:49:51.773 INFO  [scheduling-1] ProviderOrchestrationService requestId= userId= method= uri= status= durationMs= - Market provider skipped by supports: providerSource=BINANCE, requestSource=EVDS
2026-05-07 09:49:51.774 INFO  [scheduling-1] ProviderOrchestrationService requestId= userId= method= uri= status= durationMs= - Market provider skipped by supports: providerSource=BIST, requestSource=EVDS
2026-05-07 09:49:51.774 INFO  [scheduling-1] EvdsMarketDataProvider requestId= userId= method= uri= status= durationMs= - EVDS provider supports evaluated: supported=true, enabled=true, requestSource=EVDS
2026-05-07 09:49:51.775 INFO  [scheduling-1] ProviderOrchestrationService requestId= userId= method= uri= status= durationMs= - Market provider refresh started: source=EVDS
2026-05-07 09:49:51.778 INFO  [scheduling-1] EvdsMarketDataProvider requestId= userId= method= uri= status= durationMs= - Market provider registry resolved: providerSource=EVDS, registryMappingCount=11, resolvedSymbols=[TP.DK.USD.A, TP.DK.EUR.A, TP.DK.GBP.A, TP.DK.CHF.A, TP.DK.JPY.A, TP.DK.AUD.A, TP.DK.CNY.A.YTL, TP.DK.NOK.A, TP.DK.SEK.A, TP.DK.DKK.A, TP.DK.SAR.A], fallbackToYaml=true
2026-05-07 09:49:51.779 INFO  [scheduling-1] EvdsMarketDataProvider requestId= userId= method= uri= status= durationMs= - EVDS provider fetch started: symbolCount=1, seriesCodes=[TP.DK.EUR.A]
2026-05-07 09:49:51.780 INFO  [scheduling-1] EvdsClient requestId= userId= method= uri= status= durationMs= - EVDS client request started: seriesCount=1, startDate=2025-05-08, endDate=2026-05-07
2026-05-07 09:49:52.193 INFO  [scheduling-1] EvdsClient requestId= userId= method= uri= status= durationMs= - EVDS client response received: status=200 OK, contentType=application/json;charset=UTF-8
2026-05-07 09:49:52.195 INFO  [scheduling-1] EvdsClient requestId= userId= method= uri= status= durationMs= - EVDS client request completed: recordCount=365
2026-05-07 09:49:52.198 INFO  [scheduling-1] EvdsMarketDataProvider requestId= userId= method= uri= status= durationMs= - EVDS provider fetch completed: quoteCount=1, historyRecordCount=252
2026-05-07 09:49:52.199 INFO  [scheduling-1] ProviderOrchestrationService requestId= userId= method= uri= status= durationMs=423 - Market provider refresh completed: source=EVDS, quoteCount=1, historyRecordCount=252, durationMs=423
2026-05-07 09:49:52.200 INFO  [scheduling-1] MarketHistoryService requestId= userId= method= uri= status= durationMs= - Market history persistence candidates: source=EVDS, receivedCount=252, validatedCount=252, candidateCount=252
2026-05-07 09:49:52.202 INFO  [scheduling-1] MarketHistoryService requestId= userId= method= uri= status= durationMs= - Market history persistence pre-insert: source=EVDS, candidateCount=252, insertableCount=246
2026-05-07 09:49:52.245 INFO  [scheduling-1] MarketHistoryService requestId= userId= method= uri= status= durationMs= - Market history cache cleared manually: cacheName=market_history
2026-05-07 09:49:52.247 INFO  [scheduling-1] MarketHistoryService requestId= userId= method= uri= status= durationMs= - Market history persistence completed: source=EVDS, received=252, saved=246, skippedDuplicate=6
2026-05-07 09:49:52.248 INFO  [scheduling-1] MarketHistoryBackfillService requestId= userId= method= uri= status= durationMs= - Market history backfill completed: source=EVDS, lookbackDays=365, symbolCount=1
2026-05-07 09:49:52.251 INFO  [scheduling-1] MarketHistoryMaintenanceService requestId= userId= method= uri= status= durationMs= - marketBackfillCompleted providerSource=EVDS, symbol=EURTRY, fetchedCount=252, savedCount=246
2026-05-07 09:49:52.252 INFO  [scheduling-1] MarketHistoryMaintenanceService requestId= userId= method= uri= status= durationMs= - Market backfill DB stats: providerSource=EVDS, symbol=EURTRY, count=252, minPriceDate=2025-05-08, maxPriceDate=2026-05-07, distinctPriceCount=249
2026-05-07 09:49:52.258 INFO  [scheduling-1] MarketHistoryMaintenanceService requestId= userId= method= uri= status= durationMs= - marketBackfillJobStarted providerSource=EVDS, symbol=GBPTRY
2026-05-07 09:49:52.262 INFO  [scheduling-1] MarketHistoryBackfillService requestId= userId= method= uri= status= durationMs= - Market history backfill started: source=EVDS, lookbackDays=365, symbolCount=1
2026-05-07 09:49:52.263 INFO  [scheduling-1] ProviderOrchestrationService requestId= userId= method= uri= status= durationMs= - Market provider orchestration started: providerCount=3, sourceFilter=EVDS
2026-05-07 09:49:52.264 INFO  [scheduling-1] ProviderOrchestrationService requestId= userId= method= uri= status= durationMs= - Market provider skipped by supports: providerSource=BINANCE, requestSource=EVDS
2026-05-07 09:49:52.264 INFO  [scheduling-1] ProviderOrchestrationService requestId= userId= method= uri= status= durationMs= - Market provider skipped by supports: providerSource=BIST, requestSource=EVDS
2026-05-07 09:49:52.265 INFO  [scheduling-1] EvdsMarketDataProvider requestId= userId= method= uri= status= durationMs= - EVDS provider supports evaluated: supported=true, enabled=true, requestSource=EVDS
2026-05-07 09:49:52.265 INFO  [scheduling-1] ProviderOrchestrationService requestId= userId= method= uri= status= durationMs= - Market provider refresh started: source=EVDS
2026-05-07 09:49:52.268 INFO  [scheduling-1] EvdsMarketDataProvider requestId= userId= method= uri= status= durationMs= - Market provider registry resolved: providerSource=EVDS, registryMappingCount=11, resolvedSymbols=[TP.DK.USD.A, TP.DK.EUR.A, TP.DK.GBP.A, TP.DK.CHF.A, TP.DK.JPY.A, TP.DK.AUD.A, TP.DK.CNY.A.YTL, TP.DK.NOK.A, TP.DK.SEK.A, TP.DK.DKK.A, TP.DK.SAR.A], fallbackToYaml=true
2026-05-07 09:49:52.269 INFO  [scheduling-1] EvdsMarketDataProvider requestId= userId= method= uri= status= durationMs= - EVDS provider fetch started: symbolCount=1, seriesCodes=[TP.DK.GBP.A]
2026-05-07 09:49:52.270 INFO  [scheduling-1] EvdsClient requestId= userId= method= uri= status= durationMs= - EVDS client request started: seriesCount=1, startDate=2025-05-08, endDate=2026-05-07
2026-05-07 09:49:52.693 INFO  [scheduling-1] EvdsClient requestId= userId= method= uri= status= durationMs= - EVDS client response received: status=200 OK, contentType=application/json;charset=UTF-8
2026-05-07 09:49:52.696 INFO  [scheduling-1] EvdsClient requestId= userId= method= uri= status= durationMs= - EVDS client request completed: recordCount=365
2026-05-07 09:49:52.699 INFO  [scheduling-1] EvdsMarketDataProvider requestId= userId= method= uri= status= durationMs= - EVDS provider fetch completed: quoteCount=1, historyRecordCount=252
2026-05-07 09:49:52.700 INFO  [scheduling-1] ProviderOrchestrationService requestId= userId= method= uri= status= durationMs=434 - Market provider refresh completed: source=EVDS, quoteCount=1, historyRecordCount=252, durationMs=434
2026-05-07 09:49:52.700 INFO  [scheduling-1] MarketHistoryService requestId= userId= method= uri= status= durationMs= - Market history persistence candidates: source=EVDS, receivedCount=252, validatedCount=252, candidateCount=252
2026-05-07 09:49:52.703 INFO  [scheduling-1] MarketHistoryService requestId= userId= method= uri= status= durationMs= - Market history persistence pre-insert: source=EVDS, candidateCount=252, insertableCount=246
2026-05-07 09:49:52.745 INFO  [scheduling-1] MarketHistoryService requestId= userId= method= uri= status= durationMs= - Market history cache cleared manually: cacheName=market_history
2026-05-07 09:49:52.746 INFO  [scheduling-1] MarketHistoryService requestId= userId= method= uri= status= durationMs= - Market history persistence completed: source=EVDS, received=252, saved=246, skippedDuplicate=6
2026-05-07 09:49:52.747 INFO  [scheduling-1] MarketHistoryBackfillService requestId= userId= method= uri= status= durationMs= - Market history backfill completed: source=EVDS, lookbackDays=365, symbolCount=1
2026-05-07 09:49:52.751 INFO  [scheduling-1] MarketHistoryMaintenanceService requestId= userId= method= uri= status= durationMs= - marketBackfillCompleted providerSource=EVDS, symbol=GBPTRY, fetchedCount=252, savedCount=246
2026-05-07 09:49:52.752 INFO  [scheduling-1] MarketHistoryMaintenanceService requestId= userId= method= uri= status= durationMs= - Market backfill DB stats: providerSource=EVDS, symbol=GBPTRY, count=252, minPriceDate=2025-05-08, maxPriceDate=2026-05-07, distinctPriceCount=249
2026-05-07 09:49:52.758 INFO  [scheduling-1] MarketHistoryMaintenanceService requestId= userId= method= uri= status= durationMs= - marketBackfillJobStarted providerSource=EVDS, symbol=CHFTRY
2026-05-07 09:49:52.761 INFO  [scheduling-1] MarketHistoryBackfillService requestId= userId= method= uri= status= durationMs= - Market history backfill started: source=EVDS, lookbackDays=365, symbolCount=1
2026-05-07 09:49:52.762 INFO  [scheduling-1] ProviderOrchestrationService requestId= userId= method= uri= status= durationMs= - Market provider orchestration started: providerCount=3, sourceFilter=EVDS
2026-05-07 09:49:52.763 INFO  [scheduling-1] ProviderOrchestrationService requestId= userId= method= uri= status= durationMs= - Market provider skipped by supports: providerSource=BINANCE, requestSource=EVDS
2026-05-07 09:49:52.764 INFO  [scheduling-1] ProviderOrchestrationService requestId= userId= method= uri= status= durationMs= - Market provider skipped by supports: providerSource=BIST, requestSource=EVDS
2026-05-07 09:49:52.764 INFO  [scheduling-1] EvdsMarketDataProvider requestId= userId= method= uri= status= durationMs= - EVDS provider supports evaluated: supported=true, enabled=true, requestSource=EVDS
2026-05-07 09:49:52.765 INFO  [scheduling-1] ProviderOrchestrationService requestId= userId= method= uri= status= durationMs= - Market provider refresh started: source=EVDS
2026-05-07 09:49:52.768 INFO  [scheduling-1] EvdsMarketDataProvider requestId= userId= method= uri= status= durationMs= - Market provider registry resolved: providerSource=EVDS, registryMappingCount=11, resolvedSymbols=[TP.DK.USD.A, TP.DK.EUR.A, TP.DK.GBP.A, TP.DK.CHF.A, TP.DK.JPY.A, TP.DK.AUD.A, TP.DK.CNY.A.YTL, TP.DK.NOK.A, TP.DK.SEK.A, TP.DK.DKK.A, TP.DK.SAR.A], fallbackToYaml=true
2026-05-07 09:49:52.768 INFO  [scheduling-1] EvdsMarketDataProvider requestId= userId= method= uri= status= durationMs= - EVDS provider fetch started: symbolCount=1, seriesCodes=[TP.DK.CHF.A]
2026-05-07 09:49:52.769 INFO  [scheduling-1] EvdsClient requestId= userId= method= uri= status= durationMs= - EVDS client request started: seriesCount=1, startDate=2025-05-08, endDate=2026-05-07
2026-05-07 09:49:53.217 INFO  [scheduling-1] EvdsClient requestId= userId= method= uri= status= durationMs= - EVDS client response received: status=200 OK, contentType=application/json;charset=UTF-8
2026-05-07 09:49:53.220 INFO  [scheduling-1] EvdsClient requestId= userId= method= uri= status= durationMs= - EVDS client request completed: recordCount=365
2026-05-07 09:49:53.228 INFO  [scheduling-1] EvdsMarketDataProvider requestId= userId= method= uri= status= durationMs= - EVDS provider fetch completed: quoteCount=1, historyRecordCount=252
2026-05-07 09:49:53.229 INFO  [scheduling-1] ProviderOrchestrationService requestId= userId= method= uri= status= durationMs=463 - Market provider refresh completed: source=EVDS, quoteCount=1, historyRecordCount=252, durationMs=463
2026-05-07 09:49:53.230 INFO  [scheduling-1] MarketHistoryService requestId= userId= method= uri= status= durationMs= - Market history persistence candidates: source=EVDS, receivedCount=252, validatedCount=252, candidateCount=252
2026-05-07 09:49:53.233 INFO  [scheduling-1] MarketHistoryService requestId= userId= method= uri= status= durationMs= - Market history persistence pre-insert: source=EVDS, candidateCount=252, insertableCount=246
2026-05-07 09:49:53.276 INFO  [scheduling-1] MarketHistoryService requestId= userId= method= uri= status= durationMs= - Market history cache cleared manually: cacheName=market_history
2026-05-07 09:49:53.277 INFO  [scheduling-1] MarketHistoryService requestId= userId= method= uri= status= durationMs= - Market history persistence completed: source=EVDS, received=252, saved=246, skippedDuplicate=6
2026-05-07 09:49:53.277 INFO  [scheduling-1] MarketHistoryBackfillService requestId= userId= method= uri= status= durationMs= - Market history backfill completed: source=EVDS, lookbackDays=365, symbolCount=1
2026-05-07 09:49:53.281 INFO  [scheduling-1] MarketHistoryMaintenanceService requestId= userId= method= uri= status= durationMs= - marketBackfillCompleted providerSource=EVDS, symbol=CHFTRY, fetchedCount=252, savedCount=246
2026-05-07 09:49:53.282 INFO  [scheduling-1] MarketHistoryMaintenanceService requestId= userId= method= uri= status= durationMs= - Market backfill DB stats: providerSource=EVDS, symbol=CHFTRY, count=252, minPriceDate=2025-05-08, maxPriceDate=2026-05-07, distinctPriceCount=249
2026-05-07 09:49:53.289 INFO  [scheduling-1] MarketHistoryMaintenanceService requestId= userId= method= uri= status= durationMs= - marketBackfillJobStarted providerSource=EVDS, symbol=JPYTRY
2026-05-07 09:49:53.293 INFO  [scheduling-1] MarketHistoryBackfillService requestId= userId= method= uri= status= durationMs= - Market history backfill started: source=EVDS, lookbackDays=365, symbolCount=1
2026-05-07 09:49:53.294 INFO  [scheduling-1] ProviderOrchestrationService requestId= userId= method= uri= status= durationMs= - Market provider orchestration started: providerCount=3, sourceFilter=EVDS
2026-05-07 09:49:53.294 INFO  [scheduling-1] ProviderOrchestrationService requestId= userId= method= uri= status= durationMs= - Market provider skipped by supports: providerSource=BINANCE, requestSource=EVDS
2026-05-07 09:49:53.295 INFO  [scheduling-1] ProviderOrchestrationService requestId= userId= method= uri= status= durationMs= - Market provider skipped by supports: providerSource=BIST, requestSource=EVDS
2026-05-07 09:49:53.295 INFO  [scheduling-1] EvdsMarketDataProvider requestId= userId= method= uri= status= durationMs= - EVDS provider supports evaluated: supported=true, enabled=true, requestSource=EVDS
2026-05-07 09:49:53.296 INFO  [scheduling-1] ProviderOrchestrationService requestId= userId= method= uri= status= durationMs= - Market provider refresh started: source=EVDS
2026-05-07 09:49:53.298 INFO  [scheduling-1] EvdsMarketDataProvider requestId= userId= method= uri= status= durationMs= - Market provider registry resolved: providerSource=EVDS, registryMappingCount=11, resolvedSymbols=[TP.DK.USD.A, TP.DK.EUR.A, TP.DK.GBP.A, TP.DK.CHF.A, TP.DK.JPY.A, TP.DK.AUD.A, TP.DK.CNY.A.YTL, TP.DK.NOK.A, TP.DK.SEK.A, TP.DK.DKK.A, TP.DK.SAR.A], fallbackToYaml=true
2026-05-07 09:49:53.299 INFO  [scheduling-1] EvdsMarketDataProvider requestId= userId= method= uri= status= durationMs= - EVDS provider fetch started: symbolCount=1, seriesCodes=[TP.DK.JPY.A]
2026-05-07 09:49:53.300 INFO  [scheduling-1] EvdsClient requestId= userId= method= uri= status= durationMs= - EVDS client request started: seriesCount=1, startDate=2025-05-08, endDate=2026-05-07
2026-05-07 09:49:53.734 INFO  [scheduling-1] EvdsClient requestId= userId= method= uri= status= durationMs= - EVDS client response received: status=200 OK, contentType=application/json;charset=UTF-8
2026-05-07 09:49:53.736 INFO  [scheduling-1] EvdsClient requestId= userId= method= uri= status= durationMs= - EVDS client request completed: recordCount=365
2026-05-07 09:49:53.740 INFO  [scheduling-1] EvdsMarketDataProvider requestId= userId= method= uri= status= durationMs= - EVDS provider fetch completed: quoteCount=1, historyRecordCount=252
2026-05-07 09:49:53.740 INFO  [scheduling-1] ProviderOrchestrationService requestId= userId= method= uri= status= durationMs=444 - Market provider refresh completed: source=EVDS, quoteCount=1, historyRecordCount=252, durationMs=444
2026-05-07 09:49:53.741 INFO  [scheduling-1] MarketHistoryService requestId= userId= method= uri= status= durationMs= - Market history persistence candidates: source=EVDS, receivedCount=252, validatedCount=252, candidateCount=252
2026-05-07 09:49:53.745 INFO  [scheduling-1] MarketHistoryService requestId= userId= method= uri= status= durationMs= - Market history persistence pre-insert: source=EVDS, candidateCount=252, insertableCount=246
2026-05-07 09:49:53.796 INFO  [scheduling-1] MarketHistoryService requestId= userId= method= uri= status= durationMs= - Market history cache cleared manually: cacheName=market_history
2026-05-07 09:49:53.797 INFO  [scheduling-1] MarketHistoryService requestId= userId= method= uri= status= durationMs= - Market history persistence completed: source=EVDS, received=252, saved=246, skippedDuplicate=6
2026-05-07 09:49:53.797 INFO  [scheduling-1] MarketHistoryBackfillService requestId= userId= method= uri= status= durationMs= - Market history backfill completed: source=EVDS, lookbackDays=365, symbolCount=1
2026-05-07 09:49:53.802 INFO  [scheduling-1] MarketHistoryMaintenanceService requestId= userId= method= uri= status= durationMs= - marketBackfillCompleted providerSource=EVDS, symbol=JPYTRY, fetchedCount=252, savedCount=246
2026-05-07 09:49:53.802 INFO  [scheduling-1] MarketHistoryMaintenanceService requestId= userId= method= uri= status= durationMs= - Market backfill DB stats: providerSource=EVDS, symbol=JPYTRY, count=252, minPriceDate=2025-05-08, maxPriceDate=2026-05-07, distinctPriceCount=246
2026-05-07 09:49:53.808 INFO  [scheduling-1] MarketHistoryMaintenanceService requestId= userId= method= uri= status= durationMs= - marketBackfillJobStarted providerSource=EVDS, symbol=AUDTRY
2026-05-07 09:49:53.812 INFO  [scheduling-1] MarketHistoryBackfillService requestId= userId= method= uri= status= durationMs= - Market history backfill started: source=EVDS, lookbackDays=365, symbolCount=1
2026-05-07 09:49:53.812 INFO  [scheduling-1] ProviderOrchestrationService requestId= userId= method= uri= status= durationMs= - Market provider orchestration started: providerCount=3, sourceFilter=EVDS
2026-05-07 09:49:53.813 INFO  [scheduling-1] ProviderOrchestrationService requestId= userId= method= uri= status= durationMs= - Market provider skipped by supports: providerSource=BINANCE, requestSource=EVDS
2026-05-07 09:49:53.813 INFO  [scheduling-1] ProviderOrchestrationService requestId= userId= method= uri= status= durationMs= - Market provider skipped by supports: providerSource=BIST, requestSource=EVDS
2026-05-07 09:49:53.814 INFO  [scheduling-1] EvdsMarketDataProvider requestId= userId= method= uri= status= durationMs= - EVDS provider supports evaluated: supported=true, enabled=true, requestSource=EVDS
2026-05-07 09:49:53.814 INFO  [scheduling-1] ProviderOrchestrationService requestId= userId= method= uri= status= durationMs= - Market provider refresh started: source=EVDS
2026-05-07 09:49:53.817 INFO  [scheduling-1] EvdsMarketDataProvider requestId= userId= method= uri= status= durationMs= - Market provider registry resolved: providerSource=EVDS, registryMappingCount=11, resolvedSymbols=[TP.DK.USD.A, TP.DK.EUR.A, TP.DK.GBP.A, TP.DK.CHF.A, TP.DK.JPY.A, TP.DK.AUD.A, TP.DK.CNY.A.YTL, TP.DK.NOK.A, TP.DK.SEK.A, TP.DK.DKK.A, TP.DK.SAR.A], fallbackToYaml=true
2026-05-07 09:49:53.817 INFO  [scheduling-1] EvdsMarketDataProvider requestId= userId= method= uri= status= durationMs= - EVDS provider fetch started: symbolCount=1, seriesCodes=[TP.DK.AUD.A]
2026-05-07 09:49:53.818 INFO  [scheduling-1] EvdsClient requestId= userId= method= uri= status= durationMs= - EVDS client request started: seriesCount=1, startDate=2025-05-08, endDate=2026-05-07
2026-05-07 09:49:53.962 DEBUG [http-nio-8080-exec-2] FilterChainProxy requestId=e5b90ed0-5f4f-47d0-b396-07071190202f userId= method= uri= status= durationMs= - Securing GET /actuator/prometheus
2026-05-07 09:49:53.964 DEBUG [http-nio-8080-exec-2] AnonymousAuthenticationFilter requestId=e5b90ed0-5f4f-47d0-b396-07071190202f userId= method= uri= status= durationMs= - Set SecurityContextHolder to anonymous SecurityContext
2026-05-07 09:49:53.966 DEBUG [http-nio-8080-exec-2] FilterChainProxy requestId=e5b90ed0-5f4f-47d0-b396-07071190202f userId= method= uri= status= durationMs= - Secured GET /actuator/prometheus
2026-05-07 09:49:53.973 INFO  [http-nio-8080-exec-2] HttpRequestLoggingFilter requestId=e5b90ed0-5f4f-47d0-b396-07071190202f userId= method=GET uri=/actuator/prometheus status=200 durationMs=11 - HTTP request completed
2026-05-07 09:49:54.244 INFO  [scheduling-1] EvdsClient requestId= userId= method= uri= status= durationMs= - EVDS client response received: status=200 OK, contentType=application/json;charset=UTF-8
2026-05-07 09:49:54.247 INFO  [scheduling-1] EvdsClient requestId= userId= method= uri= status= durationMs= - EVDS client request completed: recordCount=365
2026-05-07 09:49:54.250 INFO  [scheduling-1] EvdsMarketDataProvider requestId= userId= method= uri= status= durationMs= - EVDS provider fetch completed: quoteCount=1, historyRecordCount=252
2026-05-07 09:49:54.251 INFO  [scheduling-1] ProviderOrchestrationService requestId= userId= method= uri= status= durationMs=436 - Market provider refresh completed: source=EVDS, quoteCount=1, historyRecordCount=252, durationMs=436
2026-05-07 09:49:54.252 INFO  [scheduling-1] MarketHistoryService requestId= userId= method= uri= status= durationMs= - Market history persistence candidates: source=EVDS, receivedCount=252, validatedCount=252, candidateCount=252
2026-05-07 09:49:54.254 INFO  [scheduling-1] MarketHistoryService requestId= userId= method= uri= status= durationMs= - Market history persistence pre-insert: source=EVDS, candidateCount=252, insertableCount=246
2026-05-07 09:49:54.303 INFO  [scheduling-1] MarketHistoryService requestId= userId= method= uri= status= durationMs= - Market history cache cleared manually: cacheName=market_history
2026-05-07 09:49:54.305 INFO  [scheduling-1] MarketHistoryService requestId= userId= method= uri= status= durationMs= - Market history persistence completed: source=EVDS, received=252, saved=246, skippedDuplicate=6
2026-05-07 09:49:54.306 INFO  [scheduling-1] MarketHistoryBackfillService requestId= userId= method= uri= status= durationMs= - Market history backfill completed: source=EVDS, lookbackDays=365, symbolCount=1
2026-05-07 09:49:54.309 INFO  [scheduling-1] MarketHistoryMaintenanceService requestId= userId= method= uri= status= durationMs= - marketBackfillCompleted providerSource=EVDS, symbol=AUDTRY, fetchedCount=252, savedCount=246
2026-05-07 09:49:54.310 INFO  [scheduling-1] MarketHistoryMaintenanceService requestId= userId= method= uri= status= durationMs= - Market backfill DB stats: providerSource=EVDS, symbol=AUDTRY, count=252, minPriceDate=2025-05-08, maxPriceDate=2026-05-07, distinctPriceCount=248
2026-05-07 09:49:54.316 INFO  [scheduling-1] MarketHistoryMaintenanceService requestId= userId= method= uri= status= durationMs= - marketBackfillJobStarted providerSource=EVDS, symbol=CNYTRY
2026-05-07 09:49:54.319 INFO  [scheduling-1] MarketHistoryBackfillService requestId= userId= method= uri= status= durationMs= - Market history backfill started: source=EVDS, lookbackDays=365, symbolCount=1
2026-05-07 09:49:54.320 INFO  [scheduling-1] ProviderOrchestrationService requestId= userId= method= uri= status= durationMs= - Market provider orchestration started: providerCount=3, sourceFilter=EVDS
2026-05-07 09:49:54.320 INFO  [scheduling-1] ProviderOrchestrationService requestId= userId= method= uri= status= durationMs= - Market provider skipped by supports: providerSource=BINANCE, requestSource=EVDS
2026-05-07 09:49:54.321 INFO  [scheduling-1] ProviderOrchestrationService requestId= userId= method= uri= status= durationMs= - Market provider skipped by supports: providerSource=BIST, requestSource=EVDS
2026-05-07 09:49:54.321 INFO  [scheduling-1] EvdsMarketDataProvider requestId= userId= method= uri= status= durationMs= - EVDS provider supports evaluated: supported=true, enabled=true, requestSource=EVDS
2026-05-07 09:49:54.322 INFO  [scheduling-1] ProviderOrchestrationService requestId= userId= method= uri= status= durationMs= - Market provider refresh started: source=EVDS
2026-05-07 09:49:54.324 INFO  [scheduling-1] EvdsMarketDataProvider requestId= userId= method= uri= status= durationMs= - Market provider registry resolved: providerSource=EVDS, registryMappingCount=11, resolvedSymbols=[TP.DK.USD.A, TP.DK.EUR.A, TP.DK.GBP.A, TP.DK.CHF.A, TP.DK.JPY.A, TP.DK.AUD.A, TP.DK.CNY.A.YTL, TP.DK.NOK.A, TP.DK.SEK.A, TP.DK.DKK.A, TP.DK.SAR.A], fallbackToYaml=true
2026-05-07 09:49:54.325 INFO  [scheduling-1] EvdsMarketDataProvider requestId= userId= method= uri= status= durationMs= - EVDS provider fetch started: symbolCount=1, seriesCodes=[TP.DK.CNY.A.YTL]
2026-05-07 09:49:54.325 INFO  [scheduling-1] EvdsClient requestId= userId= method= uri= status= durationMs= - EVDS client request started: seriesCount=1, startDate=2025-05-08, endDate=2026-05-07
2026-05-07 09:49:54.746 INFO  [scheduling-1] EvdsClient requestId= userId= method= uri= status= durationMs= - EVDS client response received: status=200 OK, contentType=application/json;charset=UTF-8
2026-05-07 09:49:54.750 INFO  [scheduling-1] EvdsClient requestId= userId= method= uri= status= durationMs= - EVDS client request completed: recordCount=365
2026-05-07 09:49:54.753 INFO  [scheduling-1] EvdsMarketDataProvider requestId= userId= method= uri= status= durationMs= - EVDS provider fetch completed: quoteCount=1, historyRecordCount=252
2026-05-07 09:49:54.759 INFO  [scheduling-1] ProviderOrchestrationService requestId= userId= method= uri= status= durationMs=437 - Market provider refresh completed: source=EVDS, quoteCount=1, historyRecordCount=252, durationMs=437
2026-05-07 09:49:54.760 INFO  [scheduling-1] MarketHistoryService requestId= userId= method= uri= status= durationMs= - Market history persistence candidates: source=EVDS, receivedCount=252, validatedCount=252, candidateCount=252
2026-05-07 09:49:54.762 INFO  [scheduling-1] MarketHistoryService requestId= userId= method= uri= status= durationMs= - Market history persistence pre-insert: source=EVDS, candidateCount=252, insertableCount=246
2026-05-07 09:49:54.812 INFO  [scheduling-1] MarketHistoryService requestId= userId= method= uri= status= durationMs= - Market history cache cleared manually: cacheName=market_history
2026-05-07 09:49:54.813 INFO  [scheduling-1] MarketHistoryService requestId= userId= method= uri= status= durationMs= - Market history persistence completed: source=EVDS, received=252, saved=246, skippedDuplicate=6
2026-05-07 09:49:54.814 INFO  [scheduling-1] MarketHistoryBackfillService requestId= userId= method= uri= status= durationMs= - Market history backfill completed: source=EVDS, lookbackDays=365, symbolCount=1
2026-05-07 09:49:54.817 INFO  [scheduling-1] MarketHistoryMaintenanceService requestId= userId= method= uri= status= durationMs= - marketBackfillCompleted providerSource=EVDS, symbol=CNYTRY, fetchedCount=252, savedCount=246
2026-05-07 09:49:54.818 INFO  [scheduling-1] MarketHistoryMaintenanceService requestId= userId= method= uri= status= durationMs= - Market backfill DB stats: providerSource=EVDS, symbol=CNYTRY, count=252, minPriceDate=2025-05-08, maxPriceDate=2026-05-07, distinctPriceCount=246
2026-05-07 09:49:54.824 INFO  [scheduling-1] MarketHistoryMaintenanceService requestId= userId= method= uri= status= durationMs= - marketBackfillJobStarted providerSource=EVDS, symbol=NOKTRY
2026-05-07 09:49:54.827 INFO  [scheduling-1] MarketHistoryBackfillService requestId= userId= method= uri= status= durationMs= - Market history backfill started: source=EVDS, lookbackDays=365, symbolCount=1
2026-05-07 09:49:54.827 INFO  [scheduling-1] ProviderOrchestrationService requestId= userId= method= uri= status= durationMs= - Market provider orchestration started: providerCount=3, sourceFilter=EVDS
2026-05-07 09:49:54.828 INFO  [scheduling-1] ProviderOrchestrationService requestId= userId= method= uri= status= durationMs= - Market provider skipped by supports: providerSource=BINANCE, requestSource=EVDS
2026-05-07 09:49:54.829 INFO  [scheduling-1] ProviderOrchestrationService requestId= userId= method= uri= status= durationMs= - Market provider skipped by supports: providerSource=BIST, requestSource=EVDS
2026-05-07 09:49:54.829 INFO  [scheduling-1] EvdsMarketDataProvider requestId= userId= method= uri= status= durationMs= - EVDS provider supports evaluated: supported=true, enabled=true, requestSource=EVDS
2026-05-07 09:49:54.830 INFO  [scheduling-1] ProviderOrchestrationService requestId= userId= method= uri= status= durationMs= - Market provider refresh started: source=EVDS
2026-05-07 09:49:54.833 INFO  [scheduling-1] EvdsMarketDataProvider requestId= userId= method= uri= status= durationMs= - Market provider registry resolved: providerSource=EVDS, registryMappingCount=11, resolvedSymbols=[TP.DK.USD.A, TP.DK.EUR.A, TP.DK.GBP.A, TP.DK.CHF.A, TP.DK.JPY.A, TP.DK.AUD.A, TP.DK.CNY.A.YTL, TP.DK.NOK.A, TP.DK.SEK.A, TP.DK.DKK.A, TP.DK.SAR.A], fallbackToYaml=true
2026-05-07 09:49:54.834 INFO  [scheduling-1] EvdsMarketDataProvider requestId= userId= method= uri= status= durationMs= - EVDS provider fetch started: symbolCount=1, seriesCodes=[TP.DK.NOK.A]
2026-05-07 09:49:54.834 INFO  [scheduling-1] EvdsClient requestId= userId= method= uri= status= durationMs= - EVDS client request started: seriesCount=1, startDate=2025-05-08, endDate=2026-05-07
2026-05-07 09:49:55.269 INFO  [scheduling-1] EvdsClient requestId= userId= method= uri= status= durationMs= - EVDS client response received: status=200 OK, contentType=application/json;charset=UTF-8
2026-05-07 09:49:55.272 INFO  [scheduling-1] EvdsClient requestId= userId= method= uri= status= durationMs= - EVDS client request completed: recordCount=365
2026-05-07 09:49:55.275 INFO  [scheduling-1] EvdsMarketDataProvider requestId= userId= method= uri= status= durationMs= - EVDS provider fetch completed: quoteCount=1, historyRecordCount=252
2026-05-07 09:49:55.276 INFO  [scheduling-1] ProviderOrchestrationService requestId= userId= method= uri= status= durationMs=445 - Market provider refresh completed: source=EVDS, quoteCount=1, historyRecordCount=252, durationMs=445
2026-05-07 09:49:55.276 INFO  [scheduling-1] MarketHistoryService requestId= userId= method= uri= status= durationMs= - Market history persistence candidates: source=EVDS, receivedCount=252, validatedCount=252, candidateCount=252
2026-05-07 09:49:55.279 INFO  [scheduling-1] MarketHistoryService requestId= userId= method= uri= status= durationMs= - Market history persistence pre-insert: source=EVDS, candidateCount=252, insertableCount=246
2026-05-07 09:49:55.323 INFO  [scheduling-1] MarketHistoryService requestId= userId= method= uri= status= durationMs= - Market history cache cleared manually: cacheName=market_history
2026-05-07 09:49:55.324 INFO  [scheduling-1] MarketHistoryService requestId= userId= method= uri= status= durationMs= - Market history persistence completed: source=EVDS, received=252, saved=246, skippedDuplicate=6
2026-05-07 09:49:55.325 INFO  [scheduling-1] MarketHistoryBackfillService requestId= userId= method= uri= status= durationMs= - Market history backfill completed: source=EVDS, lookbackDays=365, symbolCount=1
2026-05-07 09:49:55.329 INFO  [scheduling-1] MarketHistoryMaintenanceService requestId= userId= method= uri= status= durationMs= - marketBackfillCompleted providerSource=EVDS, symbol=NOKTRY, fetchedCount=252, savedCount=246
2026-05-07 09:49:55.329 INFO  [scheduling-1] MarketHistoryMaintenanceService requestId= userId= method= uri= status= durationMs= - Market backfill DB stats: providerSource=EVDS, symbol=NOKTRY, count=252, minPriceDate=2025-05-08, maxPriceDate=2026-05-07, distinctPriceCount=243
2026-05-07 09:49:55.335 INFO  [scheduling-1] MarketHistoryMaintenanceService requestId= userId= method= uri= status= durationMs= - marketBackfillJobStarted providerSource=EVDS, symbol=SEKTRY
2026-05-07 09:49:55.337 INFO  [scheduling-1] MarketHistoryBackfillService requestId= userId= method= uri= status= durationMs= - Market history backfill started: source=EVDS, lookbackDays=365, symbolCount=1
2026-05-07 09:49:55.338 INFO  [scheduling-1] ProviderOrchestrationService requestId= userId= method= uri= status= durationMs= - Market provider orchestration started: providerCount=3, sourceFilter=EVDS
2026-05-07 09:49:55.339 INFO  [scheduling-1] ProviderOrchestrationService requestId= userId= method= uri= status= durationMs= - Market provider skipped by supports: providerSource=BINANCE, requestSource=EVDS
2026-05-07 09:49:55.340 INFO  [scheduling-1] ProviderOrchestrationService requestId= userId= method= uri= status= durationMs= - Market provider skipped by supports: providerSource=BIST, requestSource=EVDS
2026-05-07 09:49:55.341 INFO  [scheduling-1] EvdsMarketDataProvider requestId= userId= method= uri= status= durationMs= - EVDS provider supports evaluated: supported=true, enabled=true, requestSource=EVDS
2026-05-07 09:49:55.341 INFO  [scheduling-1] ProviderOrchestrationService requestId= userId= method= uri= status= durationMs= - Market provider refresh started: source=EVDS
2026-05-07 09:49:55.344 INFO  [scheduling-1] EvdsMarketDataProvider requestId= userId= method= uri= status= durationMs= - Market provider registry resolved: providerSource=EVDS, registryMappingCount=11, resolvedSymbols=[TP.DK.USD.A, TP.DK.EUR.A, TP.DK.GBP.A, TP.DK.CHF.A, TP.DK.JPY.A, TP.DK.AUD.A, TP.DK.CNY.A.YTL, TP.DK.NOK.A, TP.DK.SEK.A, TP.DK.DKK.A, TP.DK.SAR.A], fallbackToYaml=true
2026-05-07 09:49:55.344 INFO  [scheduling-1] EvdsMarketDataProvider requestId= userId= method= uri= status= durationMs= - EVDS provider fetch started: symbolCount=1, seriesCodes=[TP.DK.SEK.A]
2026-05-07 09:49:55.345 INFO  [scheduling-1] EvdsClient requestId= userId= method= uri= status= durationMs= - EVDS client request started: seriesCount=1, startDate=2025-05-08, endDate=2026-05-07
2026-05-07 09:49:55.780 INFO  [scheduling-1] EvdsClient requestId= userId= method= uri= status= durationMs= - EVDS client response received: status=200 OK, contentType=application/json;charset=UTF-8
2026-05-07 09:49:55.783 INFO  [scheduling-1] EvdsClient requestId= userId= method= uri= status= durationMs= - EVDS client request completed: recordCount=365
2026-05-07 09:49:55.787 INFO  [scheduling-1] EvdsMarketDataProvider requestId= userId= method= uri= status= durationMs= - EVDS provider fetch completed: quoteCount=1, historyRecordCount=252
2026-05-07 09:49:55.788 INFO  [scheduling-1] ProviderOrchestrationService requestId= userId= method= uri= status= durationMs=446 - Market provider refresh completed: source=EVDS, quoteCount=1, historyRecordCount=252, durationMs=446
2026-05-07 09:49:55.789 INFO  [scheduling-1] MarketHistoryService requestId= userId= method= uri= status= durationMs= - Market history persistence candidates: source=EVDS, receivedCount=252, validatedCount=252, candidateCount=252
2026-05-07 09:49:55.791 INFO  [scheduling-1] MarketHistoryService requestId= userId= method= uri= status= durationMs= - Market history persistence pre-insert: source=EVDS, candidateCount=252, insertableCount=246
2026-05-07 09:49:55.847 INFO  [scheduling-1] MarketHistoryService requestId= userId= method= uri= status= durationMs= - Market history cache cleared manually: cacheName=market_history
2026-05-07 09:49:55.848 INFO  [scheduling-1] MarketHistoryService requestId= userId= method= uri= status= durationMs= - Market history persistence completed: source=EVDS, received=252, saved=246, skippedDuplicate=6
2026-05-07 09:49:55.849 INFO  [scheduling-1] MarketHistoryBackfillService requestId= userId= method= uri= status= durationMs= - Market history backfill completed: source=EVDS, lookbackDays=365, symbolCount=1
2026-05-07 09:49:55.853 INFO  [scheduling-1] MarketHistoryMaintenanceService requestId= userId= method= uri= status= durationMs= - marketBackfillCompleted providerSource=EVDS, symbol=SEKTRY, fetchedCount=252, savedCount=246
2026-05-07 09:49:55.854 INFO  [scheduling-1] MarketHistoryMaintenanceService requestId= userId= method= uri= status= durationMs= - Market backfill DB stats: providerSource=EVDS, symbol=SEKTRY, count=252, minPriceDate=2025-05-08, maxPriceDate=2026-05-07, distinctPriceCount=242
2026-05-07 09:49:55.861 INFO  [scheduling-1] MarketHistoryMaintenanceService requestId= userId= method= uri= status= durationMs= - marketBackfillJobStarted providerSource=EVDS, symbol=DKKTRY
2026-05-07 09:49:55.865 INFO  [scheduling-1] MarketHistoryBackfillService requestId= userId= method= uri= status= durationMs= - Market history backfill started: source=EVDS, lookbackDays=365, symbolCount=1
2026-05-07 09:49:55.866 INFO  [scheduling-1] ProviderOrchestrationService requestId= userId= method= uri= status= durationMs= - Market provider orchestration started: providerCount=3, sourceFilter=EVDS
2026-05-07 09:49:55.867 INFO  [scheduling-1] ProviderOrchestrationService requestId= userId= method= uri= status= durationMs= - Market provider skipped by supports: providerSource=BINANCE, requestSource=EVDS
2026-05-07 09:49:55.868 INFO  [scheduling-1] ProviderOrchestrationService requestId= userId= method= uri= status= durationMs= - Market provider skipped by supports: providerSource=BIST, requestSource=EVDS
2026-05-07 09:49:55.868 INFO  [scheduling-1] EvdsMarketDataProvider requestId= userId= method= uri= status= durationMs= - EVDS provider supports evaluated: supported=true, enabled=true, requestSource=EVDS
2026-05-07 09:49:55.869 INFO  [scheduling-1] ProviderOrchestrationService requestId= userId= method= uri= status= durationMs= - Market provider refresh started: source=EVDS
2026-05-07 09:49:55.872 INFO  [scheduling-1] EvdsMarketDataProvider requestId= userId= method= uri= status= durationMs= - Market provider registry resolved: providerSource=EVDS, registryMappingCount=11, resolvedSymbols=[TP.DK.USD.A, TP.DK.EUR.A, TP.DK.GBP.A, TP.DK.CHF.A, TP.DK.JPY.A, TP.DK.AUD.A, TP.DK.CNY.A.YTL, TP.DK.NOK.A, TP.DK.SEK.A, TP.DK.DKK.A, TP.DK.SAR.A], fallbackToYaml=true
2026-05-07 09:49:55.873 INFO  [scheduling-1] EvdsMarketDataProvider requestId= userId= method= uri= status= durationMs= - EVDS provider fetch started: symbolCount=1, seriesCodes=[TP.DK.DKK.A]
2026-05-07 09:49:55.874 INFO  [scheduling-1] EvdsClient requestId= userId= method= uri= status= durationMs= - EVDS client request started: seriesCount=1, startDate=2025-05-08, endDate=2026-05-07
2026-05-07 09:49:56.275 INFO  [scheduling-1] EvdsClient requestId= userId= method= uri= status= durationMs= - EVDS client response received: status=200 OK, contentType=application/json;charset=UTF-8
2026-05-07 09:49:56.277 INFO  [scheduling-1] EvdsClient requestId= userId= method= uri= status= durationMs= - EVDS client request completed: recordCount=365
2026-05-07 09:49:56.279 INFO  [scheduling-1] EvdsMarketDataProvider requestId= userId= method= uri= status= durationMs= - EVDS provider fetch completed: quoteCount=1, historyRecordCount=252
2026-05-07 09:49:56.280 INFO  [scheduling-1] ProviderOrchestrationService requestId= userId= method= uri= status= durationMs=411 - Market provider refresh completed: source=EVDS, quoteCount=1, historyRecordCount=252, durationMs=411
2026-05-07 09:49:56.281 INFO  [scheduling-1] MarketHistoryService requestId= userId= method= uri= status= durationMs= - Market history persistence candidates: source=EVDS, receivedCount=252, validatedCount=252, candidateCount=252
2026-05-07 09:49:56.285 INFO  [scheduling-1] MarketHistoryService requestId= userId= method= uri= status= durationMs= - Market history persistence pre-insert: source=EVDS, candidateCount=252, insertableCount=246
2026-05-07 09:49:56.406 INFO  [scheduling-1] MarketHistoryService requestId= userId= method= uri= status= durationMs= - Market history cache cleared manually: cacheName=market_history
2026-05-07 09:49:56.406 INFO  [scheduling-1] MarketHistoryService requestId= userId= method= uri= status= durationMs= - Market history persistence completed: source=EVDS, received=252, saved=246, skippedDuplicate=6
2026-05-07 09:49:56.407 INFO  [scheduling-1] MarketHistoryBackfillService requestId= userId= method= uri= status= durationMs= - Market history backfill completed: source=EVDS, lookbackDays=365, symbolCount=1
2026-05-07 09:49:56.414 INFO  [scheduling-1] MarketHistoryMaintenanceService requestId= userId= method= uri= status= durationMs= - marketBackfillCompleted providerSource=EVDS, symbol=DKKTRY, fetchedCount=252, savedCount=246
2026-05-07 09:49:56.415 INFO  [scheduling-1] MarketHistoryMaintenanceService requestId= userId= method= uri= status= durationMs= - Market backfill DB stats: providerSource=EVDS, symbol=DKKTRY, count=252, minPriceDate=2025-05-08, maxPriceDate=2026-05-07, distinctPriceCount=243
2026-05-07 09:49:56.424 INFO  [scheduling-1] MarketHistoryMaintenanceService requestId= userId= method= uri= status= durationMs= - marketBackfillJobStarted providerSource=EVDS, symbol=SARTRY
2026-05-07 09:49:56.427 INFO  [scheduling-1] MarketHistoryBackfillService requestId= userId= method= uri= status= durationMs= - Market history backfill started: source=EVDS, lookbackDays=365, symbolCount=1
2026-05-07 09:49:56.428 INFO  [scheduling-1] ProviderOrchestrationService requestId= userId= method= uri= status= durationMs= - Market provider orchestration started: providerCount=3, sourceFilter=EVDS
2026-05-07 09:49:56.429 INFO  [scheduling-1] ProviderOrchestrationService requestId= userId= method= uri= status= durationMs= - Market provider skipped by supports: providerSource=BINANCE, requestSource=EVDS
2026-05-07 09:49:56.429 INFO  [scheduling-1] ProviderOrchestrationService requestId= userId= method= uri= status= durationMs= - Market provider skipped by supports: providerSource=BIST, requestSource=EVDS
2026-05-07 09:49:56.430 INFO  [scheduling-1] EvdsMarketDataProvider requestId= userId= method= uri= status= durationMs= - EVDS provider supports evaluated: supported=true, enabled=true, requestSource=EVDS
2026-05-07 09:49:56.431 INFO  [scheduling-1] ProviderOrchestrationService requestId= userId= method= uri= status= durationMs= - Market provider refresh started: source=EVDS
2026-05-07 09:49:56.438 INFO  [scheduling-1] EvdsMarketDataProvider requestId= userId= method= uri= status= durationMs= - Market provider registry resolved: providerSource=EVDS, registryMappingCount=11, resolvedSymbols=[TP.DK.USD.A, TP.DK.EUR.A, TP.DK.GBP.A, TP.DK.CHF.A, TP.DK.JPY.A, TP.DK.AUD.A, TP.DK.CNY.A.YTL, TP.DK.NOK.A, TP.DK.SEK.A, TP.DK.DKK.A, TP.DK.SAR.A], fallbackToYaml=true
2026-05-07 09:49:56.439 INFO  [scheduling-1] EvdsMarketDataProvider requestId= userId= method= uri= status= durationMs= - EVDS provider fetch started: symbolCount=1, seriesCodes=[TP.DK.SAR.A]
2026-05-07 09:49:56.440 INFO  [scheduling-1] EvdsClient requestId= userId= method= uri= status= durationMs= - EVDS client request started: seriesCount=1, startDate=2025-05-08, endDate=2026-05-07
2026-05-07 09:49:56.882 INFO  [scheduling-1] EvdsClient requestId= userId= method= uri= status= durationMs= - EVDS client response received: status=200 OK, contentType=application/json;charset=UTF-8
2026-05-07 09:49:56.885 INFO  [scheduling-1] EvdsClient requestId= userId= method= uri= status= durationMs= - EVDS client request completed: recordCount=365
2026-05-07 09:49:56.888 INFO  [scheduling-1] EvdsMarketDataProvider requestId= userId= method= uri= status= durationMs= - EVDS provider fetch completed: quoteCount=1, historyRecordCount=252
2026-05-07 09:49:56.888 INFO  [scheduling-1] ProviderOrchestrationService requestId= userId= method= uri= status= durationMs=456 - Market provider refresh completed: source=EVDS, quoteCount=1, historyRecordCount=252, durationMs=456
2026-05-07 09:49:56.889 INFO  [scheduling-1] MarketHistoryService requestId= userId= method= uri= status= durationMs= - Market history persistence candidates: source=EVDS, receivedCount=252, validatedCount=252, candidateCount=252
2026-05-07 09:49:56.893 INFO  [scheduling-1] MarketHistoryService requestId= userId= method= uri= status= durationMs= - Market history persistence pre-insert: source=EVDS, candidateCount=252, insertableCount=246
2026-05-07 09:49:56.944 INFO  [scheduling-1] MarketHistoryService requestId= userId= method= uri= status= durationMs= - Market history cache cleared manually: cacheName=market_history
2026-05-07 09:49:56.944 INFO  [scheduling-1] MarketHistoryService requestId= userId= method= uri= status= durationMs= - Market history persistence completed: source=EVDS, received=252, saved=246, skippedDuplicate=6
2026-05-07 09:49:56.945 INFO  [scheduling-1] MarketHistoryBackfillService requestId= userId= method= uri= status= durationMs= - Market history backfill completed: source=EVDS, lookbackDays=365, symbolCount=1
2026-05-07 09:49:56.949 INFO  [scheduling-1] MarketHistoryMaintenanceService requestId= userId= method= uri= status= durationMs= - marketBackfillCompleted providerSource=EVDS, symbol=SARTRY, fetchedCount=252, savedCount=246
2026-05-07 09:49:56.949 INFO  [scheduling-1] MarketHistoryMaintenanceService requestId= userId= method= uri= status= durationMs= - Market backfill DB stats: providerSource=EVDS, symbol=SARTRY, count=252, minPriceDate=2025-05-08, maxPriceDate=2026-05-07, distinctPriceCount=248
2026-05-07 09:49:56.953 INFO  [scheduling-1] MarketRefreshCoordinator requestId= userId= method= uri= status= durationMs= - Market refresh coordinator evaluating providers: sources=[BINANCE, BIST, EVDS]
2026-05-07 09:49:56.954 INFO  [scheduling-1] MarketRefreshCoordinator requestId= userId= method= uri= status= durationMs= - Market provider due refresh started: source=BINANCE
2026-05-07 09:49:56.955 INFO  [scheduling-1] ProviderOrchestrationService requestId= userId= method= uri= status= durationMs= - Market provider orchestration started: providerCount=3, sourceFilter=BINANCE
2026-05-07 09:49:56.956 INFO  [scheduling-1] ProviderOrchestrationService requestId= userId= method= uri= status= durationMs= - Market provider refresh started: source=BINANCE
2026-05-07 09:49:56.958 INFO  [scheduling-1] BinanceMarketDataProvider requestId= userId= method= uri= status= durationMs= - Market provider registry resolved: providerSource=BINANCE, registryMappingCount=8, resolvedSymbols=[BTCUSDT, ETHUSDT, BNBUSDT, SOLUSDT, XRPUSDT, ADAUSDT, AVAXUSDT, DOGEUSDT], fallbackToYaml=true
2026-05-07 09:49:56.959 INFO  [scheduling-1] BinanceClient requestId= userId= method= uri= status= durationMs= - Binance client request started: symbolCount=8, uri=https://api.binance.com/api/v3/ticker/24hr?symbols=%5B%22BTCUSDT%22,%22ETHUSDT%22,%22BNBUSDT%22,%22SOLUSDT%22,%22XRPUSDT%22,%22ADAUSDT%22,%22AVAXUSDT%22,%22DOGEUSDT%22%5D
2026-05-07 09:49:57.251 INFO  [scheduling-1] BinanceClient requestId= userId= method= uri= status= durationMs= - Binance client request completed: quoteCount=8
2026-05-07 09:49:57.252 INFO  [scheduling-1] BinanceMarketDataProvider requestId= userId= method= uri= status= durationMs= - Binance provider fetch completed: requestedSymbolCount=8, quoteCount=8, historyRecordCount=0
2026-05-07 09:49:57.253 INFO  [scheduling-1] ProviderOrchestrationService requestId= userId= method= uri= status= durationMs=297 - Market provider refresh completed: source=BINANCE, quoteCount=8, historyRecordCount=0, durationMs=297
2026-05-07 09:49:57.254 INFO  [scheduling-1] ProviderOrchestrationService requestId= userId= method= uri= status= durationMs= - Market provider skipped by supports: providerSource=BIST, requestSource=BINANCE
2026-05-07 09:49:57.254 INFO  [scheduling-1] EvdsMarketDataProvider requestId= userId= method= uri= status= durationMs= - EVDS provider supports evaluated: supported=false, enabled=true, requestSource=BINANCE
2026-05-07 09:49:57.255 INFO  [scheduling-1] ProviderOrchestrationService requestId= userId= method= uri= status= durationMs= - Market provider skipped by supports: providerSource=EVDS, requestSource=BINANCE
2026-05-07 09:49:57.256 INFO  [scheduling-1] MarketCacheTtlPolicy requestId= userId= method= uri= status= durationMs= - Market cache ttl resolved: source=BINANCE, ttl=PT2M
2026-05-07 09:49:57.256 INFO  [scheduling-1] MarketCacheService requestId= userId= method= uri= status= durationMs= - Market cache write: source=BINANCE, key=market:quotes:source:BINANCE, ttl=PT2M
2026-05-07 09:49:57.258 INFO  [scheduling-1] MarketCacheTtlPolicy requestId= userId= method= uri= status= durationMs= - Market cache ttl resolved: source=BINANCE, ttl=PT2M
2026-05-07 09:49:57.259 INFO  [scheduling-1] MarketCacheService requestId= userId= method= uri= status= durationMs= - Market cache write: source=BINANCE, key=market:quotes:symbol:BTCUSDT, ttl=PT2M
2026-05-07 09:49:57.260 INFO  [scheduling-1] MarketCacheTtlPolicy requestId= userId= method= uri= status= durationMs= - Market cache ttl resolved: source=BINANCE, ttl=PT2M
2026-05-07 09:49:57.261 INFO  [scheduling-1] MarketCacheService requestId= userId= method= uri= status= durationMs= - Market cache write: source=BINANCE, key=market:quotes:symbol:ETHUSDT, ttl=PT2M
2026-05-07 09:49:57.262 INFO  [scheduling-1] MarketCacheTtlPolicy requestId= userId= method= uri= status= durationMs= - Market cache ttl resolved: source=BINANCE, ttl=PT2M
2026-05-07 09:49:57.263 INFO  [scheduling-1] MarketCacheService requestId= userId= method= uri= status= durationMs= - Market cache write: source=BINANCE, key=market:quotes:symbol:BNBUSDT, ttl=PT2M
2026-05-07 09:49:57.264 INFO  [scheduling-1] MarketCacheTtlPolicy requestId= userId= method= uri= status= durationMs= - Market cache ttl resolved: source=BINANCE, ttl=PT2M
2026-05-07 09:49:57.265 INFO  [scheduling-1] MarketCacheService requestId= userId= method= uri= status= durationMs= - Market cache write: source=BINANCE, key=market:quotes:symbol:ADAUSDT, ttl=PT2M
2026-05-07 09:49:57.265 INFO  [scheduling-1] MarketCacheTtlPolicy requestId= userId= method= uri= status= durationMs= - Market cache ttl resolved: source=BINANCE, ttl=PT2M
2026-05-07 09:49:57.266 INFO  [scheduling-1] MarketCacheService requestId= userId= method= uri= status= durationMs= - Market cache write: source=BINANCE, key=market:quotes:symbol:XRPUSDT, ttl=PT2M
2026-05-07 09:49:57.267 INFO  [scheduling-1] MarketCacheTtlPolicy requestId= userId= method= uri= status= durationMs= - Market cache ttl resolved: source=BINANCE, ttl=PT2M
2026-05-07 09:49:57.267 INFO  [scheduling-1] MarketCacheService requestId= userId= method= uri= status= durationMs= - Market cache write: source=BINANCE, key=market:quotes:symbol:DOGEUSDT, ttl=PT2M
2026-05-07 09:49:57.268 INFO  [scheduling-1] MarketCacheTtlPolicy requestId= userId= method= uri= status= durationMs= - Market cache ttl resolved: source=BINANCE, ttl=PT2M
2026-05-07 09:49:57.269 INFO  [scheduling-1] MarketCacheService requestId= userId= method= uri= status= durationMs= - Market cache write: source=BINANCE, key=market:quotes:symbol:SOLUSDT, ttl=PT2M
2026-05-07 09:49:57.270 INFO  [scheduling-1] MarketCacheTtlPolicy requestId= userId= method= uri= status= durationMs= - Market cache ttl resolved: source=BINANCE, ttl=PT2M
2026-05-07 09:49:57.270 INFO  [scheduling-1] MarketCacheService requestId= userId= method= uri= status= durationMs= - Market cache write: source=BINANCE, key=market:quotes:symbol:AVAXUSDT, ttl=PT2M
2026-05-07 09:49:57.271 INFO  [scheduling-1] MarketHistoryService requestId= userId= method= uri= status= durationMs= - Market history persistence candidates: source=BINANCE, receivedCount=0, validatedCount=0, candidateCount=0
2026-05-07 09:49:57.271 INFO  [scheduling-1] MarketHistoryService requestId= userId= method= uri= status= durationMs= - Market history persistence pre-insert: source=BINANCE, candidateCount=0, insertableCount=0
2026-05-07 09:49:57.272 INFO  [scheduling-1] MarketHistoryService requestId= userId= method= uri= status= durationMs= - Market history persistence completed: source=BINANCE, received=0, saved=0, skippedDuplicate=0
2026-05-07 09:49:57.277 INFO  [scheduling-1] MarketCacheTtlPolicy requestId= userId= method= uri= status= durationMs= - Market cache ttl resolved: source=ALL, ttl=PT30M
2026-05-07 09:49:57.277 INFO  [scheduling-1] MarketCacheService requestId= userId= method= uri= status= durationMs= - Market cache write: source=ALL, key=market:quotes:all, ttl=PT30M
2026-05-07 09:49:57.279 INFO  [scheduling-1] MarketCacheTtlPolicy requestId= userId= method= uri= status= durationMs= - Market cache ttl resolved: source=BINANCE, ttl=PT2M
2026-05-07 09:49:57.280 INFO  [scheduling-1] MarketCacheService requestId= userId= method= uri= status= durationMs= - Market cache write: source=BINANCE, key=market:quotes:symbol:BTCUSDT, ttl=PT2M
2026-05-07 09:49:57.281 INFO  [scheduling-1] MarketCacheTtlPolicy requestId= userId= method= uri= status= durationMs= - Market cache ttl resolved: source=BINANCE, ttl=PT2M
2026-05-07 09:49:57.282 INFO  [scheduling-1] MarketCacheService requestId= userId= method= uri= status= durationMs= - Market cache write: source=BINANCE, key=market:quotes:symbol:ETHUSDT, ttl=PT2M
2026-05-07 09:49:57.283 INFO  [scheduling-1] MarketCacheTtlPolicy requestId= userId= method= uri= status= durationMs= - Market cache ttl resolved: source=BINANCE, ttl=PT2M
2026-05-07 09:49:57.283 INFO  [scheduling-1] MarketCacheService requestId= userId= method= uri= status= durationMs= - Market cache write: source=BINANCE, key=market:quotes:symbol:BNBUSDT, ttl=PT2M
2026-05-07 09:49:57.284 INFO  [scheduling-1] MarketCacheTtlPolicy requestId= userId= method= uri= status= durationMs= - Market cache ttl resolved: source=BINANCE, ttl=PT2M
2026-05-07 09:49:57.285 INFO  [scheduling-1] MarketCacheService requestId= userId= method= uri= status= durationMs= - Market cache write: source=BINANCE, key=market:quotes:symbol:ADAUSDT, ttl=PT2M
2026-05-07 09:49:57.286 INFO  [scheduling-1] MarketCacheTtlPolicy requestId= userId= method= uri= status= durationMs= - Market cache ttl resolved: source=BINANCE, ttl=PT2M
2026-05-07 09:49:57.286 INFO  [scheduling-1] MarketCacheService requestId= userId= method= uri= status= durationMs= - Market cache write: source=BINANCE, key=market:quotes:symbol:XRPUSDT, ttl=PT2M
2026-05-07 09:49:57.287 INFO  [scheduling-1] MarketCacheTtlPolicy requestId= userId= method= uri= status= durationMs= - Market cache ttl resolved: source=BINANCE, ttl=PT2M
2026-05-07 09:49:57.288 INFO  [scheduling-1] MarketCacheService requestId= userId= method= uri= status= durationMs= - Market cache write: source=BINANCE, key=market:quotes:symbol:DOGEUSDT, ttl=PT2M
2026-05-07 09:49:57.290 INFO  [scheduling-1] MarketCacheTtlPolicy requestId= userId= method= uri= status= durationMs= - Market cache ttl resolved: source=BINANCE, ttl=PT2M
2026-05-07 09:49:57.290 INFO  [scheduling-1] MarketCacheService requestId= userId= method= uri= status= durationMs= - Market cache write: source=BINANCE, key=market:quotes:symbol:SOLUSDT, ttl=PT2M
2026-05-07 09:49:57.292 INFO  [scheduling-1] MarketCacheTtlPolicy requestId= userId= method= uri= status= durationMs= - Market cache ttl resolved: source=BINANCE, ttl=PT2M
2026-05-07 09:49:57.293 INFO  [scheduling-1] MarketCacheService requestId= userId= method= uri= status= durationMs= - Market cache write: source=BINANCE, key=market:quotes:symbol:AVAXUSDT, ttl=PT2M
2026-05-07 09:49:57.293 INFO  [scheduling-1] MarketCacheTtlPolicy requestId= userId= method= uri= status= durationMs= - Market cache ttl resolved: source=BIST, ttl=PT24H
2026-05-07 09:49:57.294 INFO  [scheduling-1] MarketCacheService requestId= userId= method= uri= status= durationMs= - Market cache write: source=BIST, key=market:quotes:symbol:THYAO, ttl=PT24H
2026-05-07 09:49:57.295 INFO  [scheduling-1] MarketCacheTtlPolicy requestId= userId= method= uri= status= durationMs= - Market cache ttl resolved: source=BIST, ttl=PT24H
2026-05-07 09:49:57.295 INFO  [scheduling-1] MarketCacheService requestId= userId= method= uri= status= durationMs= - Market cache write: source=BIST, key=market:quotes:symbol:ASELS, ttl=PT24H
2026-05-07 09:49:57.297 INFO  [scheduling-1] MarketCacheTtlPolicy requestId= userId= method= uri= status= durationMs= - Market cache ttl resolved: source=BIST, ttl=PT24H
2026-05-07 09:49:57.297 INFO  [scheduling-1] MarketCacheService requestId= userId= method= uri= status= durationMs= - Market cache write: source=BIST, key=market:quotes:symbol:GARAN, ttl=PT24H
2026-05-07 09:49:57.298 INFO  [scheduling-1] MarketCacheTtlPolicy requestId= userId= method= uri= status= durationMs= - Market cache ttl resolved: source=BIST, ttl=PT24H
2026-05-07 09:49:57.298 INFO  [scheduling-1] MarketCacheService requestId= userId= method= uri= status= durationMs= - Market cache write: source=BIST, key=market:quotes:symbol:AKBNK, ttl=PT24H
2026-05-07 09:49:57.299 INFO  [scheduling-1] MarketCacheTtlPolicy requestId= userId= method= uri= status= durationMs= - Market cache ttl resolved: source=BIST, ttl=PT24H
2026-05-07 09:49:57.299 INFO  [scheduling-1] MarketCacheService requestId= userId= method= uri= status= durationMs= - Market cache write: source=BIST, key=market:quotes:symbol:BIMAS, ttl=PT24H
2026-05-07 09:49:57.300 INFO  [scheduling-1] MarketCacheTtlPolicy requestId= userId= method= uri= status= durationMs= - Market cache ttl resolved: source=BIST, ttl=PT24H
2026-05-07 09:49:57.301 INFO  [scheduling-1] MarketCacheService requestId= userId= method= uri= status= durationMs= - Market cache write: source=BIST, key=market:quotes:symbol:KCHOL, ttl=PT24H
2026-05-07 09:49:57.302 INFO  [scheduling-1] MarketCacheTtlPolicy requestId= userId= method= uri= status= durationMs= - Market cache ttl resolved: source=BIST, ttl=PT24H
2026-05-07 09:49:57.302 INFO  [scheduling-1] MarketCacheService requestId= userId= method= uri= status= durationMs= - Market cache write: source=BIST, key=market:quotes:symbol:SAHOL, ttl=PT24H
2026-05-07 09:49:57.303 INFO  [scheduling-1] MarketCacheTtlPolicy requestId= userId= method= uri= status= durationMs= - Market cache ttl resolved: source=BIST, ttl=PT24H
2026-05-07 09:49:57.304 INFO  [scheduling-1] MarketCacheService requestId= userId= method= uri= status= durationMs= - Market cache write: source=BIST, key=market:quotes:symbol:EREGL, ttl=PT24H
2026-05-07 09:49:57.305 INFO  [scheduling-1] MarketCacheTtlPolicy requestId= userId= method= uri= status= durationMs= - Market cache ttl resolved: source=BIST, ttl=PT24H
2026-05-07 09:49:57.306 INFO  [scheduling-1] MarketCacheService requestId= userId= method= uri= status= durationMs= - Market cache write: source=BIST, key=market:quotes:symbol:TUPRS, ttl=PT24H
2026-05-07 09:49:57.307 INFO  [scheduling-1] MarketCacheTtlPolicy requestId= userId= method= uri= status= durationMs= - Market cache ttl resolved: source=BIST, ttl=PT24H
2026-05-07 09:49:57.308 INFO  [scheduling-1] MarketCacheService requestId= userId= method= uri= status= durationMs= - Market cache write: source=BIST, key=market:quotes:symbol:FROTO, ttl=PT24H
2026-05-07 09:49:57.309 INFO  [scheduling-1] MarketCacheTtlPolicy requestId= userId= method= uri= status= durationMs= - Market cache ttl resolved: source=EVDS, ttl=PT6H
2026-05-07 09:49:57.310 INFO  [scheduling-1] MarketCacheService requestId= userId= method= uri= status= durationMs= - Market cache write: source=EVDS, key=market:quotes:symbol:USDTRY, ttl=PT6H
2026-05-07 09:49:57.311 INFO  [scheduling-1] MarketCacheTtlPolicy requestId= userId= method= uri= status= durationMs= - Market cache ttl resolved: source=EVDS, ttl=PT6H
2026-05-07 09:49:57.311 INFO  [scheduling-1] MarketCacheService requestId= userId= method= uri= status= durationMs= - Market cache write: source=EVDS, key=market:quotes:symbol:EURTRY, ttl=PT6H
2026-05-07 09:49:57.313 INFO  [scheduling-1] MarketCacheTtlPolicy requestId= userId= method= uri= status= durationMs= - Market cache ttl resolved: source=EVDS, ttl=PT6H
2026-05-07 09:49:57.313 INFO  [scheduling-1] MarketCacheService requestId= userId= method= uri= status= durationMs= - Market cache write: source=EVDS, key=market:quotes:symbol:GBPTRY, ttl=PT6H
2026-05-07 09:49:57.314 INFO  [scheduling-1] MarketCacheTtlPolicy requestId= userId= method= uri= status= durationMs= - Market cache ttl resolved: source=EVDS, ttl=PT6H
2026-05-07 09:49:57.314 INFO  [scheduling-1] MarketCacheService requestId= userId= method= uri= status= durationMs= - Market cache write: source=EVDS, key=market:quotes:symbol:CHFTRY, ttl=PT6H
2026-05-07 09:49:57.315 INFO  [scheduling-1] MarketCacheTtlPolicy requestId= userId= method= uri= status= durationMs= - Market cache ttl resolved: source=EVDS, ttl=PT6H
2026-05-07 09:49:57.316 INFO  [scheduling-1] MarketCacheService requestId= userId= method= uri= status= durationMs= - Market cache write: source=EVDS, key=market:quotes:symbol:JPYTRY, ttl=PT6H
2026-05-07 09:49:57.317 INFO  [scheduling-1] MarketCacheTtlPolicy requestId= userId= method= uri= status= durationMs= - Market cache ttl resolved: source=EVDS, ttl=PT6H
2026-05-07 09:49:57.317 INFO  [scheduling-1] MarketCacheService requestId= userId= method= uri= status= durationMs= - Market cache write: source=EVDS, key=market:quotes:symbol:AUDTRY, ttl=PT6H
2026-05-07 09:49:57.318 INFO  [scheduling-1] MarketCacheTtlPolicy requestId= userId= method= uri= status= durationMs= - Market cache ttl resolved: source=EVDS, ttl=PT6H
2026-05-07 09:49:57.319 INFO  [scheduling-1] MarketCacheService requestId= userId= method= uri= status= durationMs= - Market cache write: source=EVDS, key=market:quotes:symbol:CNYTRY, ttl=PT6H
2026-05-07 09:49:57.319 INFO  [scheduling-1] MarketCacheTtlPolicy requestId= userId= method= uri= status= durationMs= - Market cache ttl resolved: source=EVDS, ttl=PT6H
2026-05-07 09:49:57.320 INFO  [scheduling-1] MarketCacheService requestId= userId= method= uri= status= durationMs= - Market cache write: source=EVDS, key=market:quotes:symbol:NOKTRY, ttl=PT6H
2026-05-07 09:49:57.321 INFO  [scheduling-1] MarketCacheTtlPolicy requestId= userId= method= uri= status= durationMs= - Market cache ttl resolved: source=EVDS, ttl=PT6H
2026-05-07 09:49:57.322 INFO  [scheduling-1] MarketCacheService requestId= userId= method= uri= status= durationMs= - Market cache write: source=EVDS, key=market:quotes:symbol:SEKTRY, ttl=PT6H
2026-05-07 09:49:57.323 INFO  [scheduling-1] MarketCacheTtlPolicy requestId= userId= method= uri= status= durationMs= - Market cache ttl resolved: source=EVDS, ttl=PT6H
2026-05-07 09:49:57.323 INFO  [scheduling-1] MarketCacheService requestId= userId= method= uri= status= durationMs= - Market cache write: source=EVDS, key=market:quotes:symbol:DKKTRY, ttl=PT6H
2026-05-07 09:49:57.324 INFO  [scheduling-1] MarketCacheTtlPolicy requestId= userId= method= uri= status= durationMs= - Market cache ttl resolved: source=EVDS, ttl=PT6H
2026-05-07 09:49:57.325 INFO  [scheduling-1] MarketCacheService requestId= userId= method= uri= status= durationMs= - Market cache write: source=EVDS, key=market:quotes:symbol:SARTRY, ttl=PT6H
2026-05-07 09:49:57.326 INFO  [scheduling-1] MarketRefreshService requestId= userId= method= uri= status= durationMs= - Market refresh completed: processedQuoteCount=8, historyRecordCount=0, aggregateQuoteCount=29, failedProviderCount=0
2026-05-07 09:49:57.326 INFO  [scheduling-1] MarketRefreshCoordinator requestId= userId= method= uri= status= durationMs= - Market provider refresh completed: source=BINANCE, quoteCount=8
2026-05-07 09:49:57.327 INFO  [scheduling-1] MarketRefreshCoordinator requestId= userId= method= uri= status= durationMs= - Market provider skipped: source=BIST, reason=not-due, refreshMinutes=30
2026-05-07 09:49:57.327 INFO  [scheduling-1] MarketRefreshCoordinator requestId= userId= method= uri= status= durationMs= - Market provider skipped: source=EVDS, reason=not-due, refreshMinutes=15
2026-05-07 09:50:03.962 DEBUG [http-nio-8080-exec-3] FilterChainProxy requestId=ca1d051c-76ba-4a81-8a19-ca390337f716 userId= method= uri= status= durationMs= - Securing GET /actuator/prometheus
2026-05-07 09:50:03.963 DEBUG [http-nio-8080-exec-3] AnonymousAuthenticationFilter requestId=ca1d051c-76ba-4a81-8a19-ca390337f716 userId= method= uri= status= durationMs= - Set SecurityContextHolder to anonymous SecurityContext
2026-05-07 09:50:03.965 DEBUG [http-nio-8080-exec-3] FilterChainProxy requestId=ca1d051c-76ba-4a81-8a19-ca390337f716 userId= method= uri= status= durationMs= - Secured GET /actuator/prometheus
2026-05-07 09:50:03.970 INFO  [http-nio-8080-exec-3] HttpRequestLoggingFilter requestId=ca1d051c-76ba-4a81-8a19-ca390337f716 userId= method=GET uri=/actuator/prometheus status=200 durationMs=9 - HTTP request completed
2026-05-07 09:50:13.937 DEBUG [http-nio-8080-exec-4] FilterChainProxy requestId=3c373751-99fd-40c4-b2fd-3789f86cfa32 userId= method= uri= status= durationMs= - Securing GET /actuator/prometheus
2026-05-07 09:50:13.939 DEBUG [http-nio-8080-exec-4] AnonymousAuthenticationFilter requestId=3c373751-99fd-40c4-b2fd-3789f86cfa32 userId= method= uri= status= durationMs= - Set SecurityContextHolder to anonymous SecurityContext
2026-05-07 09:50:13.941 DEBUG [http-nio-8080-exec-4] FilterChainProxy requestId=3c373751-99fd-40c4-b2fd-3789f86cfa32 userId= method= uri= status= durationMs= - Secured GET /actuator/prometheus
2026-05-07 09:50:13.945 INFO  [http-nio-8080-exec-4] HttpRequestLoggingFilter requestId=3c373751-99fd-40c4-b2fd-3789f86cfa32 userId= method=GET uri=/actuator/prometheus status=200 durationMs=9 - HTTP request completed
2026-05-07 09:50:23.937 DEBUG [http-nio-8080-exec-5] FilterChainProxy requestId=0e66fce7-3ae1-4add-8993-f3ba3f573bbb userId= method= uri= status= durationMs= - Securing GET /actuator/prometheus
2026-05-07 09:50:23.940 DEBUG [http-nio-8080-exec-5] AnonymousAuthenticationFilter requestId=0e66fce7-3ae1-4add-8993-f3ba3f573bbb userId= method= uri= status= durationMs= - Set SecurityContextHolder to anonymous SecurityContext
2026-05-07 09:50:23.941 DEBUG [http-nio-8080-exec-5] FilterChainProxy requestId=0e66fce7-3ae1-4add-8993-f3ba3f573bbb userId= method= uri= status= durationMs= - Secured GET /actuator/prometheus
2026-05-07 09:50:23.946 INFO  [http-nio-8080-exec-5] HttpRequestLoggingFilter requestId=0e66fce7-3ae1-4add-8993-f3ba3f573bbb userId= method=GET uri=/actuator/prometheus status=200 durationMs=10 - HTTP request completed
2026-05-07 09:50:33.937 DEBUG [http-nio-8080-exec-6] FilterChainProxy requestId=548918f5-d40c-4c5d-98fa-d49e3281d1d8 userId= method= uri= status= durationMs= - Securing GET /actuator/prometheus
2026-05-07 09:50:33.939 DEBUG [http-nio-8080-exec-6] AnonymousAuthenticationFilter requestId=548918f5-d40c-4c5d-98fa-d49e3281d1d8 userId= method= uri= status= durationMs= - Set SecurityContextHolder to anonymous SecurityContext
2026-05-07 09:50:33.940 DEBUG [http-nio-8080-exec-6] FilterChainProxy requestId=548918f5-d40c-4c5d-98fa-d49e3281d1d8 userId= method= uri= status= durationMs= - Secured GET /actuator/prometheus
2026-05-07 09:50:33.944 INFO  [http-nio-8080-exec-6] HttpRequestLoggingFilter requestId=548918f5-d40c-4c5d-98fa-d49e3281d1d8 userId= method=GET uri=/actuator/prometheus status=200 durationMs=7 - HTTP request completed
2026-05-07 09:50:43.910 DEBUG [http-nio-8080-exec-7] FilterChainProxy requestId=b7d6dcd1-410a-4c29-af69-b7e1befc2745 userId= method= uri= status= durationMs= - Securing GET /actuator/prometheus
2026-05-07 09:50:43.913 DEBUG [http-nio-8080-exec-7] AnonymousAuthenticationFilter requestId=b7d6dcd1-410a-4c29-af69-b7e1befc2745 userId= method= uri= status= durationMs= - Set SecurityContextHolder to anonymous SecurityContext
2026-05-07 09:50:43.915 DEBUG [http-nio-8080-exec-7] FilterChainProxy requestId=b7d6dcd1-410a-4c29-af69-b7e1befc2745 userId= method= uri= status= durationMs= - Secured GET /actuator/prometheus
2026-05-07 09:50:43.919 INFO  [http-nio-8080-exec-7] HttpRequestLoggingFilter requestId=b7d6dcd1-410a-4c29-af69-b7e1befc2745 userId= method=GET uri=/actuator/prometheus status=200 durationMs=10 - HTTP request completed
2026-05-07 09:50:53.912 DEBUG [http-nio-8080-exec-8] FilterChainProxy requestId=f0c7c468-8f56-45e9-82d8-0a6954b275b1 userId= method= uri= status= durationMs= - Securing GET /actuator/prometheus
2026-05-07 09:50:53.914 DEBUG [http-nio-8080-exec-8] AnonymousAuthenticationFilter requestId=f0c7c468-8f56-45e9-82d8-0a6954b275b1 userId= method= uri= status= durationMs= - Set SecurityContextHolder to anonymous SecurityContext
2026-05-07 09:50:53.916 DEBUG [http-nio-8080-exec-8] FilterChainProxy requestId=f0c7c468-8f56-45e9-82d8-0a6954b275b1 userId= method= uri= status= durationMs= - Secured GET /actuator/prometheus
2026-05-07 09:50:53.921 INFO  [http-nio-8080-exec-8] HttpRequestLoggingFilter requestId=f0c7c468-8f56-45e9-82d8-0a6954b275b1 userId= method=GET uri=/actuator/prometheus status=200 durationMs=10 - HTTP request completed
2026-05-07 09:51:03.910 DEBUG [http-nio-8080-exec-9] FilterChainProxy requestId=d7858488-0238-4699-9680-fa5a72071ee1 userId= method= uri= status= durationMs= - Securing GET /actuator/prometheus
2026-05-07 09:51:03.912 DEBUG [http-nio-8080-exec-9] AnonymousAuthenticationFilter requestId=d7858488-0238-4699-9680-fa5a72071ee1 userId= method= uri= status= durationMs= - Set SecurityContextHolder to anonymous SecurityContext
2026-05-07 09:51:03.913 DEBUG [http-nio-8080-exec-9] FilterChainProxy requestId=d7858488-0238-4699-9680-fa5a72071ee1 userId= method= uri= status= durationMs= - Secured GET /actuator/prometheus
2026-05-07 09:51:03.917 INFO  [http-nio-8080-exec-9] HttpRequestLoggingFilter requestId=d7858488-0238-4699-9680-fa5a72071ee1 userId= method=GET uri=/actuator/prometheus status=200 durationMs=8 - HTTP request completed
2026-05-07 09:51:13.886 DEBUG [http-nio-8080-exec-10] FilterChainProxy requestId=85fb52d3-0bd5-4954-b1d2-845dfb12090b userId= method= uri= status= durationMs= - Securing GET /actuator/prometheus
2026-05-07 09:51:13.888 DEBUG [http-nio-8080-exec-10] AnonymousAuthenticationFilter requestId=85fb52d3-0bd5-4954-b1d2-845dfb12090b userId= method= uri= status= durationMs= - Set SecurityContextHolder to anonymous SecurityContext
2026-05-07 09:51:13.890 DEBUG [http-nio-8080-exec-10] FilterChainProxy requestId=85fb52d3-0bd5-4954-b1d2-845dfb12090b userId= method= uri= status= durationMs= - Secured GET /actuator/prometheus
2026-05-07 09:51:13.894 INFO  [http-nio-8080-exec-10] HttpRequestLoggingFilter requestId=85fb52d3-0bd5-4954-b1d2-845dfb12090b userId= method=GET uri=/actuator/prometheus status=200 durationMs=9 - HTTP request completed
2026-05-07 09:51:23.885 DEBUG [http-nio-8080-exec-1] FilterChainProxy requestId=143c14c2-7110-4293-8ed5-f02513285703 userId= method= uri= status= durationMs= - Securing GET /actuator/prometheus
2026-05-07 09:51:23.887 DEBUG [http-nio-8080-exec-1] AnonymousAuthenticationFilter requestId=143c14c2-7110-4293-8ed5-f02513285703 userId= method= uri= status= durationMs= - Set SecurityContextHolder to anonymous SecurityContext
2026-05-07 09:51:23.888 DEBUG [http-nio-8080-exec-1] FilterChainProxy requestId=143c14c2-7110-4293-8ed5-f02513285703 userId= method= uri= status= durationMs= - Secured GET /actuator/prometheus
2026-05-07 09:51:23.892 INFO  [http-nio-8080-exec-1] HttpRequestLoggingFilter requestId=143c14c2-7110-4293-8ed5-f02513285703 userId= method=GET uri=/actuator/prometheus status=200 durationMs=7 - HTTP request completed
2026-05-07 09:51:33.885 DEBUG [http-nio-8080-exec-2] FilterChainProxy requestId=2e22da4c-541b-4256-9948-f7a7a42ecb79 userId= method= uri= status= durationMs= - Securing GET /actuator/prometheus
2026-05-07 09:51:33.887 DEBUG [http-nio-8080-exec-2] AnonymousAuthenticationFilter requestId=2e22da4c-541b-4256-9948-f7a7a42ecb79 userId= method= uri= status= durationMs= - Set SecurityContextHolder to anonymous SecurityContext
2026-05-07 09:51:33.888 DEBUG [http-nio-8080-exec-2] FilterChainProxy requestId=2e22da4c-541b-4256-9948-f7a7a42ecb79 userId= method= uri= status= durationMs= - Secured GET /actuator/prometheus
2026-05-07 09:51:33.893 INFO  [http-nio-8080-exec-2] HttpRequestLoggingFilter requestId=2e22da4c-541b-4256-9948-f7a7a42ecb79 userId= method=GET uri=/actuator/prometheus status=200 durationMs=8 - HTTP request completed
2026-05-07 09:51:43.862 DEBUG [http-nio-8080-exec-3] FilterChainProxy requestId=dab1770c-7f12-4f18-8366-c50ae85916a3 userId= method= uri= status= durationMs= - Securing GET /actuator/prometheus
2026-05-07 09:51:43.864 DEBUG [http-nio-8080-exec-3] AnonymousAuthenticationFilter requestId=dab1770c-7f12-4f18-8366-c50ae85916a3 userId= method= uri= status= durationMs= - Set SecurityContextHolder to anonymous SecurityContext
2026-05-07 09:51:43.865 DEBUG [http-nio-8080-exec-3] FilterChainProxy requestId=dab1770c-7f12-4f18-8366-c50ae85916a3 userId= method= uri= status= durationMs= - Secured GET /actuator/prometheus
2026-05-07 09:51:43.870 INFO  [http-nio-8080-exec-3] HttpRequestLoggingFilter requestId=dab1770c-7f12-4f18-8366-c50ae85916a3 userId= method=GET uri=/actuator/prometheus status=200 durationMs=10 - HTTP request completed
2026-05-07 09:51:53.861 DEBUG [http-nio-8080-exec-4] FilterChainProxy requestId=c8032781-e254-463d-86f4-f6060dc43008 userId= method= uri= status= durationMs= - Securing GET /actuator/prometheus
2026-05-07 09:51:53.864 DEBUG [http-nio-8080-exec-4] AnonymousAuthenticationFilter requestId=c8032781-e254-463d-86f4-f6060dc43008 userId= method= uri= status= durationMs= - Set SecurityContextHolder to anonymous SecurityContext
2026-05-07 09:51:53.865 DEBUG [http-nio-8080-exec-4] FilterChainProxy requestId=c8032781-e254-463d-86f4-f6060dc43008 userId= method= uri= status= durationMs= - Secured GET /actuator/prometheus
2026-05-07 09:51:53.869 INFO  [http-nio-8080-exec-4] HttpRequestLoggingFilter requestId=c8032781-e254-463d-86f4-f6060dc43008 userId= method=GET uri=/actuator/prometheus status=200 durationMs=9 - HTTP request completed
2026-05-07 09:52:03.861 DEBUG [http-nio-8080-exec-5] FilterChainProxy requestId=a2325197-fb96-4fda-94d8-b86c7dbc0c78 userId= method= uri= status= durationMs= - Securing GET /actuator/prometheus
2026-05-07 09:52:03.862 DEBUG [http-nio-8080-exec-5] AnonymousAuthenticationFilter requestId=a2325197-fb96-4fda-94d8-b86c7dbc0c78 userId= method= uri= status= durationMs= - Set SecurityContextHolder to anonymous SecurityContext
2026-05-07 09:52:03.864 DEBUG [http-nio-8080-exec-5] FilterChainProxy requestId=a2325197-fb96-4fda-94d8-b86c7dbc0c78 userId= method= uri= status= durationMs= - Secured GET /actuator/prometheus
2026-05-07 09:52:03.868 INFO  [http-nio-8080-exec-5] HttpRequestLoggingFilter requestId=a2325197-fb96-4fda-94d8-b86c7dbc0c78 userId= method=GET uri=/actuator/prometheus status=200 durationMs=8 - HTTP request completed
2026-05-07 09:52:13.833 DEBUG [http-nio-8080-exec-6] FilterChainProxy requestId=6f661abe-7a8e-444c-b7b1-b175d649c69e userId= method= uri= status= durationMs= - Securing GET /actuator/prometheus
2026-05-07 09:52:13.835 DEBUG [http-nio-8080-exec-6] AnonymousAuthenticationFilter requestId=6f661abe-7a8e-444c-b7b1-b175d649c69e userId= method= uri= status= durationMs= - Set SecurityContextHolder to anonymous SecurityContext
2026-05-07 09:52:13.837 DEBUG [http-nio-8080-exec-6] FilterChainProxy requestId=6f661abe-7a8e-444c-b7b1-b175d649c69e userId= method= uri= status= durationMs= - Secured GET /actuator/prometheus
2026-05-07 09:52:13.841 INFO  [http-nio-8080-exec-6] HttpRequestLoggingFilter requestId=6f661abe-7a8e-444c-b7b1-b175d649c69e userId= method=GET uri=/actuator/prometheus status=200 durationMs=9 - HTTP request completed
2026-05-07 09:52:23.832 DEBUG [http-nio-8080-exec-7] FilterChainProxy requestId=be0df0ad-afaa-45f4-800f-21809911cca9 userId= method= uri= status= durationMs= - Securing GET /actuator/prometheus
2026-05-07 09:52:23.834 DEBUG [http-nio-8080-exec-7] AnonymousAuthenticationFilter requestId=be0df0ad-afaa-45f4-800f-21809911cca9 userId= method= uri= status= durationMs= - Set SecurityContextHolder to anonymous SecurityContext
2026-05-07 09:52:23.836 DEBUG [http-nio-8080-exec-7] FilterChainProxy requestId=be0df0ad-afaa-45f4-800f-21809911cca9 userId= method= uri= status= durationMs= - Secured GET /actuator/prometheus
2026-05-07 09:52:23.841 INFO  [http-nio-8080-exec-7] HttpRequestLoggingFilter requestId=be0df0ad-afaa-45f4-800f-21809911cca9 userId= method=GET uri=/actuator/prometheus status=200 durationMs=9 - HTTP request completed
2026-05-07 09:52:33.839 DEBUG [http-nio-8080-exec-8] FilterChainProxy requestId=3f97bf68-de16-4670-903b-8b5fae6a6968 userId= method= uri= status= durationMs= - Securing GET /actuator/prometheus
2026-05-07 09:52:33.841 DEBUG [http-nio-8080-exec-8] AnonymousAuthenticationFilter requestId=3f97bf68-de16-4670-903b-8b5fae6a6968 userId= method= uri= status= durationMs= - Set SecurityContextHolder to anonymous SecurityContext
2026-05-07 09:52:33.842 DEBUG [http-nio-8080-exec-8] FilterChainProxy requestId=3f97bf68-de16-4670-903b-8b5fae6a6968 userId= method= uri= status= durationMs= - Secured GET /actuator/prometheus
2026-05-07 09:52:33.847 INFO  [http-nio-8080-exec-8] HttpRequestLoggingFilter requestId=3f97bf68-de16-4670-903b-8b5fae6a6968 userId= method=GET uri=/actuator/prometheus status=200 durationMs=9 - HTTP request completed
2026-05-07 09:52:43.801 DEBUG [http-nio-8080-exec-9] FilterChainProxy requestId=8b638989-bbdb-4951-b681-e5709d7c3f73 userId= method= uri= status= durationMs= - Securing GET /actuator/prometheus
2026-05-07 09:52:43.802 DEBUG [http-nio-8080-exec-9] AnonymousAuthenticationFilter requestId=8b638989-bbdb-4951-b681-e5709d7c3f73 userId= method= uri= status= durationMs= - Set SecurityContextHolder to anonymous SecurityContext
2026-05-07 09:52:43.803 DEBUG [http-nio-8080-exec-9] FilterChainProxy requestId=8b638989-bbdb-4951-b681-e5709d7c3f73 userId= method= uri= status= durationMs= - Secured GET /actuator/prometheus
2026-05-07 09:52:43.808 INFO  [http-nio-8080-exec-9] HttpRequestLoggingFilter requestId=8b638989-bbdb-4951-b681-e5709d7c3f73 userId= method=GET uri=/actuator/prometheus status=200 durationMs=7 - HTTP request completed
2026-05-07 09:52:53.802 DEBUG [http-nio-8080-exec-10] FilterChainProxy requestId=a1270d48-c823-4543-9c10-64335b5e6fac userId= method= uri= status= durationMs= - Securing GET /actuator/prometheus
2026-05-07 09:52:53.805 DEBUG [http-nio-8080-exec-10] AnonymousAuthenticationFilter requestId=a1270d48-c823-4543-9c10-64335b5e6fac userId= method= uri= status= durationMs= - Set SecurityContextHolder to anonymous SecurityContext
2026-05-07 09:52:53.807 DEBUG [http-nio-8080-exec-10] FilterChainProxy requestId=a1270d48-c823-4543-9c10-64335b5e6fac userId= method= uri= status= durationMs= - Secured GET /actuator/prometheus
2026-05-07 09:52:53.812 INFO  [http-nio-8080-exec-10] HttpRequestLoggingFilter requestId=a1270d48-c823-4543-9c10-64335b5e6fac userId= method=GET uri=/actuator/prometheus status=200 durationMs=10 - HTTP request completed
2026-05-07 09:53:03.803 DEBUG [http-nio-8080-exec-1] FilterChainProxy requestId=113b5863-23ae-4f3c-8ae2-6f8f4e18d0f2 userId= method= uri= status= durationMs= - Securing GET /actuator/prometheus
2026-05-07 09:53:03.805 DEBUG [http-nio-8080-exec-1] AnonymousAuthenticationFilter requestId=113b5863-23ae-4f3c-8ae2-6f8f4e18d0f2 userId= method= uri= status= durationMs= - Set SecurityContextHolder to anonymous SecurityContext
2026-05-07 09:53:03.807 DEBUG [http-nio-8080-exec-1] FilterChainProxy requestId=113b5863-23ae-4f3c-8ae2-6f8f4e18d0f2 userId= method= uri= status= durationMs= - Secured GET /actuator/prometheus
2026-05-07 09:53:03.811 INFO  [http-nio-8080-exec-1] HttpRequestLoggingFilter requestId=113b5863-23ae-4f3c-8ae2-6f8f4e18d0f2 userId= method=GET uri=/actuator/prometheus status=200 durationMs=9 - HTTP request completed
2026-05-07 09:53:13.774 DEBUG [http-nio-8080-exec-2] FilterChainProxy requestId=d2dc1164-ec95-4e2f-adbf-b19b5225bf81 userId= method= uri= status= durationMs= - Securing GET /actuator/prometheus
2026-05-07 09:53:13.777 DEBUG [http-nio-8080-exec-2] AnonymousAuthenticationFilter requestId=d2dc1164-ec95-4e2f-adbf-b19b5225bf81 userId= method= uri= status= durationMs= - Set SecurityContextHolder to anonymous SecurityContext
2026-05-07 09:53:13.779 DEBUG [http-nio-8080-exec-2] FilterChainProxy requestId=d2dc1164-ec95-4e2f-adbf-b19b5225bf81 userId= method= uri= status= durationMs= - Secured GET /actuator/prometheus
2026-05-07 09:53:13.783 INFO  [http-nio-8080-exec-2] HttpRequestLoggingFilter requestId=d2dc1164-ec95-4e2f-adbf-b19b5225bf81 userId= method=GET uri=/actuator/prometheus status=200 durationMs=9 - HTTP request completed
2026-05-07 09:53:23.775 DEBUG [http-nio-8080-exec-3] FilterChainProxy requestId=3e01aba0-dfae-4d86-a614-7ed67e91c6ce userId= method= uri= status= durationMs= - Securing GET /actuator/prometheus
2026-05-07 09:53:23.777 DEBUG [http-nio-8080-exec-3] AnonymousAuthenticationFilter requestId=3e01aba0-dfae-4d86-a614-7ed67e91c6ce userId= method= uri= status= durationMs= - Set SecurityContextHolder to anonymous SecurityContext
2026-05-07 09:53:23.779 DEBUG [http-nio-8080-exec-3] FilterChainProxy requestId=3e01aba0-dfae-4d86-a614-7ed67e91c6ce userId= method= uri= status= durationMs= - Secured GET /actuator/prometheus
2026-05-07 09:53:23.783 INFO  [http-nio-8080-exec-3] HttpRequestLoggingFilter requestId=3e01aba0-dfae-4d86-a614-7ed67e91c6ce userId= method=GET uri=/actuator/prometheus status=200 durationMs=9 - HTTP request completed
2026-05-07 09:53:33.775 DEBUG [http-nio-8080-exec-4] FilterChainProxy requestId=f956f2d0-f4f6-4589-b08d-353f7179d081 userId= method= uri= status= durationMs= - Securing GET /actuator/prometheus
2026-05-07 09:53:33.777 DEBUG [http-nio-8080-exec-4] AnonymousAuthenticationFilter requestId=f956f2d0-f4f6-4589-b08d-353f7179d081 userId= method= uri= status= durationMs= - Set SecurityContextHolder to anonymous SecurityContext
2026-05-07 09:53:33.779 DEBUG [http-nio-8080-exec-4] FilterChainProxy requestId=f956f2d0-f4f6-4589-b08d-353f7179d081 userId= method= uri= status= durationMs= - Secured GET /actuator/prometheus
2026-05-07 09:53:33.784 INFO  [http-nio-8080-exec-4] HttpRequestLoggingFilter requestId=f956f2d0-f4f6-4589-b08d-353f7179d081 userId= method=GET uri=/actuator/prometheus status=200 durationMs=9 - HTTP request completed
2026-05-07 09:53:43.748 DEBUG [http-nio-8080-exec-5] FilterChainProxy requestId=b15856a7-d9c6-4bf4-8908-148f44fe69e8 userId= method= uri= status= durationMs= - Securing GET /actuator/prometheus
2026-05-07 09:53:43.750 DEBUG [http-nio-8080-exec-5] AnonymousAuthenticationFilter requestId=b15856a7-d9c6-4bf4-8908-148f44fe69e8 userId= method= uri= status= durationMs= - Set SecurityContextHolder to anonymous SecurityContext
2026-05-07 09:53:43.752 DEBUG [http-nio-8080-exec-5] FilterChainProxy requestId=b15856a7-d9c6-4bf4-8908-148f44fe69e8 userId= method= uri= status= durationMs= - Secured GET /actuator/prometheus
2026-05-07 09:53:43.756 INFO  [http-nio-8080-exec-5] HttpRequestLoggingFilter requestId=b15856a7-d9c6-4bf4-8908-148f44fe69e8 userId= method=GET uri=/actuator/prometheus status=200 durationMs=9 - HTTP request completed
2026-05-07 09:53:53.748 DEBUG [http-nio-8080-exec-6] FilterChainProxy requestId=13efe029-e828-48e1-aaf9-1747a6ce9ae5 userId= method= uri= status= durationMs= - Securing GET /actuator/prometheus
2026-05-07 09:53:53.750 DEBUG [http-nio-8080-exec-6] AnonymousAuthenticationFilter requestId=13efe029-e828-48e1-aaf9-1747a6ce9ae5 userId= method= uri= status= durationMs= - Set SecurityContextHolder to anonymous SecurityContext
2026-05-07 09:53:53.752 DEBUG [http-nio-8080-exec-6] FilterChainProxy requestId=13efe029-e828-48e1-aaf9-1747a6ce9ae5 userId= method= uri= status= durationMs= - Secured GET /actuator/prometheus
2026-05-07 09:53:53.756 INFO  [http-nio-8080-exec-6] HttpRequestLoggingFilter requestId=13efe029-e828-48e1-aaf9-1747a6ce9ae5 userId= method=GET uri=/actuator/prometheus status=200 durationMs=8 - HTTP request completed
2026-05-07 09:54:03.749 DEBUG [http-nio-8080-exec-7] FilterChainProxy requestId=e005a32d-ec86-4b2b-bd42-c97d8ada687d userId= method= uri= status= durationMs= - Securing GET /actuator/prometheus
2026-05-07 09:54:03.751 DEBUG [http-nio-8080-exec-7] AnonymousAuthenticationFilter requestId=e005a32d-ec86-4b2b-bd42-c97d8ada687d userId= method= uri= status= durationMs= - Set SecurityContextHolder to anonymous SecurityContext
2026-05-07 09:54:03.752 DEBUG [http-nio-8080-exec-7] FilterChainProxy requestId=e005a32d-ec86-4b2b-bd42-c97d8ada687d userId= method= uri= status= durationMs= - Secured GET /actuator/prometheus
2026-05-07 09:54:03.756 INFO  [http-nio-8080-exec-7] HttpRequestLoggingFilter requestId=e005a32d-ec86-4b2b-bd42-c97d8ada687d userId= method=GET uri=/actuator/prometheus status=200 durationMs=8 - HTTP request completed
2026-05-07 09:54:13.719 DEBUG [http-nio-8080-exec-8] FilterChainProxy requestId=af88dad6-41a8-451b-b9ed-7adff0c6909f userId= method= uri= status= durationMs= - Securing GET /actuator/prometheus
2026-05-07 09:54:13.721 DEBUG [http-nio-8080-exec-8] AnonymousAuthenticationFilter requestId=af88dad6-41a8-451b-b9ed-7adff0c6909f userId= method= uri= status= durationMs= - Set SecurityContextHolder to anonymous SecurityContext
2026-05-07 09:54:13.723 DEBUG [http-nio-8080-exec-8] FilterChainProxy requestId=af88dad6-41a8-451b-b9ed-7adff0c6909f userId= method= uri= status= durationMs= - Secured GET /actuator/prometheus
2026-05-07 09:54:13.727 INFO  [http-nio-8080-exec-8] HttpRequestLoggingFilter requestId=af88dad6-41a8-451b-b9ed-7adff0c6909f userId= method=GET uri=/actuator/prometheus status=200 durationMs=8 - HTTP request completed
2026-05-07 09:54:23.720 DEBUG [http-nio-8080-exec-9] FilterChainProxy requestId=c15fb9b6-0861-4961-8dff-9b04944d3ce5 userId= method= uri= status= durationMs= - Securing GET /actuator/prometheus
2026-05-07 09:54:23.722 DEBUG [http-nio-8080-exec-9] AnonymousAuthenticationFilter requestId=c15fb9b6-0861-4961-8dff-9b04944d3ce5 userId= method= uri= status= durationMs= - Set SecurityContextHolder to anonymous SecurityContext
2026-05-07 09:54:23.723 DEBUG [http-nio-8080-exec-9] FilterChainProxy requestId=c15fb9b6-0861-4961-8dff-9b04944d3ce5 userId= method= uri= status= durationMs= - Secured GET /actuator/prometheus
2026-05-07 09:54:23.727 INFO  [http-nio-8080-exec-9] HttpRequestLoggingFilter requestId=c15fb9b6-0861-4961-8dff-9b04944d3ce5 userId= method=GET uri=/actuator/prometheus status=200 durationMs=8 - HTTP request completed
2026-05-07 09:54:33.718 DEBUG [http-nio-8080-exec-10] FilterChainProxy requestId=c5983618-7dee-4981-9309-be4954829f10 userId= method= uri= status= durationMs= - Securing GET /actuator/prometheus
2026-05-07 09:54:33.721 DEBUG [http-nio-8080-exec-10] AnonymousAuthenticationFilter requestId=c5983618-7dee-4981-9309-be4954829f10 userId= method= uri= status= durationMs= - Set SecurityContextHolder to anonymous SecurityContext
2026-05-07 09:54:33.722 DEBUG [http-nio-8080-exec-10] FilterChainProxy requestId=c5983618-7dee-4981-9309-be4954829f10 userId= method= uri= status= durationMs= - Secured GET /actuator/prometheus
2026-05-07 09:54:33.727 INFO  [http-nio-8080-exec-10] HttpRequestLoggingFilter requestId=c5983618-7dee-4981-9309-be4954829f10 userId= method=GET uri=/actuator/prometheus status=200 durationMs=9 - HTTP request completed
2026-05-07 09:54:43.688 DEBUG [http-nio-8080-exec-1] FilterChainProxy requestId=3f6bbea7-16c8-4e95-bfd7-44c4552abddd userId= method= uri= status= durationMs= - Securing GET /actuator/prometheus
2026-05-07 09:54:43.690 DEBUG [http-nio-8080-exec-1] AnonymousAuthenticationFilter requestId=3f6bbea7-16c8-4e95-bfd7-44c4552abddd userId= method= uri= status= durationMs= - Set SecurityContextHolder to anonymous SecurityContext
2026-05-07 09:54:43.691 DEBUG [http-nio-8080-exec-1] FilterChainProxy requestId=3f6bbea7-16c8-4e95-bfd7-44c4552abddd userId= method= uri= status= durationMs= - Secured GET /actuator/prometheus
2026-05-07 09:54:43.695 INFO  [http-nio-8080-exec-1] HttpRequestLoggingFilter requestId=3f6bbea7-16c8-4e95-bfd7-44c4552abddd userId= method=GET uri=/actuator/prometheus status=200 durationMs=8 - HTTP request completed
2026-05-07 09:54:53.689 DEBUG [http-nio-8080-exec-2] FilterChainProxy requestId=57e28b08-8755-42c4-a61b-257df9069df8 userId= method= uri= status= durationMs= - Securing GET /actuator/prometheus
2026-05-07 09:54:53.691 DEBUG [http-nio-8080-exec-2] AnonymousAuthenticationFilter requestId=57e28b08-8755-42c4-a61b-257df9069df8 userId= method= uri= status= durationMs= - Set SecurityContextHolder to anonymous SecurityContext
2026-05-07 09:54:53.692 DEBUG [http-nio-8080-exec-2] FilterChainProxy requestId=57e28b08-8755-42c4-a61b-257df9069df8 userId= method= uri= status= durationMs= - Secured GET /actuator/prometheus
2026-05-07 09:54:53.696 INFO  [http-nio-8080-exec-2] HttpRequestLoggingFilter requestId=57e28b08-8755-42c4-a61b-257df9069df8 userId= method=GET uri=/actuator/prometheus status=200 durationMs=8 - HTTP request completed
2026-05-07 09:54:57.055 INFO  [scheduling-1] MarketRefreshScheduler requestId= userId= method= uri= status= durationMs= - Market refresh scheduler tick started
2026-05-07 09:54:57.103 INFO  [scheduling-1] MarketRefreshCoordinator requestId= userId= method= uri= status= durationMs= - Market refresh coordinator evaluating providers: sources=[BINANCE, BIST, EVDS]
2026-05-07 09:54:57.104 INFO  [scheduling-1] MarketRefreshCoordinator requestId= userId= method= uri= status= durationMs= - Market provider due refresh started: source=BINANCE
2026-05-07 09:54:57.105 INFO  [scheduling-1] ProviderOrchestrationService requestId= userId= method= uri= status= durationMs= - Market provider orchestration started: providerCount=3, sourceFilter=BINANCE
2026-05-07 09:54:57.105 INFO  [scheduling-1] ProviderOrchestrationService requestId= userId= method= uri= status= durationMs= - Market provider refresh started: source=BINANCE
2026-05-07 09:54:57.108 INFO  [scheduling-1] BinanceMarketDataProvider requestId= userId= method= uri= status= durationMs= - Market provider registry resolved: providerSource=BINANCE, registryMappingCount=8, resolvedSymbols=[BTCUSDT, ETHUSDT, BNBUSDT, SOLUSDT, XRPUSDT, ADAUSDT, AVAXUSDT, DOGEUSDT], fallbackToYaml=true
2026-05-07 09:54:57.108 INFO  [scheduling-1] BinanceClient requestId= userId= method= uri= status= durationMs= - Binance client request started: symbolCount=8, uri=https://api.binance.com/api/v3/ticker/24hr?symbols=%5B%22BTCUSDT%22,%22ETHUSDT%22,%22BNBUSDT%22,%22SOLUSDT%22,%22XRPUSDT%22,%22ADAUSDT%22,%22AVAXUSDT%22,%22DOGEUSDT%22%5D
2026-05-07 09:54:57.449 INFO  [scheduling-1] BinanceClient requestId= userId= method= uri= status= durationMs= - Binance client request completed: quoteCount=8
2026-05-07 09:54:57.450 INFO  [scheduling-1] BinanceMarketDataProvider requestId= userId= method= uri= status= durationMs= - Binance provider fetch completed: requestedSymbolCount=8, quoteCount=8, historyRecordCount=0
2026-05-07 09:54:57.451 INFO  [scheduling-1] ProviderOrchestrationService requestId= userId= method= uri= status= durationMs=345 - Market provider refresh completed: source=BINANCE, quoteCount=8, historyRecordCount=0, durationMs=345
2026-05-07 09:54:57.451 INFO  [scheduling-1] ProviderOrchestrationService requestId= userId= method= uri= status= durationMs= - Market provider skipped by supports: providerSource=BIST, requestSource=BINANCE
2026-05-07 09:54:57.452 INFO  [scheduling-1] EvdsMarketDataProvider requestId= userId= method= uri= status= durationMs= - EVDS provider supports evaluated: supported=false, enabled=true, requestSource=BINANCE
2026-05-07 09:54:57.453 INFO  [scheduling-1] ProviderOrchestrationService requestId= userId= method= uri= status= durationMs= - Market provider skipped by supports: providerSource=EVDS, requestSource=BINANCE
2026-05-07 09:54:57.454 INFO  [scheduling-1] MarketCacheTtlPolicy requestId= userId= method= uri= status= durationMs= - Market cache ttl resolved: source=BINANCE, ttl=PT2M
2026-05-07 09:54:57.455 INFO  [scheduling-1] MarketCacheService requestId= userId= method= uri= status= durationMs= - Market cache write: source=BINANCE, key=market:quotes:source:BINANCE, ttl=PT2M
2026-05-07 09:54:57.457 INFO  [scheduling-1] MarketCacheTtlPolicy requestId= userId= method= uri= status= durationMs= - Market cache ttl resolved: source=BINANCE, ttl=PT2M
2026-05-07 09:54:57.457 INFO  [scheduling-1] MarketCacheService requestId= userId= method= uri= status= durationMs= - Market cache write: source=BINANCE, key=market:quotes:symbol:BTCUSDT, ttl=PT2M
2026-05-07 09:54:57.458 INFO  [scheduling-1] MarketCacheTtlPolicy requestId= userId= method= uri= status= durationMs= - Market cache ttl resolved: source=BINANCE, ttl=PT2M
2026-05-07 09:54:57.459 INFO  [scheduling-1] MarketCacheService requestId= userId= method= uri= status= durationMs= - Market cache write: source=BINANCE, key=market:quotes:symbol:ETHUSDT, ttl=PT2M
2026-05-07 09:54:57.460 INFO  [scheduling-1] MarketCacheTtlPolicy requestId= userId= method= uri= status= durationMs= - Market cache ttl resolved: source=BINANCE, ttl=PT2M
2026-05-07 09:54:57.460 INFO  [scheduling-1] MarketCacheService requestId= userId= method= uri= status= durationMs= - Market cache write: source=BINANCE, key=market:quotes:symbol:BNBUSDT, ttl=PT2M
2026-05-07 09:54:57.461 INFO  [scheduling-1] MarketCacheTtlPolicy requestId= userId= method= uri= status= durationMs= - Market cache ttl resolved: source=BINANCE, ttl=PT2M
2026-05-07 09:54:57.462 INFO  [scheduling-1] MarketCacheService requestId= userId= method= uri= status= durationMs= - Market cache write: source=BINANCE, key=market:quotes:symbol:ADAUSDT, ttl=PT2M
2026-05-07 09:54:57.463 INFO  [scheduling-1] MarketCacheTtlPolicy requestId= userId= method= uri= status= durationMs= - Market cache ttl resolved: source=BINANCE, ttl=PT2M
2026-05-07 09:54:57.463 INFO  [scheduling-1] MarketCacheService requestId= userId= method= uri= status= durationMs= - Market cache write: source=BINANCE, key=market:quotes:symbol:XRPUSDT, ttl=PT2M
2026-05-07 09:54:57.464 INFO  [scheduling-1] MarketCacheTtlPolicy requestId= userId= method= uri= status= durationMs= - Market cache ttl resolved: source=BINANCE, ttl=PT2M
2026-05-07 09:54:57.465 INFO  [scheduling-1] MarketCacheService requestId= userId= method= uri= status= durationMs= - Market cache write: source=BINANCE, key=market:quotes:symbol:DOGEUSDT, ttl=PT2M
2026-05-07 09:54:57.466 INFO  [scheduling-1] MarketCacheTtlPolicy requestId= userId= method= uri= status= durationMs= - Market cache ttl resolved: source=BINANCE, ttl=PT2M
2026-05-07 09:54:57.467 INFO  [scheduling-1] MarketCacheService requestId= userId= method= uri= status= durationMs= - Market cache write: source=BINANCE, key=market:quotes:symbol:SOLUSDT, ttl=PT2M
2026-05-07 09:54:57.467 INFO  [scheduling-1] MarketCacheTtlPolicy requestId= userId= method= uri= status= durationMs= - Market cache ttl resolved: source=BINANCE, ttl=PT2M
2026-05-07 09:54:57.468 INFO  [scheduling-1] MarketCacheService requestId= userId= method= uri= status= durationMs= - Market cache write: source=BINANCE, key=market:quotes:symbol:AVAXUSDT, ttl=PT2M
2026-05-07 09:54:57.469 INFO  [scheduling-1] MarketHistoryService requestId= userId= method= uri= status= durationMs= - Market history persistence candidates: source=BINANCE, receivedCount=0, validatedCount=0, candidateCount=0
2026-05-07 09:54:57.470 INFO  [scheduling-1] MarketHistoryService requestId= userId= method= uri= status= durationMs= - Market history persistence pre-insert: source=BINANCE, candidateCount=0, insertableCount=0
2026-05-07 09:54:57.470 INFO  [scheduling-1] MarketHistoryService requestId= userId= method= uri= status= durationMs= - Market history persistence completed: source=BINANCE, received=0, saved=0, skippedDuplicate=0
2026-05-07 09:54:57.476 INFO  [scheduling-1] MarketCacheTtlPolicy requestId= userId= method= uri= status= durationMs= - Market cache ttl resolved: source=ALL, ttl=PT30M
2026-05-07 09:54:57.476 INFO  [scheduling-1] MarketCacheService requestId= userId= method= uri= status= durationMs= - Market cache write: source=ALL, key=market:quotes:all, ttl=PT30M
2026-05-07 09:54:57.478 INFO  [scheduling-1] MarketCacheTtlPolicy requestId= userId= method= uri= status= durationMs= - Market cache ttl resolved: source=BINANCE, ttl=PT2M
2026-05-07 09:54:57.479 INFO  [scheduling-1] MarketCacheService requestId= userId= method= uri= status= durationMs= - Market cache write: source=BINANCE, key=market:quotes:symbol:BTCUSDT, ttl=PT2M
2026-05-07 09:54:57.480 INFO  [scheduling-1] MarketCacheTtlPolicy requestId= userId= method= uri= status= durationMs= - Market cache ttl resolved: source=BINANCE, ttl=PT2M
2026-05-07 09:54:57.480 INFO  [scheduling-1] MarketCacheService requestId= userId= method= uri= status= durationMs= - Market cache write: source=BINANCE, key=market:quotes:symbol:ETHUSDT, ttl=PT2M
2026-05-07 09:54:57.481 INFO  [scheduling-1] MarketCacheTtlPolicy requestId= userId= method= uri= status= durationMs= - Market cache ttl resolved: source=BINANCE, ttl=PT2M
2026-05-07 09:54:57.481 INFO  [scheduling-1] MarketCacheService requestId= userId= method= uri= status= durationMs= - Market cache write: source=BINANCE, key=market:quotes:symbol:BNBUSDT, ttl=PT2M
2026-05-07 09:54:57.482 INFO  [scheduling-1] MarketCacheTtlPolicy requestId= userId= method= uri= status= durationMs= - Market cache ttl resolved: source=BINANCE, ttl=PT2M
2026-05-07 09:54:57.483 INFO  [scheduling-1] MarketCacheService requestId= userId= method= uri= status= durationMs= - Market cache write: source=BINANCE, key=market:quotes:symbol:ADAUSDT, ttl=PT2M
2026-05-07 09:54:57.484 INFO  [scheduling-1] MarketCacheTtlPolicy requestId= userId= method= uri= status= durationMs= - Market cache ttl resolved: source=BINANCE, ttl=PT2M
2026-05-07 09:54:57.484 INFO  [scheduling-1] MarketCacheService requestId= userId= method= uri= status= durationMs= - Market cache write: source=BINANCE, key=market:quotes:symbol:XRPUSDT, ttl=PT2M
2026-05-07 09:54:57.485 INFO  [scheduling-1] MarketCacheTtlPolicy requestId= userId= method= uri= status= durationMs= - Market cache ttl resolved: source=BINANCE, ttl=PT2M
2026-05-07 09:54:57.486 INFO  [scheduling-1] MarketCacheService requestId= userId= method= uri= status= durationMs= - Market cache write: source=BINANCE, key=market:quotes:symbol:DOGEUSDT, ttl=PT2M
2026-05-07 09:54:57.487 INFO  [scheduling-1] MarketCacheTtlPolicy requestId= userId= method= uri= status= durationMs= - Market cache ttl resolved: source=BINANCE, ttl=PT2M
2026-05-07 09:54:57.487 INFO  [scheduling-1] MarketCacheService requestId= userId= method= uri= status= durationMs= - Market cache write: source=BINANCE, key=market:quotes:symbol:SOLUSDT, ttl=PT2M
2026-05-07 09:54:57.488 INFO  [scheduling-1] MarketCacheTtlPolicy requestId= userId= method= uri= status= durationMs= - Market cache ttl resolved: source=BINANCE, ttl=PT2M
2026-05-07 09:54:57.488 INFO  [scheduling-1] MarketCacheService requestId= userId= method= uri= status= durationMs= - Market cache write: source=BINANCE, key=market:quotes:symbol:AVAXUSDT, ttl=PT2M
2026-05-07 09:54:57.489 INFO  [scheduling-1] MarketCacheTtlPolicy requestId= userId= method= uri= status= durationMs= - Market cache ttl resolved: source=BIST, ttl=PT24H
2026-05-07 09:54:57.490 INFO  [scheduling-1] MarketCacheService requestId= userId= method= uri= status= durationMs= - Market cache write: source=BIST, key=market:quotes:symbol:THYAO, ttl=PT24H
2026-05-07 09:54:57.491 INFO  [scheduling-1] MarketCacheTtlPolicy requestId= userId= method= uri= status= durationMs= - Market cache ttl resolved: source=BIST, ttl=PT24H
2026-05-07 09:54:57.491 INFO  [scheduling-1] MarketCacheService requestId= userId= method= uri= status= durationMs= - Market cache write: source=BIST, key=market:quotes:symbol:ASELS, ttl=PT24H
2026-05-07 09:54:57.493 INFO  [scheduling-1] MarketCacheTtlPolicy requestId= userId= method= uri= status= durationMs= - Market cache ttl resolved: source=BIST, ttl=PT24H
2026-05-07 09:54:57.493 INFO  [scheduling-1] MarketCacheService requestId= userId= method= uri= status= durationMs= - Market cache write: source=BIST, key=market:quotes:symbol:GARAN, ttl=PT24H
2026-05-07 09:54:57.495 INFO  [scheduling-1] MarketCacheTtlPolicy requestId= userId= method= uri= status= durationMs= - Market cache ttl resolved: source=BIST, ttl=PT24H
2026-05-07 09:54:57.495 INFO  [scheduling-1] MarketCacheService requestId= userId= method= uri= status= durationMs= - Market cache write: source=BIST, key=market:quotes:symbol:AKBNK, ttl=PT24H
2026-05-07 09:54:57.496 INFO  [scheduling-1] MarketCacheTtlPolicy requestId= userId= method= uri= status= durationMs= - Market cache ttl resolved: source=BIST, ttl=PT24H
2026-05-07 09:54:57.497 INFO  [scheduling-1] MarketCacheService requestId= userId= method= uri= status= durationMs= - Market cache write: source=BIST, key=market:quotes:symbol:BIMAS, ttl=PT24H
2026-05-07 09:54:57.498 INFO  [scheduling-1] MarketCacheTtlPolicy requestId= userId= method= uri= status= durationMs= - Market cache ttl resolved: source=BIST, ttl=PT24H
2026-05-07 09:54:57.499 INFO  [scheduling-1] MarketCacheService requestId= userId= method= uri= status= durationMs= - Market cache write: source=BIST, key=market:quotes:symbol:KCHOL, ttl=PT24H
2026-05-07 09:54:57.500 INFO  [scheduling-1] MarketCacheTtlPolicy requestId= userId= method= uri= status= durationMs= - Market cache ttl resolved: source=BIST, ttl=PT24H
2026-05-07 09:54:57.500 INFO  [scheduling-1] MarketCacheService requestId= userId= method= uri= status= durationMs= - Market cache write: source=BIST, key=market:quotes:symbol:SAHOL, ttl=PT24H
2026-05-07 09:54:57.502 INFO  [scheduling-1] MarketCacheTtlPolicy requestId= userId= method= uri= status= durationMs= - Market cache ttl resolved: source=BIST, ttl=PT24H
2026-05-07 09:54:57.502 INFO  [scheduling-1] MarketCacheService requestId= userId= method= uri= status= durationMs= - Market cache write: source=BIST, key=market:quotes:symbol:EREGL, ttl=PT24H
2026-05-07 09:54:57.503 INFO  [scheduling-1] MarketCacheTtlPolicy requestId= userId= method= uri= status= durationMs= - Market cache ttl resolved: source=BIST, ttl=PT24H
2026-05-07 09:54:57.504 INFO  [scheduling-1] MarketCacheService requestId= userId= method= uri= status= durationMs= - Market cache write: source=BIST, key=market:quotes:symbol:TUPRS, ttl=PT24H
2026-05-07 09:54:57.505 INFO  [scheduling-1] MarketCacheTtlPolicy requestId= userId= method= uri= status= durationMs= - Market cache ttl resolved: source=BIST, ttl=PT24H
2026-05-07 09:54:57.505 INFO  [scheduling-1] MarketCacheService requestId= userId= method= uri= status= durationMs= - Market cache write: source=BIST, key=market:quotes:symbol:FROTO, ttl=PT24H
2026-05-07 09:54:57.506 INFO  [scheduling-1] MarketCacheTtlPolicy requestId= userId= method= uri= status= durationMs= - Market cache ttl resolved: source=EVDS, ttl=PT6H
2026-05-07 09:54:57.507 INFO  [scheduling-1] MarketCacheService requestId= userId= method= uri= status= durationMs= - Market cache write: source=EVDS, key=market:quotes:symbol:USDTRY, ttl=PT6H
2026-05-07 09:54:57.508 INFO  [scheduling-1] MarketCacheTtlPolicy requestId= userId= method= uri= status= durationMs= - Market cache ttl resolved: source=EVDS, ttl=PT6H
2026-05-07 09:54:57.508 INFO  [scheduling-1] MarketCacheService requestId= userId= method= uri= status= durationMs= - Market cache write: source=EVDS, key=market:quotes:symbol:EURTRY, ttl=PT6H
2026-05-07 09:54:57.509 INFO  [scheduling-1] MarketCacheTtlPolicy requestId= userId= method= uri= status= durationMs= - Market cache ttl resolved: source=EVDS, ttl=PT6H
2026-05-07 09:54:57.510 INFO  [scheduling-1] MarketCacheService requestId= userId= method= uri= status= durationMs= - Market cache write: source=EVDS, key=market:quotes:symbol:GBPTRY, ttl=PT6H
2026-05-07 09:54:57.511 INFO  [scheduling-1] MarketCacheTtlPolicy requestId= userId= method= uri= status= durationMs= - Market cache ttl resolved: source=EVDS, ttl=PT6H
2026-05-07 09:54:57.511 INFO  [scheduling-1] MarketCacheService requestId= userId= method= uri= status= durationMs= - Market cache write: source=EVDS, key=market:quotes:symbol:CHFTRY, ttl=PT6H
2026-05-07 09:54:57.512 INFO  [scheduling-1] MarketCacheTtlPolicy requestId= userId= method= uri= status= durationMs= - Market cache ttl resolved: source=EVDS, ttl=PT6H
2026-05-07 09:54:57.513 INFO  [scheduling-1] MarketCacheService requestId= userId= method= uri= status= durationMs= - Market cache write: source=EVDS, key=market:quotes:symbol:JPYTRY, ttl=PT6H
2026-05-07 09:54:57.514 INFO  [scheduling-1] MarketCacheTtlPolicy requestId= userId= method= uri= status= durationMs= - Market cache ttl resolved: source=EVDS, ttl=PT6H
2026-05-07 09:54:57.514 INFO  [scheduling-1] MarketCacheService requestId= userId= method= uri= status= durationMs= - Market cache write: source=EVDS, key=market:quotes:symbol:AUDTRY, ttl=PT6H
2026-05-07 09:54:57.515 INFO  [scheduling-1] MarketCacheTtlPolicy requestId= userId= method= uri= status= durationMs= - Market cache ttl resolved: source=EVDS, ttl=PT6H
2026-05-07 09:54:57.516 INFO  [scheduling-1] MarketCacheService requestId= userId= method= uri= status= durationMs= - Market cache write: source=EVDS, key=market:quotes:symbol:CNYTRY, ttl=PT6H
2026-05-07 09:54:57.517 INFO  [scheduling-1] MarketCacheTtlPolicy requestId= userId= method= uri= status= durationMs= - Market cache ttl resolved: source=EVDS, ttl=PT6H
2026-05-07 09:54:57.517 INFO  [scheduling-1] MarketCacheService requestId= userId= method= uri= status= durationMs= - Market cache write: source=EVDS, key=market:quotes:symbol:NOKTRY, ttl=PT6H
2026-05-07 09:54:57.518 INFO  [scheduling-1] MarketCacheTtlPolicy requestId= userId= method= uri= status= durationMs= - Market cache ttl resolved: source=EVDS, ttl=PT6H
2026-05-07 09:54:57.519 INFO  [scheduling-1] MarketCacheService requestId= userId= method= uri= status= durationMs= - Market cache write: source=EVDS, key=market:quotes:symbol:SEKTRY, ttl=PT6H
2026-05-07 09:54:57.520 INFO  [scheduling-1] MarketCacheTtlPolicy requestId= userId= method= uri= status= durationMs= - Market cache ttl resolved: source=EVDS, ttl=PT6H
2026-05-07 09:54:57.520 INFO  [scheduling-1] MarketCacheService requestId= userId= method= uri= status= durationMs= - Market cache write: source=EVDS, key=market:quotes:symbol:DKKTRY, ttl=PT6H
2026-05-07 09:54:57.521 INFO  [scheduling-1] MarketCacheTtlPolicy requestId= userId= method= uri= status= durationMs= - Market cache ttl resolved: source=EVDS, ttl=PT6H
2026-05-07 09:54:57.522 INFO  [scheduling-1] MarketCacheService requestId= userId= method= uri= status= durationMs= - Market cache write: source=EVDS, key=market:quotes:symbol:SARTRY, ttl=PT6H
2026-05-07 09:54:57.523 INFO  [scheduling-1] MarketRefreshService requestId= userId= method= uri= status= durationMs= - Market refresh completed: processedQuoteCount=8, historyRecordCount=0, aggregateQuoteCount=29, failedProviderCount=0
2026-05-07 09:54:57.523 INFO  [scheduling-1] MarketRefreshCoordinator requestId= userId= method= uri= status= durationMs= - Market provider refresh completed: source=BINANCE, quoteCount=8
2026-05-07 09:54:57.524 INFO  [scheduling-1] MarketRefreshCoordinator requestId= userId= method= uri= status= durationMs= - Market provider skipped: source=BIST, reason=not-due, refreshMinutes=30
2026-05-07 09:54:57.524 INFO  [scheduling-1] MarketRefreshCoordinator requestId= userId= method= uri= status= durationMs= - Market provider skipped: source=EVDS, reason=not-due, refreshMinutes=15
2026-05-07 09:55:03.688 DEBUG [http-nio-8080-exec-3] FilterChainProxy requestId=1f351f24-1e9d-4899-aaf6-008bbf529a98 userId= method= uri= status= durationMs= - Securing GET /actuator/prometheus
2026-05-07 09:55:03.690 DEBUG [http-nio-8080-exec-3] AnonymousAuthenticationFilter requestId=1f351f24-1e9d-4899-aaf6-008bbf529a98 userId= method= uri= status= durationMs= - Set SecurityContextHolder to anonymous SecurityContext
2026-05-07 09:55:03.692 DEBUG [http-nio-8080-exec-3] FilterChainProxy requestId=1f351f24-1e9d-4899-aaf6-008bbf529a98 userId= method= uri= status= durationMs= - Secured GET /actuator/prometheus
2026-05-07 09:55:03.696 INFO  [http-nio-8080-exec-3] HttpRequestLoggingFilter requestId=1f351f24-1e9d-4899-aaf6-008bbf529a98 userId= method=GET uri=/actuator/prometheus status=200 durationMs=9 - HTTP request completed
2026-05-07 09:55:13.663 DEBUG [http-nio-8080-exec-4] FilterChainProxy requestId=596e8671-1eae-4d93-9398-e118beffa263 userId= method= uri= status= durationMs= - Securing GET /actuator/prometheus
2026-05-07 09:55:13.664 DEBUG [http-nio-8080-exec-4] AnonymousAuthenticationFilter requestId=596e8671-1eae-4d93-9398-e118beffa263 userId= method= uri= status= durationMs= - Set SecurityContextHolder to anonymous SecurityContext
2026-05-07 09:55:13.666 DEBUG [http-nio-8080-exec-4] FilterChainProxy requestId=596e8671-1eae-4d93-9398-e118beffa263 userId= method= uri= status= durationMs= - Secured GET /actuator/prometheus
2026-05-07 09:55:13.672 INFO  [http-nio-8080-exec-4] HttpRequestLoggingFilter requestId=596e8671-1eae-4d93-9398-e118beffa263 userId= method=GET uri=/actuator/prometheus status=200 durationMs=10 - HTTP request completed
2026-05-07 09:55:23.661 DEBUG [http-nio-8080-exec-5] FilterChainProxy requestId=9846c203-3484-403a-85d3-65a045b95667 userId= method= uri= status= durationMs= - Securing GET /actuator/prometheus
2026-05-07 09:55:23.663 DEBUG [http-nio-8080-exec-5] AnonymousAuthenticationFilter requestId=9846c203-3484-403a-85d3-65a045b95667 userId= method= uri= status= durationMs= - Set SecurityContextHolder to anonymous SecurityContext
2026-05-07 09:55:23.664 DEBUG [http-nio-8080-exec-5] FilterChainProxy requestId=9846c203-3484-403a-85d3-65a045b95667 userId= method= uri= status= durationMs= - Secured GET /actuator/prometheus
2026-05-07 09:55:23.668 INFO  [http-nio-8080-exec-5] HttpRequestLoggingFilter requestId=9846c203-3484-403a-85d3-65a045b95667 userId= method=GET uri=/actuator/prometheus status=200 durationMs=8 - HTTP request completed
2026-05-07 09:55:33.663 DEBUG [http-nio-8080-exec-6] FilterChainProxy requestId=628f686c-84b2-4877-8183-d769bb6f30dc userId= method= uri= status= durationMs= - Securing GET /actuator/prometheus
2026-05-07 09:55:33.665 DEBUG [http-nio-8080-exec-6] AnonymousAuthenticationFilter requestId=628f686c-84b2-4877-8183-d769bb6f30dc userId= method= uri= status= durationMs= - Set SecurityContextHolder to anonymous SecurityContext
2026-05-07 09:55:33.666 DEBUG [http-nio-8080-exec-6] FilterChainProxy requestId=628f686c-84b2-4877-8183-d769bb6f30dc userId= method= uri= status= durationMs= - Secured GET /actuator/prometheus
2026-05-07 09:55:33.670 INFO  [http-nio-8080-exec-6] HttpRequestLoggingFilter requestId=628f686c-84b2-4877-8183-d769bb6f30dc userId= method=GET uri=/actuator/prometheus status=200 durationMs=8 - HTTP request completed
2026-05-07 09:55:43.633 DEBUG [http-nio-8080-exec-7] FilterChainProxy requestId=4b5e7a13-4fad-40bb-97a1-49154c1bfd0c userId= method= uri= status= durationMs= - Securing GET /actuator/prometheus
2026-05-07 09:55:43.636 DEBUG [http-nio-8080-exec-7] AnonymousAuthenticationFilter requestId=4b5e7a13-4fad-40bb-97a1-49154c1bfd0c userId= method= uri= status= durationMs= - Set SecurityContextHolder to anonymous SecurityContext
2026-05-07 09:55:43.638 DEBUG [http-nio-8080-exec-7] FilterChainProxy requestId=4b5e7a13-4fad-40bb-97a1-49154c1bfd0c userId= method= uri= status= durationMs= - Secured GET /actuator/prometheus
2026-05-07 09:55:43.642 INFO  [http-nio-8080-exec-7] HttpRequestLoggingFilter requestId=4b5e7a13-4fad-40bb-97a1-49154c1bfd0c userId= method=GET uri=/actuator/prometheus status=200 durationMs=9 - HTTP request completed
2026-05-07 09:55:53.632 DEBUG [http-nio-8080-exec-8] FilterChainProxy requestId=1b2b83dd-eb67-4be6-a3f4-a2ed76e87b63 userId= method= uri= status= durationMs= - Securing GET /actuator/prometheus
2026-05-07 09:55:53.634 DEBUG [http-nio-8080-exec-8] AnonymousAuthenticationFilter requestId=1b2b83dd-eb67-4be6-a3f4-a2ed76e87b63 userId= method= uri= status= durationMs= - Set SecurityContextHolder to anonymous SecurityContext
2026-05-07 09:55:53.636 DEBUG [http-nio-8080-exec-8] FilterChainProxy requestId=1b2b83dd-eb67-4be6-a3f4-a2ed76e87b63 userId= method= uri= status= durationMs= - Secured GET /actuator/prometheus
2026-05-07 09:55:53.641 INFO  [http-nio-8080-exec-8] HttpRequestLoggingFilter requestId=1b2b83dd-eb67-4be6-a3f4-a2ed76e87b63 userId= method=GET uri=/actuator/prometheus status=200 durationMs=9 - HTTP request completed
2026-05-07 09:56:03.633 DEBUG [http-nio-8080-exec-9] FilterChainProxy requestId=5b18fab9-3da6-4229-b1ac-cba4cb2d0013 userId= method= uri= status= durationMs= - Securing GET /actuator/prometheus
2026-05-07 09:56:03.635 DEBUG [http-nio-8080-exec-9] AnonymousAuthenticationFilter requestId=5b18fab9-3da6-4229-b1ac-cba4cb2d0013 userId= method= uri= status= durationMs= - Set SecurityContextHolder to anonymous SecurityContext
2026-05-07 09:56:03.636 DEBUG [http-nio-8080-exec-9] FilterChainProxy requestId=5b18fab9-3da6-4229-b1ac-cba4cb2d0013 userId= method= uri= status= durationMs= - Secured GET /actuator/prometheus
2026-05-07 09:56:03.640 INFO  [http-nio-8080-exec-9] HttpRequestLoggingFilter requestId=5b18fab9-3da6-4229-b1ac-cba4cb2d0013 userId= method=GET uri=/actuator/prometheus status=200 durationMs=7 - HTTP request completed
2026-05-07 09:56:13.606 DEBUG [http-nio-8080-exec-10] FilterChainProxy requestId=d405fa48-f0bf-4488-8e52-e4963a387a13 userId= method= uri= status= durationMs= - Securing GET /actuator/prometheus
2026-05-07 09:56:13.608 DEBUG [http-nio-8080-exec-10] AnonymousAuthenticationFilter requestId=d405fa48-f0bf-4488-8e52-e4963a387a13 userId= method= uri= status= durationMs= - Set SecurityContextHolder to anonymous SecurityContext
2026-05-07 09:56:13.610 DEBUG [http-nio-8080-exec-10] FilterChainProxy requestId=d405fa48-f0bf-4488-8e52-e4963a387a13 userId= method= uri= status= durationMs= - Secured GET /actuator/prometheus
2026-05-07 09:56:13.616 INFO  [http-nio-8080-exec-10] HttpRequestLoggingFilter requestId=d405fa48-f0bf-4488-8e52-e4963a387a13 userId= method=GET uri=/actuator/prometheus status=200 durationMs=11 - HTTP request completed
2026-05-07 09:56:23.605 DEBUG [http-nio-8080-exec-1] FilterChainProxy requestId=dbab2a27-bc5b-4757-b56f-46ff4ad8feed userId= method= uri= status= durationMs= - Securing GET /actuator/prometheus
2026-05-07 09:56:23.607 DEBUG [http-nio-8080-exec-1] AnonymousAuthenticationFilter requestId=dbab2a27-bc5b-4757-b56f-46ff4ad8feed userId= method= uri= status= durationMs= - Set SecurityContextHolder to anonymous SecurityContext
2026-05-07 09:56:23.608 DEBUG [http-nio-8080-exec-1] FilterChainProxy requestId=dbab2a27-bc5b-4757-b56f-46ff4ad8feed userId= method= uri= status= durationMs= - Secured GET /actuator/prometheus
2026-05-07 09:56:23.613 INFO  [http-nio-8080-exec-1] HttpRequestLoggingFilter requestId=dbab2a27-bc5b-4757-b56f-46ff4ad8feed userId= method=GET uri=/actuator/prometheus status=200 durationMs=7 - HTTP request completed
2026-05-07 09:56:33.605 DEBUG [http-nio-8080-exec-2] FilterChainProxy requestId=16829caf-bd52-4180-aaa8-13d03e885651 userId= method= uri= status= durationMs= - Securing GET /actuator/prometheus
2026-05-07 09:56:33.607 DEBUG [http-nio-8080-exec-2] AnonymousAuthenticationFilter requestId=16829caf-bd52-4180-aaa8-13d03e885651 userId= method= uri= status= durationMs= - Set SecurityContextHolder to anonymous SecurityContext
2026-05-07 09:56:33.608 DEBUG [http-nio-8080-exec-2] FilterChainProxy requestId=16829caf-bd52-4180-aaa8-13d03e885651 userId= method= uri= status= durationMs= - Secured GET /actuator/prometheus
2026-05-07 09:56:33.612 INFO  [http-nio-8080-exec-2] HttpRequestLoggingFilter requestId=16829caf-bd52-4180-aaa8-13d03e885651 userId= method=GET uri=/actuator/prometheus status=200 durationMs=7 - HTTP request completed
2026-05-07 09:56:43.578 DEBUG [http-nio-8080-exec-3] FilterChainProxy requestId=adbc02a8-f87d-4d87-9d58-6b4d6d6c6d03 userId= method= uri= status= durationMs= - Securing GET /actuator/prometheus
2026-05-07 09:56:43.580 DEBUG [http-nio-8080-exec-3] AnonymousAuthenticationFilter requestId=adbc02a8-f87d-4d87-9d58-6b4d6d6c6d03 userId= method= uri= status= durationMs= - Set SecurityContextHolder to anonymous SecurityContext
2026-05-07 09:56:43.582 DEBUG [http-nio-8080-exec-3] FilterChainProxy requestId=adbc02a8-f87d-4d87-9d58-6b4d6d6c6d03 userId= method= uri= status= durationMs= - Secured GET /actuator/prometheus
2026-05-07 09:56:43.587 INFO  [http-nio-8080-exec-3] HttpRequestLoggingFilter requestId=adbc02a8-f87d-4d87-9d58-6b4d6d6c6d03 userId= method=GET uri=/actuator/prometheus status=200 durationMs=10 - HTTP request completed
2026-05-07 09:56:53.580 DEBUG [http-nio-8080-exec-4] FilterChainProxy requestId=bf4f9407-a745-4dd8-8645-5ffc7930e5fa userId= method= uri= status= durationMs= - Securing GET /actuator/prometheus
2026-05-07 09:56:53.582 DEBUG [http-nio-8080-exec-4] AnonymousAuthenticationFilter requestId=bf4f9407-a745-4dd8-8645-5ffc7930e5fa userId= method= uri= status= durationMs= - Set SecurityContextHolder to anonymous SecurityContext
2026-05-07 09:56:53.585 DEBUG [http-nio-8080-exec-4] FilterChainProxy requestId=bf4f9407-a745-4dd8-8645-5ffc7930e5fa userId= method= uri= status= durationMs= - Secured GET /actuator/prometheus
2026-05-07 09:56:53.598 INFO  [http-nio-8080-exec-4] HttpRequestLoggingFilter requestId=bf4f9407-a745-4dd8-8645-5ffc7930e5fa userId= method=GET uri=/actuator/prometheus status=200 durationMs=19 - HTTP request completed
2026-05-07 09:57:03.585 DEBUG [http-nio-8080-exec-5] FilterChainProxy requestId=b7e2ec0d-8d4a-4dd6-b6af-9bef044d7b62 userId= method= uri= status= durationMs= - Securing GET /actuator/prometheus
2026-05-07 09:57:03.588 DEBUG [http-nio-8080-exec-5] AnonymousAuthenticationFilter requestId=b7e2ec0d-8d4a-4dd6-b6af-9bef044d7b62 userId= method= uri= status= durationMs= - Set SecurityContextHolder to anonymous SecurityContext
2026-05-07 09:57:03.589 DEBUG [http-nio-8080-exec-5] FilterChainProxy requestId=b7e2ec0d-8d4a-4dd6-b6af-9bef044d7b62 userId= method= uri= status= durationMs= - Secured GET /actuator/prometheus
2026-05-07 09:57:03.594 INFO  [http-nio-8080-exec-5] HttpRequestLoggingFilter requestId=b7e2ec0d-8d4a-4dd6-b6af-9bef044d7b62 userId= method=GET uri=/actuator/prometheus status=200 durationMs=10 - HTTP request completed
2026-05-07 09:57:13.549 DEBUG [http-nio-8080-exec-6] FilterChainProxy requestId=9e8f882d-a769-45bc-8cf4-6923bc2acf73 userId= method= uri= status= durationMs= - Securing GET /actuator/prometheus
2026-05-07 09:57:13.551 DEBUG [http-nio-8080-exec-6] AnonymousAuthenticationFilter requestId=9e8f882d-a769-45bc-8cf4-6923bc2acf73 userId= method= uri= status= durationMs= - Set SecurityContextHolder to anonymous SecurityContext
2026-05-07 09:57:13.553 DEBUG [http-nio-8080-exec-6] FilterChainProxy requestId=9e8f882d-a769-45bc-8cf4-6923bc2acf73 userId= method= uri= status= durationMs= - Secured GET /actuator/prometheus
2026-05-07 09:57:13.557 INFO  [http-nio-8080-exec-6] HttpRequestLoggingFilter requestId=9e8f882d-a769-45bc-8cf4-6923bc2acf73 userId= method=GET uri=/actuator/prometheus status=200 durationMs=8 - HTTP request completed
2026-05-07 09:57:23.550 DEBUG [http-nio-8080-exec-7] FilterChainProxy requestId=56a164a1-3863-4698-aa30-563837782120 userId= method= uri= status= durationMs= - Securing GET /actuator/prometheus
2026-05-07 09:57:23.552 DEBUG [http-nio-8080-exec-7] AnonymousAuthenticationFilter requestId=56a164a1-3863-4698-aa30-563837782120 userId= method= uri= status= durationMs= - Set SecurityContextHolder to anonymous SecurityContext
2026-05-07 09:57:23.554 DEBUG [http-nio-8080-exec-7] FilterChainProxy requestId=56a164a1-3863-4698-aa30-563837782120 userId= method= uri= status= durationMs= - Secured GET /actuator/prometheus
2026-05-07 09:57:23.559 INFO  [http-nio-8080-exec-7] HttpRequestLoggingFilter requestId=56a164a1-3863-4698-aa30-563837782120 userId= method=GET uri=/actuator/prometheus status=200 durationMs=10 - HTTP request completed
2026-05-07 09:57:33.549 DEBUG [http-nio-8080-exec-8] FilterChainProxy requestId=489f5422-2432-4f5b-9e9b-3d4074a159bd userId= method= uri= status= durationMs= - Securing GET /actuator/prometheus
2026-05-07 09:57:33.551 DEBUG [http-nio-8080-exec-8] AnonymousAuthenticationFilter requestId=489f5422-2432-4f5b-9e9b-3d4074a159bd userId= method= uri= status= durationMs= - Set SecurityContextHolder to anonymous SecurityContext
2026-05-07 09:57:33.552 DEBUG [http-nio-8080-exec-8] FilterChainProxy requestId=489f5422-2432-4f5b-9e9b-3d4074a159bd userId= method= uri= status= durationMs= - Secured GET /actuator/prometheus
2026-05-07 09:57:33.556 INFO  [http-nio-8080-exec-8] HttpRequestLoggingFilter requestId=489f5422-2432-4f5b-9e9b-3d4074a159bd userId= method=GET uri=/actuator/prometheus status=200 durationMs=7 - HTTP request completed
2026-05-07 09:57:43.523 DEBUG [http-nio-8080-exec-9] FilterChainProxy requestId=c3c4cd17-01bc-4827-9d42-73c863ff8c68 userId= method= uri= status= durationMs= - Securing GET /actuator/prometheus
2026-05-07 09:57:43.525 DEBUG [http-nio-8080-exec-9] AnonymousAuthenticationFilter requestId=c3c4cd17-01bc-4827-9d42-73c863ff8c68 userId= method= uri= status= durationMs= - Set SecurityContextHolder to anonymous SecurityContext
2026-05-07 09:57:43.527 DEBUG [http-nio-8080-exec-9] FilterChainProxy requestId=c3c4cd17-01bc-4827-9d42-73c863ff8c68 userId= method= uri= status= durationMs= - Secured GET /actuator/prometheus
2026-05-07 09:57:43.532 INFO  [http-nio-8080-exec-9] HttpRequestLoggingFilter requestId=c3c4cd17-01bc-4827-9d42-73c863ff8c68 userId= method=GET uri=/actuator/prometheus status=200 durationMs=10 - HTTP request completed
2026-05-07 09:57:53.521 DEBUG [http-nio-8080-exec-10] FilterChainProxy requestId=20dadd96-d118-432c-ac76-159213340ca2 userId= method= uri= status= durationMs= - Securing GET /actuator/prometheus
2026-05-07 09:57:53.523 DEBUG [http-nio-8080-exec-10] AnonymousAuthenticationFilter requestId=20dadd96-d118-432c-ac76-159213340ca2 userId= method= uri= status= durationMs= - Set SecurityContextHolder to anonymous SecurityContext
2026-05-07 09:57:53.524 DEBUG [http-nio-8080-exec-10] FilterChainProxy requestId=20dadd96-d118-432c-ac76-159213340ca2 userId= method= uri= status= durationMs= - Secured GET /actuator/prometheus
2026-05-07 09:57:53.530 INFO  [http-nio-8080-exec-10] HttpRequestLoggingFilter requestId=20dadd96-d118-432c-ac76-159213340ca2 userId= method=GET uri=/actuator/prometheus status=200 durationMs=9 - HTTP request completed
2026-05-07 09:58:03.521 DEBUG [http-nio-8080-exec-1] FilterChainProxy requestId=c54ec250-c47e-41af-bcdb-13ba6211e513 userId= method= uri= status= durationMs= - Securing GET /actuator/prometheus
2026-05-07 09:58:03.523 DEBUG [http-nio-8080-exec-1] AnonymousAuthenticationFilter requestId=c54ec250-c47e-41af-bcdb-13ba6211e513 userId= method= uri= status= durationMs= - Set SecurityContextHolder to anonymous SecurityContext
2026-05-07 09:58:03.524 DEBUG [http-nio-8080-exec-1] FilterChainProxy requestId=c54ec250-c47e-41af-bcdb-13ba6211e513 userId= method= uri= status= durationMs= - Secured GET /actuator/prometheus
2026-05-07 09:58:03.529 INFO  [http-nio-8080-exec-1] HttpRequestLoggingFilter requestId=c54ec250-c47e-41af-bcdb-13ba6211e513 userId= method=GET uri=/actuator/prometheus status=200 durationMs=8 - HTTP request completed
2026-05-07 09:58:13.494 DEBUG [http-nio-8080-exec-2] FilterChainProxy requestId=d5bd0343-fa23-4799-b884-581bd529ef84 userId= method= uri= status= durationMs= - Securing GET /actuator/prometheus
2026-05-07 09:58:13.496 DEBUG [http-nio-8080-exec-2] AnonymousAuthenticationFilter requestId=d5bd0343-fa23-4799-b884-581bd529ef84 userId= method= uri= status= durationMs= - Set SecurityContextHolder to anonymous SecurityContext
2026-05-07 09:58:13.498 DEBUG [http-nio-8080-exec-2] FilterChainProxy requestId=d5bd0343-fa23-4799-b884-581bd529ef84 userId= method= uri= status= durationMs= - Secured GET /actuator/prometheus
2026-05-07 09:58:13.504 INFO  [http-nio-8080-exec-2] HttpRequestLoggingFilter requestId=d5bd0343-fa23-4799-b884-581bd529ef84 userId= method=GET uri=/actuator/prometheus status=200 durationMs=11 - HTTP request completed
2026-05-07 09:58:23.498 DEBUG [http-nio-8080-exec-3] FilterChainProxy requestId=08a1f2f5-4880-42eb-9570-a9cf8af92f3e userId= method= uri= status= durationMs= - Securing GET /actuator/prometheus
2026-05-07 09:58:23.501 DEBUG [http-nio-8080-exec-3] AnonymousAuthenticationFilter requestId=08a1f2f5-4880-42eb-9570-a9cf8af92f3e userId= method= uri= status= durationMs= - Set SecurityContextHolder to anonymous SecurityContext
2026-05-07 09:58:23.502 DEBUG [http-nio-8080-exec-3] FilterChainProxy requestId=08a1f2f5-4880-42eb-9570-a9cf8af92f3e userId= method= uri= status= durationMs= - Secured GET /actuator/prometheus
2026-05-07 09:58:23.508 INFO  [http-nio-8080-exec-3] HttpRequestLoggingFilter requestId=08a1f2f5-4880-42eb-9570-a9cf8af92f3e userId= method=GET uri=/actuator/prometheus status=200 durationMs=12 - HTTP request completed
2026-05-07 09:58:33.494 DEBUG [http-nio-8080-exec-4] FilterChainProxy requestId=bd7715d8-07ba-452e-bfb5-4b7a5fba7f28 userId= method= uri= status= durationMs= - Securing GET /actuator/prometheus
2026-05-07 09:58:33.496 DEBUG [http-nio-8080-exec-4] AnonymousAuthenticationFilter requestId=bd7715d8-07ba-452e-bfb5-4b7a5fba7f28 userId= method= uri= status= durationMs= - Set SecurityContextHolder to anonymous SecurityContext
2026-05-07 09:58:33.499 DEBUG [http-nio-8080-exec-4] FilterChainProxy requestId=bd7715d8-07ba-452e-bfb5-4b7a5fba7f28 userId= method= uri= status= durationMs= - Secured GET /actuator/prometheus
2026-05-07 09:58:33.505 INFO  [http-nio-8080-exec-4] HttpRequestLoggingFilter requestId=bd7715d8-07ba-452e-bfb5-4b7a5fba7f28 userId= method=GET uri=/actuator/prometheus status=200 durationMs=12 - HTTP request completed
2026-05-07 09:58:43.465 DEBUG [http-nio-8080-exec-5] FilterChainProxy requestId=ed511152-f0d5-4286-ab2d-f08ff2811074 userId= method= uri= status= durationMs= - Securing GET /actuator/prometheus
2026-05-07 09:58:43.468 DEBUG [http-nio-8080-exec-5] AnonymousAuthenticationFilter requestId=ed511152-f0d5-4286-ab2d-f08ff2811074 userId= method= uri= status= durationMs= - Set SecurityContextHolder to anonymous SecurityContext
2026-05-07 09:58:43.469 DEBUG [http-nio-8080-exec-5] FilterChainProxy requestId=ed511152-f0d5-4286-ab2d-f08ff2811074 userId= method= uri= status= durationMs= - Secured GET /actuator/prometheus
2026-05-07 09:58:43.474 INFO  [http-nio-8080-exec-5] HttpRequestLoggingFilter requestId=ed511152-f0d5-4286-ab2d-f08ff2811074 userId= method=GET uri=/actuator/prometheus status=200 durationMs=9 - HTTP request completed
2026-05-07 09:58:53.465 DEBUG [http-nio-8080-exec-6] FilterChainProxy requestId=7c4e9fe9-b5ea-44a6-8725-108133166744 userId= method= uri= status= durationMs= - Securing GET /actuator/prometheus
2026-05-07 09:58:53.468 DEBUG [http-nio-8080-exec-6] AnonymousAuthenticationFilter requestId=7c4e9fe9-b5ea-44a6-8725-108133166744 userId= method= uri= status= durationMs= - Set SecurityContextHolder to anonymous SecurityContext
2026-05-07 09:58:53.469 DEBUG [http-nio-8080-exec-6] FilterChainProxy requestId=7c4e9fe9-b5ea-44a6-8725-108133166744 userId= method= uri= status= durationMs= - Secured GET /actuator/prometheus
2026-05-07 09:58:53.474 INFO  [http-nio-8080-exec-6] HttpRequestLoggingFilter requestId=7c4e9fe9-b5ea-44a6-8725-108133166744 userId= method=GET uri=/actuator/prometheus status=200 durationMs=9 - HTTP request completed
2026-05-07 09:59:03.465 DEBUG [http-nio-8080-exec-7] FilterChainProxy requestId=bd8084fa-6385-4d60-8b52-6cb74a44d483 userId= method= uri= status= durationMs= - Securing GET /actuator/prometheus
2026-05-07 09:59:03.467 DEBUG [http-nio-8080-exec-7] AnonymousAuthenticationFilter requestId=bd8084fa-6385-4d60-8b52-6cb74a44d483 userId= method= uri= status= durationMs= - Set SecurityContextHolder to anonymous SecurityContext
2026-05-07 09:59:03.469 DEBUG [http-nio-8080-exec-7] FilterChainProxy requestId=bd8084fa-6385-4d60-8b52-6cb74a44d483 userId= method= uri= status= durationMs= - Secured GET /actuator/prometheus
2026-05-07 09:59:03.474 INFO  [http-nio-8080-exec-7] HttpRequestLoggingFilter requestId=bd8084fa-6385-4d60-8b52-6cb74a44d483 userId= method=GET uri=/actuator/prometheus status=200 durationMs=10 - HTTP request completed
2026-05-07 09:59:13.437 DEBUG [http-nio-8080-exec-8] FilterChainProxy requestId=a71dcc0c-670e-4701-b0ff-b12cfd86e807 userId= method= uri= status= durationMs= - Securing GET /actuator/prometheus
2026-05-07 09:59:13.439 DEBUG [http-nio-8080-exec-8] AnonymousAuthenticationFilter requestId=a71dcc0c-670e-4701-b0ff-b12cfd86e807 userId= method= uri= status= durationMs= - Set SecurityContextHolder to anonymous SecurityContext
2026-05-07 09:59:13.441 DEBUG [http-nio-8080-exec-8] FilterChainProxy requestId=a71dcc0c-670e-4701-b0ff-b12cfd86e807 userId= method= uri= status= durationMs= - Secured GET /actuator/prometheus
2026-05-07 09:59:13.447 INFO  [http-nio-8080-exec-8] HttpRequestLoggingFilter requestId=a71dcc0c-670e-4701-b0ff-b12cfd86e807 userId= method=GET uri=/actuator/prometheus status=200 durationMs=10 - HTTP request completed
2026-05-07 09:59:23.437 DEBUG [http-nio-8080-exec-9] FilterChainProxy requestId=86bee2c0-bdbb-4750-982f-af922c8c7364 userId= method= uri= status= durationMs= - Securing GET /actuator/prometheus
2026-05-07 09:59:23.439 DEBUG [http-nio-8080-exec-9] AnonymousAuthenticationFilter requestId=86bee2c0-bdbb-4750-982f-af922c8c7364 userId= method= uri= status= durationMs= - Set SecurityContextHolder to anonymous SecurityContext
2026-05-07 09:59:23.441 DEBUG [http-nio-8080-exec-9] FilterChainProxy requestId=86bee2c0-bdbb-4750-982f-af922c8c7364 userId= method= uri= status= durationMs= - Secured GET /actuator/prometheus
2026-05-07 09:59:23.448 INFO  [http-nio-8080-exec-9] HttpRequestLoggingFilter requestId=86bee2c0-bdbb-4750-982f-af922c8c7364 userId= method=GET uri=/actuator/prometheus status=200 durationMs=11 - HTTP request completed
2026-05-07 09:59:33.437 DEBUG [http-nio-8080-exec-10] FilterChainProxy requestId=78b34a2f-7cbb-4f0e-8cf7-bf3044fed040 userId= method= uri= status= durationMs= - Securing GET /actuator/prometheus
2026-05-07 09:59:33.439 DEBUG [http-nio-8080-exec-10] AnonymousAuthenticationFilter requestId=78b34a2f-7cbb-4f0e-8cf7-bf3044fed040 userId= method= uri= status= durationMs= - Set SecurityContextHolder to anonymous SecurityContext
2026-05-07 09:59:33.441 DEBUG [http-nio-8080-exec-10] FilterChainProxy requestId=78b34a2f-7cbb-4f0e-8cf7-bf3044fed040 userId= method= uri= status= durationMs= - Secured GET /actuator/prometheus
2026-05-07 09:59:33.446 INFO  [http-nio-8080-exec-10] HttpRequestLoggingFilter requestId=78b34a2f-7cbb-4f0e-8cf7-bf3044fed040 userId= method=GET uri=/actuator/prometheus status=200 durationMs=10 - HTTP request completed
2026-05-07 09:59:43.408 DEBUG [http-nio-8080-exec-1] FilterChainProxy requestId=c6c6aa86-41f2-4696-bd51-e22bc402c0f2 userId= method= uri= status= durationMs= - Securing GET /actuator/prometheus
2026-05-07 09:59:43.410 DEBUG [http-nio-8080-exec-1] AnonymousAuthenticationFilter requestId=c6c6aa86-41f2-4696-bd51-e22bc402c0f2 userId= method= uri= status= durationMs= - Set SecurityContextHolder to anonymous SecurityContext
2026-05-07 09:59:43.412 DEBUG [http-nio-8080-exec-1] FilterChainProxy requestId=c6c6aa86-41f2-4696-bd51-e22bc402c0f2 userId= method= uri= status= durationMs= - Secured GET /actuator/prometheus
2026-05-07 09:59:43.417 INFO  [http-nio-8080-exec-1] HttpRequestLoggingFilter requestId=c6c6aa86-41f2-4696-bd51-e22bc402c0f2 userId= method=GET uri=/actuator/prometheus status=200 durationMs=9 - HTTP request completed
2026-05-07 09:59:53.408 DEBUG [http-nio-8080-exec-2] FilterChainProxy requestId=88d2c39d-d3e4-43be-a7e0-b208c6d61c41 userId= method= uri= status= durationMs= - Securing GET /actuator/prometheus
2026-05-07 09:59:53.411 DEBUG [http-nio-8080-exec-2] AnonymousAuthenticationFilter requestId=88d2c39d-d3e4-43be-a7e0-b208c6d61c41 userId= method= uri= status= durationMs= - Set SecurityContextHolder to anonymous SecurityContext
2026-05-07 09:59:53.412 DEBUG [http-nio-8080-exec-2] FilterChainProxy requestId=88d2c39d-d3e4-43be-a7e0-b208c6d61c41 userId= method= uri= status= durationMs= - Secured GET /actuator/prometheus
2026-05-07 09:59:53.417 INFO  [http-nio-8080-exec-2] HttpRequestLoggingFilter requestId=88d2c39d-d3e4-43be-a7e0-b208c6d61c41 userId= method=GET uri=/actuator/prometheus status=200 durationMs=9 - HTTP request completed
2026-05-07 09:59:57.246 INFO  [scheduling-1] MarketRefreshScheduler requestId= userId= method= uri= status= durationMs= - Market refresh scheduler tick started
2026-05-07 09:59:57.299 INFO  [scheduling-1] MarketRefreshCoordinator requestId= userId= method= uri= status= durationMs= - Market refresh coordinator evaluating providers: sources=[BINANCE, BIST, EVDS]
2026-05-07 09:59:57.301 INFO  [scheduling-1] MarketRefreshCoordinator requestId= userId= method= uri= status= durationMs= - Market provider due refresh started: source=BINANCE
2026-05-07 09:59:57.302 INFO  [scheduling-1] ProviderOrchestrationService requestId= userId= method= uri= status= durationMs= - Market provider orchestration started: providerCount=3, sourceFilter=BINANCE
2026-05-07 09:59:57.303 INFO  [scheduling-1] ProviderOrchestrationService requestId= userId= method= uri= status= durationMs= - Market provider refresh started: source=BINANCE
2026-05-07 09:59:57.306 INFO  [scheduling-1] BinanceMarketDataProvider requestId= userId= method= uri= status= durationMs= - Market provider registry resolved: providerSource=BINANCE, registryMappingCount=8, resolvedSymbols=[BTCUSDT, ETHUSDT, BNBUSDT, SOLUSDT, XRPUSDT, ADAUSDT, AVAXUSDT, DOGEUSDT], fallbackToYaml=true
2026-05-07 09:59:57.307 INFO  [scheduling-1] BinanceClient requestId= userId= method= uri= status= durationMs= - Binance client request started: symbolCount=8, uri=https://api.binance.com/api/v3/ticker/24hr?symbols=%5B%22BTCUSDT%22,%22ETHUSDT%22,%22BNBUSDT%22,%22SOLUSDT%22,%22XRPUSDT%22,%22ADAUSDT%22,%22AVAXUSDT%22,%22DOGEUSDT%22%5D
2026-05-07 09:59:57.646 INFO  [scheduling-1] BinanceClient requestId= userId= method= uri= status= durationMs= - Binance client request completed: quoteCount=8
2026-05-07 09:59:57.647 INFO  [scheduling-1] BinanceMarketDataProvider requestId= userId= method= uri= status= durationMs= - Binance provider fetch completed: requestedSymbolCount=8, quoteCount=8, historyRecordCount=0
2026-05-07 09:59:57.648 INFO  [scheduling-1] ProviderOrchestrationService requestId= userId= method= uri= status= durationMs=345 - Market provider refresh completed: source=BINANCE, quoteCount=8, historyRecordCount=0, durationMs=345
2026-05-07 09:59:57.649 INFO  [scheduling-1] ProviderOrchestrationService requestId= userId= method= uri= status= durationMs= - Market provider skipped by supports: providerSource=BIST, requestSource=BINANCE
2026-05-07 09:59:57.649 INFO  [scheduling-1] EvdsMarketDataProvider requestId= userId= method= uri= status= durationMs= - EVDS provider supports evaluated: supported=false, enabled=true, requestSource=BINANCE
2026-05-07 09:59:57.650 INFO  [scheduling-1] ProviderOrchestrationService requestId= userId= method= uri= status= durationMs= - Market provider skipped by supports: providerSource=EVDS, requestSource=BINANCE
2026-05-07 09:59:57.651 INFO  [scheduling-1] MarketCacheTtlPolicy requestId= userId= method= uri= status= durationMs= - Market cache ttl resolved: source=BINANCE, ttl=PT2M
2026-05-07 09:59:57.651 INFO  [scheduling-1] MarketCacheService requestId= userId= method= uri= status= durationMs= - Market cache write: source=BINANCE, key=market:quotes:source:BINANCE, ttl=PT2M
2026-05-07 09:59:57.654 INFO  [scheduling-1] MarketCacheTtlPolicy requestId= userId= method= uri= status= durationMs= - Market cache ttl resolved: source=BINANCE, ttl=PT2M
2026-05-07 09:59:57.654 INFO  [scheduling-1] MarketCacheService requestId= userId= method= uri= status= durationMs= - Market cache write: source=BINANCE, key=market:quotes:symbol:BTCUSDT, ttl=PT2M
2026-05-07 09:59:57.655 INFO  [scheduling-1] MarketCacheTtlPolicy requestId= userId= method= uri= status= durationMs= - Market cache ttl resolved: source=BINANCE, ttl=PT2M
2026-05-07 09:59:57.656 INFO  [scheduling-1] MarketCacheService requestId= userId= method= uri= status= durationMs= - Market cache write: source=BINANCE, key=market:quotes:symbol:ETHUSDT, ttl=PT2M
2026-05-07 09:59:57.658 INFO  [scheduling-1] MarketCacheTtlPolicy requestId= userId= method= uri= status= durationMs= - Market cache ttl resolved: source=BINANCE, ttl=PT2M
2026-05-07 09:59:57.659 INFO  [scheduling-1] MarketCacheService requestId= userId= method= uri= status= durationMs= - Market cache write: source=BINANCE, key=market:quotes:symbol:BNBUSDT, ttl=PT2M
2026-05-07 09:59:57.660 INFO  [scheduling-1] MarketCacheTtlPolicy requestId= userId= method= uri= status= durationMs= - Market cache ttl resolved: source=BINANCE, ttl=PT2M
2026-05-07 09:59:57.661 INFO  [scheduling-1] MarketCacheService requestId= userId= method= uri= status= durationMs= - Market cache write: source=BINANCE, key=market:quotes:symbol:ADAUSDT, ttl=PT2M
2026-05-07 09:59:57.662 INFO  [scheduling-1] MarketCacheTtlPolicy requestId= userId= method= uri= status= durationMs= - Market cache ttl resolved: source=BINANCE, ttl=PT2M
2026-05-07 09:59:57.663 INFO  [scheduling-1] MarketCacheService requestId= userId= method= uri= status= durationMs= - Market cache write: source=BINANCE, key=market:quotes:symbol:XRPUSDT, ttl=PT2M
2026-05-07 09:59:57.664 INFO  [scheduling-1] MarketCacheTtlPolicy requestId= userId= method= uri= status= durationMs= - Market cache ttl resolved: source=BINANCE, ttl=PT2M
2026-05-07 09:59:57.664 INFO  [scheduling-1] MarketCacheService requestId= userId= method= uri= status= durationMs= - Market cache write: source=BINANCE, key=market:quotes:symbol:DOGEUSDT, ttl=PT2M
2026-05-07 09:59:57.666 INFO  [scheduling-1] MarketCacheTtlPolicy requestId= userId= method= uri= status= durationMs= - Market cache ttl resolved: source=BINANCE, ttl=PT2M
2026-05-07 09:59:57.666 INFO  [scheduling-1] MarketCacheService requestId= userId= method= uri= status= durationMs= - Market cache write: source=BINANCE, key=market:quotes:symbol:SOLUSDT, ttl=PT2M
2026-05-07 09:59:57.667 INFO  [scheduling-1] MarketCacheTtlPolicy requestId= userId= method= uri= status= durationMs= - Market cache ttl resolved: source=BINANCE, ttl=PT2M
2026-05-07 09:59:57.668 INFO  [scheduling-1] MarketCacheService requestId= userId= method= uri= status= durationMs= - Market cache write: source=BINANCE, key=market:quotes:symbol:AVAXUSDT, ttl=PT2M
2026-05-07 09:59:57.669 INFO  [scheduling-1] MarketHistoryService requestId= userId= method= uri= status= durationMs= - Market history persistence candidates: source=BINANCE, receivedCount=0, validatedCount=0, candidateCount=0
2026-05-07 09:59:57.670 INFO  [scheduling-1] MarketHistoryService requestId= userId= method= uri= status= durationMs= - Market history persistence pre-insert: source=BINANCE, candidateCount=0, insertableCount=0
2026-05-07 09:59:57.670 INFO  [scheduling-1] MarketHistoryService requestId= userId= method= uri= status= durationMs= - Market history persistence completed: source=BINANCE, received=0, saved=0, skippedDuplicate=0
2026-05-07 09:59:57.675 INFO  [scheduling-1] MarketCacheTtlPolicy requestId= userId= method= uri= status= durationMs= - Market cache ttl resolved: source=ALL, ttl=PT30M
2026-05-07 09:59:57.676 INFO  [scheduling-1] MarketCacheService requestId= userId= method= uri= status= durationMs= - Market cache write: source=ALL, key=market:quotes:all, ttl=PT30M
2026-05-07 09:59:57.678 INFO  [scheduling-1] MarketCacheTtlPolicy requestId= userId= method= uri= status= durationMs= - Market cache ttl resolved: source=BINANCE, ttl=PT2M
2026-05-07 09:59:57.678 INFO  [scheduling-1] MarketCacheService requestId= userId= method= uri= status= durationMs= - Market cache write: source=BINANCE, key=market:quotes:symbol:BTCUSDT, ttl=PT2M
2026-05-07 09:59:57.679 INFO  [scheduling-1] MarketCacheTtlPolicy requestId= userId= method= uri= status= durationMs= - Market cache ttl resolved: source=BINANCE, ttl=PT2M
2026-05-07 09:59:57.680 INFO  [scheduling-1] MarketCacheService requestId= userId= method= uri= status= durationMs= - Market cache write: source=BINANCE, key=market:quotes:symbol:ETHUSDT, ttl=PT2M
2026-05-07 09:59:57.681 INFO  [scheduling-1] MarketCacheTtlPolicy requestId= userId= method= uri= status= durationMs= - Market cache ttl resolved: source=BINANCE, ttl=PT2M
2026-05-07 09:59:57.681 INFO  [scheduling-1] MarketCacheService requestId= userId= method= uri= status= durationMs= - Market cache write: source=BINANCE, key=market:quotes:symbol:BNBUSDT, ttl=PT2M
2026-05-07 09:59:57.682 INFO  [scheduling-1] MarketCacheTtlPolicy requestId= userId= method= uri= status= durationMs= - Market cache ttl resolved: source=BINANCE, ttl=PT2M
2026-05-07 09:59:57.682 INFO  [scheduling-1] MarketCacheService requestId= userId= method= uri= status= durationMs= - Market cache write: source=BINANCE, key=market:quotes:symbol:ADAUSDT, ttl=PT2M
2026-05-07 09:59:57.683 INFO  [scheduling-1] MarketCacheTtlPolicy requestId= userId= method= uri= status= durationMs= - Market cache ttl resolved: source=BINANCE, ttl=PT2M
2026-05-07 09:59:57.683 INFO  [scheduling-1] MarketCacheService requestId= userId= method= uri= status= durationMs= - Market cache write: source=BINANCE, key=market:quotes:symbol:XRPUSDT, ttl=PT2M
2026-05-07 09:59:57.684 INFO  [scheduling-1] MarketCacheTtlPolicy requestId= userId= method= uri= status= durationMs= - Market cache ttl resolved: source=BINANCE, ttl=PT2M
2026-05-07 09:59:57.685 INFO  [scheduling-1] MarketCacheService requestId= userId= method= uri= status= durationMs= - Market cache write: source=BINANCE, key=market:quotes:symbol:DOGEUSDT, ttl=PT2M
2026-05-07 09:59:57.686 INFO  [scheduling-1] MarketCacheTtlPolicy requestId= userId= method= uri= status= durationMs= - Market cache ttl resolved: source=BINANCE, ttl=PT2M
2026-05-07 09:59:57.686 INFO  [scheduling-1] MarketCacheService requestId= userId= method= uri= status= durationMs= - Market cache write: source=BINANCE, key=market:quotes:symbol:SOLUSDT, ttl=PT2M
2026-05-07 09:59:57.687 INFO  [scheduling-1] MarketCacheTtlPolicy requestId= userId= method= uri= status= durationMs= - Market cache ttl resolved: source=BINANCE, ttl=PT2M
2026-05-07 09:59:57.687 INFO  [scheduling-1] MarketCacheService requestId= userId= method= uri= status= durationMs= - Market cache write: source=BINANCE, key=market:quotes:symbol:AVAXUSDT, ttl=PT2M
2026-05-07 09:59:57.688 INFO  [scheduling-1] MarketCacheTtlPolicy requestId= userId= method= uri= status= durationMs= - Market cache ttl resolved: source=BIST, ttl=PT24H
2026-05-07 09:59:57.689 INFO  [scheduling-1] MarketCacheService requestId= userId= method= uri= status= durationMs= - Market cache write: source=BIST, key=market:quotes:symbol:THYAO, ttl=PT24H
2026-05-07 09:59:57.690 INFO  [scheduling-1] MarketCacheTtlPolicy requestId= userId= method= uri= status= durationMs= - Market cache ttl resolved: source=BIST, ttl=PT24H
2026-05-07 09:59:57.690 INFO  [scheduling-1] MarketCacheService requestId= userId= method= uri= status= durationMs= - Market cache write: source=BIST, key=market:quotes:symbol:ASELS, ttl=PT24H
2026-05-07 09:59:57.691 INFO  [scheduling-1] MarketCacheTtlPolicy requestId= userId= method= uri= status= durationMs= - Market cache ttl resolved: source=BIST, ttl=PT24H
2026-05-07 09:59:57.692 INFO  [scheduling-1] MarketCacheService requestId= userId= method= uri= status= durationMs= - Market cache write: source=BIST, key=market:quotes:symbol:GARAN, ttl=PT24H
2026-05-07 09:59:57.693 INFO  [scheduling-1] MarketCacheTtlPolicy requestId= userId= method= uri= status= durationMs= - Market cache ttl resolved: source=BIST, ttl=PT24H
2026-05-07 09:59:57.694 INFO  [scheduling-1] MarketCacheService requestId= userId= method= uri= status= durationMs= - Market cache write: source=BIST, key=market:quotes:symbol:AKBNK, ttl=PT24H
2026-05-07 09:59:57.695 INFO  [scheduling-1] MarketCacheTtlPolicy requestId= userId= method= uri= status= durationMs= - Market cache ttl resolved: source=BIST, ttl=PT24H
2026-05-07 09:59:57.695 INFO  [scheduling-1] MarketCacheService requestId= userId= method= uri= status= durationMs= - Market cache write: source=BIST, key=market:quotes:symbol:BIMAS, ttl=PT24H
2026-05-07 09:59:57.696 INFO  [scheduling-1] MarketCacheTtlPolicy requestId= userId= method= uri= status= durationMs= - Market cache ttl resolved: source=BIST, ttl=PT24H
2026-05-07 09:59:57.697 INFO  [scheduling-1] MarketCacheService requestId= userId= method= uri= status= durationMs= - Market cache write: source=BIST, key=market:quotes:symbol:KCHOL, ttl=PT24H
2026-05-07 09:59:57.698 INFO  [scheduling-1] MarketCacheTtlPolicy requestId= userId= method= uri= status= durationMs= - Market cache ttl resolved: source=BIST, ttl=PT24H
2026-05-07 09:59:57.698 INFO  [scheduling-1] MarketCacheService requestId= userId= method= uri= status= durationMs= - Market cache write: source=BIST, key=market:quotes:symbol:SAHOL, ttl=PT24H
2026-05-07 09:59:57.699 INFO  [scheduling-1] MarketCacheTtlPolicy requestId= userId= method= uri= status= durationMs= - Market cache ttl resolved: source=BIST, ttl=PT24H
2026-05-07 09:59:57.700 INFO  [scheduling-1] MarketCacheService requestId= userId= method= uri= status= durationMs= - Market cache write: source=BIST, key=market:quotes:symbol:EREGL, ttl=PT24H
2026-05-07 09:59:57.701 INFO  [scheduling-1] MarketCacheTtlPolicy requestId= userId= method= uri= status= durationMs= - Market cache ttl resolved: source=BIST, ttl=PT24H
2026-05-07 09:59:57.701 INFO  [scheduling-1] MarketCacheService requestId= userId= method= uri= status= durationMs= - Market cache write: source=BIST, key=market:quotes:symbol:TUPRS, ttl=PT24H
2026-05-07 09:59:57.703 INFO  [scheduling-1] MarketCacheTtlPolicy requestId= userId= method= uri= status= durationMs= - Market cache ttl resolved: source=BIST, ttl=PT24H
2026-05-07 09:59:57.703 INFO  [scheduling-1] MarketCacheService requestId= userId= method= uri= status= durationMs= - Market cache write: source=BIST, key=market:quotes:symbol:FROTO, ttl=PT24H
2026-05-07 09:59:57.704 INFO  [scheduling-1] MarketCacheTtlPolicy requestId= userId= method= uri= status= durationMs= - Market cache ttl resolved: source=EVDS, ttl=PT6H
2026-05-07 09:59:57.704 INFO  [scheduling-1] MarketCacheService requestId= userId= method= uri= status= durationMs= - Market cache write: source=EVDS, key=market:quotes:symbol:USDTRY, ttl=PT6H
2026-05-07 09:59:57.705 INFO  [scheduling-1] MarketCacheTtlPolicy requestId= userId= method= uri= status= durationMs= - Market cache ttl resolved: source=EVDS, ttl=PT6H
2026-05-07 09:59:57.706 INFO  [scheduling-1] MarketCacheService requestId= userId= method= uri= status= durationMs= - Market cache write: source=EVDS, key=market:quotes:symbol:EURTRY, ttl=PT6H
2026-05-07 09:59:57.707 INFO  [scheduling-1] MarketCacheTtlPolicy requestId= userId= method= uri= status= durationMs= - Market cache ttl resolved: source=EVDS, ttl=PT6H
2026-05-07 09:59:57.707 INFO  [scheduling-1] MarketCacheService requestId= userId= method= uri= status= durationMs= - Market cache write: source=EVDS, key=market:quotes:symbol:GBPTRY, ttl=PT6H
2026-05-07 09:59:57.709 INFO  [scheduling-1] MarketCacheTtlPolicy requestId= userId= method= uri= status= durationMs= - Market cache ttl resolved: source=EVDS, ttl=PT6H
2026-05-07 09:59:57.709 INFO  [scheduling-1] MarketCacheService requestId= userId= method= uri= status= durationMs= - Market cache write: source=EVDS, key=market:quotes:symbol:CHFTRY, ttl=PT6H
2026-05-07 09:59:57.710 INFO  [scheduling-1] MarketCacheTtlPolicy requestId= userId= method= uri= status= durationMs= - Market cache ttl resolved: source=EVDS, ttl=PT6H
2026-05-07 09:59:57.711 INFO  [scheduling-1] MarketCacheService requestId= userId= method= uri= status= durationMs= - Market cache write: source=EVDS, key=market:quotes:symbol:JPYTRY, ttl=PT6H
2026-05-07 09:59:57.712 INFO  [scheduling-1] MarketCacheTtlPolicy requestId= userId= method= uri= status= durationMs= - Market cache ttl resolved: source=EVDS, ttl=PT6H
2026-05-07 09:59:57.712 INFO  [scheduling-1] MarketCacheService requestId= userId= method= uri= status= durationMs= - Market cache write: source=EVDS, key=market:quotes:symbol:AUDTRY, ttl=PT6H
2026-05-07 09:59:57.713 INFO  [scheduling-1] MarketCacheTtlPolicy requestId= userId= method= uri= status= durationMs= - Market cache ttl resolved: source=EVDS, ttl=PT6H
2026-05-07 09:59:57.713 INFO  [scheduling-1] MarketCacheService requestId= userId= method= uri= status= durationMs= - Market cache write: source=EVDS, key=market:quotes:symbol:CNYTRY, ttl=PT6H
2026-05-07 09:59:57.714 INFO  [scheduling-1] MarketCacheTtlPolicy requestId= userId= method= uri= status= durationMs= - Market cache ttl resolved: source=EVDS, ttl=PT6H
2026-05-07 09:59:57.715 INFO  [scheduling-1] MarketCacheService requestId= userId= method= uri= status= durationMs= - Market cache write: source=EVDS, key=market:quotes:symbol:NOKTRY, ttl=PT6H
2026-05-07 09:59:57.716 INFO  [scheduling-1] MarketCacheTtlPolicy requestId= userId= method= uri= status= durationMs= - Market cache ttl resolved: source=EVDS, ttl=PT6H
2026-05-07 09:59:57.717 INFO  [scheduling-1] MarketCacheService requestId= userId= method= uri= status= durationMs= - Market cache write: source=EVDS, key=market:quotes:symbol:SEKTRY, ttl=PT6H
2026-05-07 09:59:57.718 INFO  [scheduling-1] MarketCacheTtlPolicy requestId= userId= method= uri= status= durationMs= - Market cache ttl resolved: source=EVDS, ttl=PT6H
2026-05-07 09:59:57.718 INFO  [scheduling-1] MarketCacheService requestId= userId= method= uri= status= durationMs= - Market cache write: source=EVDS, key=market:quotes:symbol:DKKTRY, ttl=PT6H
2026-05-07 09:59:57.719 INFO  [scheduling-1] MarketCacheTtlPolicy requestId= userId= method= uri= status= durationMs= - Market cache ttl resolved: source=EVDS, ttl=PT6H
2026-05-07 09:59:57.720 INFO  [scheduling-1] MarketCacheService requestId= userId= method= uri= status= durationMs= - Market cache write: source=EVDS, key=market:quotes:symbol:SARTRY, ttl=PT6H
2026-05-07 09:59:57.721 INFO  [scheduling-1] MarketRefreshService requestId= userId= method= uri= status= durationMs= - Market refresh completed: processedQuoteCount=8, historyRecordCount=0, aggregateQuoteCount=29, failedProviderCount=0
2026-05-07 09:59:57.722 INFO  [scheduling-1] MarketRefreshCoordinator requestId= userId= method= uri= status= durationMs= - Market provider refresh completed: source=BINANCE, quoteCount=8
2026-05-07 09:59:57.722 INFO  [scheduling-1] MarketRefreshCoordinator requestId= userId= method= uri= status= durationMs= - Market provider skipped: source=BIST, reason=not-due, refreshMinutes=30
2026-05-07 09:59:57.723 INFO  [scheduling-1] MarketRefreshCoordinator requestId= userId= method= uri= status= durationMs= - Market provider due refresh started: source=EVDS
2026-05-07 09:59:57.723 INFO  [scheduling-1] ProviderOrchestrationService requestId= userId= method= uri= status= durationMs= - Market provider orchestration started: providerCount=3, sourceFilter=EVDS
2026-05-07 09:59:57.724 INFO  [scheduling-1] ProviderOrchestrationService requestId= userId= method= uri= status= durationMs= - Market provider skipped by supports: providerSource=BINANCE, requestSource=EVDS
2026-05-07 09:59:57.724 INFO  [scheduling-1] ProviderOrchestrationService requestId= userId= method= uri= status= durationMs= - Market provider skipped by supports: providerSource=BIST, requestSource=EVDS
2026-05-07 09:59:57.724 INFO  [scheduling-1] EvdsMarketDataProvider requestId= userId= method= uri= status= durationMs= - EVDS provider supports evaluated: supported=true, enabled=true, requestSource=EVDS
2026-05-07 09:59:57.725 INFO  [scheduling-1] ProviderOrchestrationService requestId= userId= method= uri= status= durationMs= - Market provider refresh started: source=EVDS
2026-05-07 09:59:57.727 INFO  [scheduling-1] EvdsMarketDataProvider requestId= userId= method= uri= status= durationMs= - Market provider registry resolved: providerSource=EVDS, registryMappingCount=11, resolvedSymbols=[TP.DK.USD.A, TP.DK.EUR.A, TP.DK.GBP.A, TP.DK.CHF.A, TP.DK.JPY.A, TP.DK.AUD.A, TP.DK.CNY.A.YTL, TP.DK.NOK.A, TP.DK.SEK.A, TP.DK.DKK.A, TP.DK.SAR.A], fallbackToYaml=true
2026-05-07 09:59:57.728 INFO  [scheduling-1] EvdsMarketDataProvider requestId= userId= method= uri= status= durationMs= - EVDS provider fetch started: symbolCount=11, seriesCodes=[TP.DK.USD.A, TP.DK.EUR.A, TP.DK.GBP.A, TP.DK.CHF.A, TP.DK.JPY.A, TP.DK.AUD.A, TP.DK.CNY.A.YTL, TP.DK.NOK.A, TP.DK.SEK.A, TP.DK.DKK.A, TP.DK.SAR.A]
2026-05-07 09:59:57.728 INFO  [scheduling-1] EvdsClient requestId= userId= method= uri= status= durationMs= - EVDS client request started: seriesCount=11, startDate=2026-04-30, endDate=2026-05-07
2026-05-07 09:59:57.951 INFO  [scheduling-1] EvdsClient requestId= userId= method= uri= status= durationMs= - EVDS client response received: status=200 OK, contentType=application/json;charset=UTF-8
2026-05-07 09:59:57.952 INFO  [scheduling-1] EvdsClient requestId= userId= method= uri= status= durationMs= - EVDS client request completed: recordCount=8
2026-05-07 09:59:57.954 INFO  [scheduling-1] EvdsMarketDataProvider requestId= userId= method= uri= status= durationMs= - EVDS provider fetch completed: quoteCount=11, historyRecordCount=55
2026-05-07 09:59:57.954 INFO  [scheduling-1] ProviderOrchestrationService requestId= userId= method= uri= status= durationMs=229 - Market provider refresh completed: source=EVDS, quoteCount=11, historyRecordCount=55, durationMs=229
2026-05-07 09:59:57.955 INFO  [scheduling-1] MarketCacheTtlPolicy requestId= userId= method= uri= status= durationMs= - Market cache ttl resolved: source=EVDS, ttl=PT6H
2026-05-07 09:59:57.955 INFO  [scheduling-1] MarketCacheService requestId= userId= method= uri= status= durationMs= - Market cache write: source=EVDS, key=market:quotes:source:EVDS, ttl=PT6H
2026-05-07 09:59:57.956 INFO  [scheduling-1] MarketCacheTtlPolicy requestId= userId= method= uri= status= durationMs= - Market cache ttl resolved: source=EVDS, ttl=PT6H
2026-05-07 09:59:57.957 INFO  [scheduling-1] MarketCacheService requestId= userId= method= uri= status= durationMs= - Market cache write: source=EVDS, key=market:quotes:symbol:USDTRY, ttl=PT6H
2026-05-07 09:59:57.958 INFO  [scheduling-1] MarketCacheTtlPolicy requestId= userId= method= uri= status= durationMs= - Market cache ttl resolved: source=EVDS, ttl=PT6H
2026-05-07 09:59:57.958 INFO  [scheduling-1] MarketCacheService requestId= userId= method= uri= status= durationMs= - Market cache write: source=EVDS, key=market:quotes:symbol:EURTRY, ttl=PT6H
2026-05-07 09:59:57.959 INFO  [scheduling-1] MarketCacheTtlPolicy requestId= userId= method= uri= status= durationMs= - Market cache ttl resolved: source=EVDS, ttl=PT6H
2026-05-07 09:59:57.960 INFO  [scheduling-1] MarketCacheService requestId= userId= method= uri= status= durationMs= - Market cache write: source=EVDS, key=market:quotes:symbol:GBPTRY, ttl=PT6H
2026-05-07 09:59:57.961 INFO  [scheduling-1] MarketCacheTtlPolicy requestId= userId= method= uri= status= durationMs= - Market cache ttl resolved: source=EVDS, ttl=PT6H
2026-05-07 09:59:57.961 INFO  [scheduling-1] MarketCacheService requestId= userId= method= uri= status= durationMs= - Market cache write: source=EVDS, key=market:quotes:symbol:CHFTRY, ttl=PT6H
2026-05-07 09:59:57.962 INFO  [scheduling-1] MarketCacheTtlPolicy requestId= userId= method= uri= status= durationMs= - Market cache ttl resolved: source=EVDS, ttl=PT6H
2026-05-07 09:59:57.962 INFO  [scheduling-1] MarketCacheService requestId= userId= method= uri= status= durationMs= - Market cache write: source=EVDS, key=market:quotes:symbol:JPYTRY, ttl=PT6H
2026-05-07 09:59:57.963 INFO  [scheduling-1] MarketCacheTtlPolicy requestId= userId= method= uri= status= durationMs= - Market cache ttl resolved: source=EVDS, ttl=PT6H
2026-05-07 09:59:57.964 INFO  [scheduling-1] MarketCacheService requestId= userId= method= uri= status= durationMs= - Market cache write: source=EVDS, key=market:quotes:symbol:AUDTRY, ttl=PT6H
2026-05-07 09:59:57.965 INFO  [scheduling-1] MarketCacheTtlPolicy requestId= userId= method= uri= status= durationMs= - Market cache ttl resolved: source=EVDS, ttl=PT6H
2026-05-07 09:59:57.965 INFO  [scheduling-1] MarketCacheService requestId= userId= method= uri= status= durationMs= - Market cache write: source=EVDS, key=market:quotes:symbol:CNYTRY, ttl=PT6H
2026-05-07 09:59:57.966 INFO  [scheduling-1] MarketCacheTtlPolicy requestId= userId= method= uri= status= durationMs= - Market cache ttl resolved: source=EVDS, ttl=PT6H
2026-05-07 09:59:57.966 INFO  [scheduling-1] MarketCacheService requestId= userId= method= uri= status= durationMs= - Market cache write: source=EVDS, key=market:quotes:symbol:NOKTRY, ttl=PT6H
2026-05-07 09:59:57.967 INFO  [scheduling-1] MarketCacheTtlPolicy requestId= userId= method= uri= status= durationMs= - Market cache ttl resolved: source=EVDS, ttl=PT6H
2026-05-07 09:59:57.968 INFO  [scheduling-1] MarketCacheService requestId= userId= method= uri= status= durationMs= - Market cache write: source=EVDS, key=market:quotes:symbol:SEKTRY, ttl=PT6H
2026-05-07 09:59:57.969 INFO  [scheduling-1] MarketCacheTtlPolicy requestId= userId= method= uri= status= durationMs= - Market cache ttl resolved: source=EVDS, ttl=PT6H
2026-05-07 09:59:57.970 INFO  [scheduling-1] MarketCacheService requestId= userId= method= uri= status= durationMs= - Market cache write: source=EVDS, key=market:quotes:symbol:DKKTRY, ttl=PT6H
2026-05-07 09:59:57.971 INFO  [scheduling-1] MarketCacheTtlPolicy requestId= userId= method= uri= status= durationMs= - Market cache ttl resolved: source=EVDS, ttl=PT6H
2026-05-07 09:59:57.971 INFO  [scheduling-1] MarketCacheService requestId= userId= method= uri= status= durationMs= - Market cache write: source=EVDS, key=market:quotes:symbol:SARTRY, ttl=PT6H
2026-05-07 09:59:57.972 INFO  [scheduling-1] MarketHistoryService requestId= userId= method= uri= status= durationMs= - Market history persistence candidates: source=EVDS, receivedCount=55, validatedCount=55, candidateCount=55
2026-05-07 09:59:57.977 INFO  [scheduling-1] MarketHistoryService requestId= userId= method= uri= status= durationMs= - Market history persistence pre-insert: source=EVDS, candidateCount=55, insertableCount=0
2026-05-07 09:59:57.978 INFO  [scheduling-1] MarketHistoryService requestId= userId= method= uri= status= durationMs= - Market history persistence completed: source=EVDS, received=55, saved=0, skippedDuplicate=55
2026-05-07 09:59:57.981 INFO  [scheduling-1] MarketCacheTtlPolicy requestId= userId= method= uri= status= durationMs= - Market cache ttl resolved: source=ALL, ttl=PT30M
2026-05-07 09:59:57.982 INFO  [scheduling-1] MarketCacheService requestId= userId= method= uri= status= durationMs= - Market cache write: source=ALL, key=market:quotes:all, ttl=PT30M
2026-05-07 09:59:57.984 INFO  [scheduling-1] MarketCacheTtlPolicy requestId= userId= method= uri= status= durationMs= - Market cache ttl resolved: source=BINANCE, ttl=PT2M
2026-05-07 09:59:57.984 INFO  [scheduling-1] MarketCacheService requestId= userId= method= uri= status= durationMs= - Market cache write: source=BINANCE, key=market:quotes:symbol:BTCUSDT, ttl=PT2M
2026-05-07 09:59:57.985 INFO  [scheduling-1] MarketCacheTtlPolicy requestId= userId= method= uri= status= durationMs= - Market cache ttl resolved: source=BINANCE, ttl=PT2M
2026-05-07 09:59:57.986 INFO  [scheduling-1] MarketCacheService requestId= userId= method= uri= status= durationMs= - Market cache write: source=BINANCE, key=market:quotes:symbol:ETHUSDT, ttl=PT2M
2026-05-07 09:59:57.987 INFO  [scheduling-1] MarketCacheTtlPolicy requestId= userId= method= uri= status= durationMs= - Market cache ttl resolved: source=BINANCE, ttl=PT2M
2026-05-07 09:59:57.987 INFO  [scheduling-1] MarketCacheService requestId= userId= method= uri= status= durationMs= - Market cache write: source=BINANCE, key=market:quotes:symbol:BNBUSDT, ttl=PT2M
2026-05-07 09:59:57.988 INFO  [scheduling-1] MarketCacheTtlPolicy requestId= userId= method= uri= status= durationMs= - Market cache ttl resolved: source=BINANCE, ttl=PT2M
2026-05-07 09:59:57.989 INFO  [scheduling-1] MarketCacheService requestId= userId= method= uri= status= durationMs= - Market cache write: source=BINANCE, key=market:quotes:symbol:ADAUSDT, ttl=PT2M
2026-05-07 09:59:57.990 INFO  [scheduling-1] MarketCacheTtlPolicy requestId= userId= method= uri= status= durationMs= - Market cache ttl resolved: source=BINANCE, ttl=PT2M
2026-05-07 09:59:57.991 INFO  [scheduling-1] MarketCacheService requestId= userId= method= uri= status= durationMs= - Market cache write: source=BINANCE, key=market:quotes:symbol:XRPUSDT, ttl=PT2M
2026-05-07 09:59:57.992 INFO  [scheduling-1] MarketCacheTtlPolicy requestId= userId= method= uri= status= durationMs= - Market cache ttl resolved: source=BINANCE, ttl=PT2M
2026-05-07 09:59:57.992 INFO  [scheduling-1] MarketCacheService requestId= userId= method= uri= status= durationMs= - Market cache write: source=BINANCE, key=market:quotes:symbol:DOGEUSDT, ttl=PT2M
2026-05-07 09:59:57.994 INFO  [scheduling-1] MarketCacheTtlPolicy requestId= userId= method= uri= status= durationMs= - Market cache ttl resolved: source=BINANCE, ttl=PT2M
2026-05-07 09:59:57.994 INFO  [scheduling-1] MarketCacheService requestId= userId= method= uri= status= durationMs= - Market cache write: source=BINANCE, key=market:quotes:symbol:SOLUSDT, ttl=PT2M
2026-05-07 09:59:57.995 INFO  [scheduling-1] MarketCacheTtlPolicy requestId= userId= method= uri= status= durationMs= - Market cache ttl resolved: source=BINANCE, ttl=PT2M
2026-05-07 09:59:57.995 INFO  [scheduling-1] MarketCacheService requestId= userId= method= uri= status= durationMs= - Market cache write: source=BINANCE, key=market:quotes:symbol:AVAXUSDT, ttl=PT2M
2026-05-07 09:59:57.996 INFO  [scheduling-1] MarketCacheTtlPolicy requestId= userId= method= uri= status= durationMs= - Market cache ttl resolved: source=BIST, ttl=PT24H
2026-05-07 09:59:57.997 INFO  [scheduling-1] MarketCacheService requestId= userId= method= uri= status= durationMs= - Market cache write: source=BIST, key=market:quotes:symbol:THYAO, ttl=PT24H
2026-05-07 09:59:57.998 INFO  [scheduling-1] MarketCacheTtlPolicy requestId= userId= method= uri= status= durationMs= - Market cache ttl resolved: source=BIST, ttl=PT24H
2026-05-07 09:59:57.998 INFO  [scheduling-1] MarketCacheService requestId= userId= method= uri= status= durationMs= - Market cache write: source=BIST, key=market:quotes:symbol:ASELS, ttl=PT24H
2026-05-07 09:59:58.000 INFO  [scheduling-1] MarketCacheTtlPolicy requestId= userId= method= uri= status= durationMs= - Market cache ttl resolved: source=BIST, ttl=PT24H
2026-05-07 09:59:58.000 INFO  [scheduling-1] MarketCacheService requestId= userId= method= uri= status= durationMs= - Market cache write: source=BIST, key=market:quotes:symbol:GARAN, ttl=PT24H
2026-05-07 09:59:58.001 INFO  [scheduling-1] MarketCacheTtlPolicy requestId= userId= method= uri= status= durationMs= - Market cache ttl resolved: source=BIST, ttl=PT24H
2026-05-07 09:59:58.001 INFO  [scheduling-1] MarketCacheService requestId= userId= method= uri= status= durationMs= - Market cache write: source=BIST, key=market:quotes:symbol:AKBNK, ttl=PT24H
2026-05-07 09:59:58.002 INFO  [scheduling-1] MarketCacheTtlPolicy requestId= userId= method= uri= status= durationMs= - Market cache ttl resolved: source=BIST, ttl=PT24H
2026-05-07 09:59:58.003 INFO  [scheduling-1] MarketCacheService requestId= userId= method= uri= status= durationMs= - Market cache write: source=BIST, key=market:quotes:symbol:BIMAS, ttl=PT24H
2026-05-07 09:59:58.003 INFO  [scheduling-1] MarketCacheTtlPolicy requestId= userId= method= uri= status= durationMs= - Market cache ttl resolved: source=BIST, ttl=PT24H
2026-05-07 09:59:58.004 INFO  [scheduling-1] MarketCacheService requestId= userId= method= uri= status= durationMs= - Market cache write: source=BIST, key=market:quotes:symbol:KCHOL, ttl=PT24H
2026-05-07 09:59:58.005 INFO  [scheduling-1] MarketCacheTtlPolicy requestId= userId= method= uri= status= durationMs= - Market cache ttl resolved: source=BIST, ttl=PT24H
2026-05-07 09:59:58.005 INFO  [scheduling-1] MarketCacheService requestId= userId= method= uri= status= durationMs= - Market cache write: source=BIST, key=market:quotes:symbol:SAHOL, ttl=PT24H
2026-05-07 09:59:58.006 INFO  [scheduling-1] MarketCacheTtlPolicy requestId= userId= method= uri= status= durationMs= - Market cache ttl resolved: source=BIST, ttl=PT24H
2026-05-07 09:59:58.007 INFO  [scheduling-1] MarketCacheService requestId= userId= method= uri= status= durationMs= - Market cache write: source=BIST, key=market:quotes:symbol:EREGL, ttl=PT24H
2026-05-07 09:59:58.008 INFO  [scheduling-1] MarketCacheTtlPolicy requestId= userId= method= uri= status= durationMs= - Market cache ttl resolved: source=BIST, ttl=PT24H
2026-05-07 09:59:58.008 INFO  [scheduling-1] MarketCacheService requestId= userId= method= uri= status= durationMs= - Market cache write: source=BIST, key=market:quotes:symbol:TUPRS, ttl=PT24H
2026-05-07 09:59:58.010 INFO  [scheduling-1] MarketCacheTtlPolicy requestId= userId= method= uri= status= durationMs= - Market cache ttl resolved: source=BIST, ttl=PT24H
2026-05-07 09:59:58.010 INFO  [scheduling-1] MarketCacheService requestId= userId= method= uri= status= durationMs= - Market cache write: source=BIST, key=market:quotes:symbol:FROTO, ttl=PT24H
2026-05-07 09:59:58.011 INFO  [scheduling-1] MarketCacheTtlPolicy requestId= userId= method= uri= status= durationMs= - Market cache ttl resolved: source=EVDS, ttl=PT6H
2026-05-07 09:59:58.012 INFO  [scheduling-1] MarketCacheService requestId= userId= method= uri= status= durationMs= - Market cache write: source=EVDS, key=market:quotes:symbol:USDTRY, ttl=PT6H
2026-05-07 09:59:58.013 INFO  [scheduling-1] MarketCacheTtlPolicy requestId= userId= method= uri= status= durationMs= - Market cache ttl resolved: source=EVDS, ttl=PT6H
2026-05-07 09:59:58.014 INFO  [scheduling-1] MarketCacheService requestId= userId= method= uri= status= durationMs= - Market cache write: source=EVDS, key=market:quotes:symbol:EURTRY, ttl=PT6H
2026-05-07 09:59:58.015 INFO  [scheduling-1] MarketCacheTtlPolicy requestId= userId= method= uri= status= durationMs= - Market cache ttl resolved: source=EVDS, ttl=PT6H
2026-05-07 09:59:58.016 INFO  [scheduling-1] MarketCacheService requestId= userId= method= uri= status= durationMs= - Market cache write: source=EVDS, key=market:quotes:symbol:GBPTRY, ttl=PT6H
2026-05-07 09:59:58.017 INFO  [scheduling-1] MarketCacheTtlPolicy requestId= userId= method= uri= status= durationMs= - Market cache ttl resolved: source=EVDS, ttl=PT6H
2026-05-07 09:59:58.017 INFO  [scheduling-1] MarketCacheService requestId= userId= method= uri= status= durationMs= - Market cache write: source=EVDS, key=market:quotes:symbol:CHFTRY, ttl=PT6H
2026-05-07 09:59:58.019 INFO  [scheduling-1] MarketCacheTtlPolicy requestId= userId= method= uri= status= durationMs= - Market cache ttl resolved: source=EVDS, ttl=PT6H
2026-05-07 09:59:58.020 INFO  [scheduling-1] MarketCacheService requestId= userId= method= uri= status= durationMs= - Market cache write: source=EVDS, key=market:quotes:symbol:JPYTRY, ttl=PT6H
2026-05-07 09:59:58.021 INFO  [scheduling-1] MarketCacheTtlPolicy requestId= userId= method= uri= status= durationMs= - Market cache ttl resolved: source=EVDS, ttl=PT6H
2026-05-07 09:59:58.021 INFO  [scheduling-1] MarketCacheService requestId= userId= method= uri= status= durationMs= - Market cache write: source=EVDS, key=market:quotes:symbol:AUDTRY, ttl=PT6H
2026-05-07 09:59:58.023 INFO  [scheduling-1] MarketCacheTtlPolicy requestId= userId= method= uri= status= durationMs= - Market cache ttl resolved: source=EVDS, ttl=PT6H
2026-05-07 09:59:58.023 INFO  [scheduling-1] MarketCacheService requestId= userId= method= uri= status= durationMs= - Market cache write: source=EVDS, key=market:quotes:symbol:CNYTRY, ttl=PT6H
2026-05-07 09:59:58.025 INFO  [scheduling-1] MarketCacheTtlPolicy requestId= userId= method= uri= status= durationMs= - Market cache ttl resolved: source=EVDS, ttl=PT6H
2026-05-07 09:59:58.025 INFO  [scheduling-1] MarketCacheService requestId= userId= method= uri= status= durationMs= - Market cache write: source=EVDS, key=market:quotes:symbol:NOKTRY, ttl=PT6H
2026-05-07 09:59:58.027 INFO  [scheduling-1] MarketCacheTtlPolicy requestId= userId= method= uri= status= durationMs= - Market cache ttl resolved: source=EVDS, ttl=PT6H
2026-05-07 09:59:58.027 INFO  [scheduling-1] MarketCacheService requestId= userId= method= uri= status= durationMs= - Market cache write: source=EVDS, key=market:quotes:symbol:SEKTRY, ttl=PT6H
2026-05-07 09:59:58.029 INFO  [scheduling-1] MarketCacheTtlPolicy requestId= userId= method= uri= status= durationMs= - Market cache ttl resolved: source=EVDS, ttl=PT6H
2026-05-07 09:59:58.029 INFO  [scheduling-1] MarketCacheService requestId= userId= method= uri= status= durationMs= - Market cache write: source=EVDS, key=market:quotes:symbol:DKKTRY, ttl=PT6H
2026-05-07 09:59:58.030 INFO  [scheduling-1] MarketCacheTtlPolicy requestId= userId= method= uri= status= durationMs= - Market cache ttl resolved: source=EVDS, ttl=PT6H
2026-05-07 09:59:58.031 INFO  [scheduling-1] MarketCacheService requestId= userId= method= uri= status= durationMs= - Market cache write: source=EVDS, key=market:quotes:symbol:SARTRY, ttl=PT6H
2026-05-07 09:59:58.032 INFO  [scheduling-1] MarketRefreshService requestId= userId= method= uri= status= durationMs= - Market refresh completed: processedQuoteCount=11, historyRecordCount=55, aggregateQuoteCount=29, failedProviderCount=0
2026-05-07 09:59:58.032 INFO  [scheduling-1] MarketRefreshCoordinator requestId= userId= method= uri= status= durationMs= - Market provider refresh completed: source=EVDS, quoteCount=11
2026-05-07 09:59:59.179 INFO  [scheduling-1] NewsScheduler requestId= userId= method= uri= status= durationMs= - Scheduled FINNHUB news sync started
2026-05-07 09:59:59.187 INFO  [scheduling-1] FinnhubClient requestId= userId= method= uri= status= durationMs= - Sending Finnhub request to endpoint: general-news
2026-05-07 09:59:59.188 DEBUG [scheduling-1] FinnhubClient requestId= userId= method= uri= status= durationMs= - Finnhub request prepared. endpoint=general-news, category=general
2026-05-07 09:59:59.418 INFO  [scheduling-1] FinnhubClient requestId= userId= method= uri= status= durationMs= - Finnhub response received. Endpoint: general-news, count: 100
2026-05-07 09:59:59.431 INFO  [scheduling-1] NewsService requestId= userId= method= uri= status= durationMs= - News persistence completed. provider: FINNHUB, fetched: 100, valid: 100, invalid: 0, duplicate: 0, existing: 99, saved: 1, invalidBecauseMissingTitle: 0, invalidBecauseMissingUrl: 0, invalidBecauseMissingSource: 0, invalidBecauseMissingExternalId: 0, invalidBecauseMissingDate: 0
2026-05-07 09:59:59.432 INFO  [scheduling-1] NewsService requestId= userId= method= uri= status= durationMs=249 - News sync stats. provider: FINNHUB, fetched: 100, valid: 100, invalid: 0, duplicate: 0, existing: 99, saved: 1, parseSuccessRatio: 1.00, durationMs: 249
2026-05-07 09:59:59.439 INFO  [scheduling-1] NewsScheduler requestId= userId= method= uri= status= durationMs= - Scheduled FINNHUB sync completed. provider: FINNHUB, fetched: 100, saved: 1, existing: 99, invalid: 0
2026-05-07 09:59:59.440 INFO  [scheduling-1] NewsScheduler requestId= userId= method= uri= status= durationMs= - Scheduled INVESTING_RSS news sync started
2026-05-07 09:59:59.657 INFO  [scheduling-1] InvestingRssNewsClient requestId= userId= method= uri= status= durationMs= - Investing feed parsed. url: https://www.investing.com/rss/news_14.rss, fetched: 10
2026-05-07 09:59:59.660 INFO  [scheduling-1] NewsService requestId= userId= method= uri= status= durationMs= - News persistence completed. provider: INVESTING_RSS, fetched: 10, valid: 10, invalid: 0, duplicate: 0, existing: 10, saved: 0, invalidBecauseMissingTitle: 0, invalidBecauseMissingUrl: 0, invalidBecauseMissingSource: 0, invalidBecauseMissingExternalId: 0, invalidBecauseMissingDate: 0
2026-05-07 09:59:59.661 INFO  [scheduling-1] NewsService requestId= userId= method= uri= status= durationMs=219 - News sync stats. provider: INVESTING_RSS, fetched: 10, valid: 10, invalid: 0, duplicate: 0, existing: 10, saved: 0, parseSuccessRatio: 1.00, durationMs: 219
2026-05-07 09:59:59.662 INFO  [scheduling-1] NewsScheduler requestId= userId= method= uri= status= durationMs= - Scheduled INVESTING_RSS sync completed. provider: INVESTING_RSS, fetched: 10, saved: 0, existing: 10, invalid: 0
2026-05-07 10:00:03.408 DEBUG [http-nio-8080-exec-3] FilterChainProxy requestId=54f09cb8-3800-4f60-9222-aa5819b1f094 userId= method= uri= status= durationMs= - Securing GET /actuator/prometheus
2026-05-07 10:00:03.411 DEBUG [http-nio-8080-exec-3] AnonymousAuthenticationFilter requestId=54f09cb8-3800-4f60-9222-aa5819b1f094 userId= method= uri= status= durationMs= - Set SecurityContextHolder to anonymous SecurityContext
2026-05-07 10:00:03.413 DEBUG [http-nio-8080-exec-3] FilterChainProxy requestId=54f09cb8-3800-4f60-9222-aa5819b1f094 userId= method= uri= status= durationMs= - Secured GET /actuator/prometheus
2026-05-07 10:00:03.419 INFO  [http-nio-8080-exec-3] HttpRequestLoggingFilter requestId=54f09cb8-3800-4f60-9222-aa5819b1f094 userId= method=GET uri=/actuator/prometheus status=200 durationMs=11 - HTTP request completed
2026-05-07 10:00:13.379 DEBUG [http-nio-8080-exec-4] FilterChainProxy requestId=d4da21b3-2969-4536-9265-8a61d6c2f3e6 userId= method= uri= status= durationMs= - Securing GET /actuator/prometheus
2026-05-07 10:00:13.381 DEBUG [http-nio-8080-exec-4] AnonymousAuthenticationFilter requestId=d4da21b3-2969-4536-9265-8a61d6c2f3e6 userId= method= uri= status= durationMs= - Set SecurityContextHolder to anonymous SecurityContext
2026-05-07 10:00:13.383 DEBUG [http-nio-8080-exec-4] FilterChainProxy requestId=d4da21b3-2969-4536-9265-8a61d6c2f3e6 userId= method= uri= status= durationMs= - Secured GET /actuator/prometheus
2026-05-07 10:00:13.387 INFO  [http-nio-8080-exec-4] HttpRequestLoggingFilter requestId=d4da21b3-2969-4536-9265-8a61d6c2f3e6 userId= method=GET uri=/actuator/prometheus status=200 durationMs=9 - HTTP request completed
2026-05-07 10:00:23.380 DEBUG [http-nio-8080-exec-5] FilterChainProxy requestId=531873c7-cb82-4e54-b21e-fa0f346a907b userId= method= uri= status= durationMs= - Securing GET /actuator/prometheus
2026-05-07 10:00:23.383 DEBUG [http-nio-8080-exec-5] AnonymousAuthenticationFilter requestId=531873c7-cb82-4e54-b21e-fa0f346a907b userId= method= uri= status= durationMs= - Set SecurityContextHolder to anonymous SecurityContext
2026-05-07 10:00:23.385 DEBUG [http-nio-8080-exec-5] FilterChainProxy requestId=531873c7-cb82-4e54-b21e-fa0f346a907b userId= method= uri= status= durationMs= - Secured GET /actuator/prometheus
2026-05-07 10:00:23.389 INFO  [http-nio-8080-exec-5] HttpRequestLoggingFilter requestId=531873c7-cb82-4e54-b21e-fa0f346a907b userId= method=GET uri=/actuator/prometheus status=200 durationMs=9 - HTTP request completed
2026-05-07 10:00:33.378 DEBUG [http-nio-8080-exec-6] FilterChainProxy requestId=94b5a2f9-7af5-48c4-9c7c-de692eca4e26 userId= method= uri= status= durationMs= - Securing GET /actuator/prometheus
2026-05-07 10:00:33.380 DEBUG [http-nio-8080-exec-6] AnonymousAuthenticationFilter requestId=94b5a2f9-7af5-48c4-9c7c-de692eca4e26 userId= method= uri= status= durationMs= - Set SecurityContextHolder to anonymous SecurityContext
2026-05-07 10:00:33.381 DEBUG [http-nio-8080-exec-6] FilterChainProxy requestId=94b5a2f9-7af5-48c4-9c7c-de692eca4e26 userId= method= uri= status= durationMs= - Secured GET /actuator/prometheus
2026-05-07 10:00:33.385 INFO  [http-nio-8080-exec-6] HttpRequestLoggingFilter requestId=94b5a2f9-7af5-48c4-9c7c-de692eca4e26 userId= method=GET uri=/actuator/prometheus status=200 durationMs=8 - HTTP request completed
2026-05-07 10:00:43.350 DEBUG [http-nio-8080-exec-7] FilterChainProxy requestId=7b1e6312-450a-4025-aa6e-091fdb4d3a96 userId= method= uri= status= durationMs= - Securing GET /actuator/prometheus
2026-05-07 10:00:43.351 DEBUG [http-nio-8080-exec-7] AnonymousAuthenticationFilter requestId=7b1e6312-450a-4025-aa6e-091fdb4d3a96 userId= method= uri= status= durationMs= - Set SecurityContextHolder to anonymous SecurityContext
2026-05-07 10:00:43.353 DEBUG [http-nio-8080-exec-7] FilterChainProxy requestId=7b1e6312-450a-4025-aa6e-091fdb4d3a96 userId= method= uri= status= durationMs= - Secured GET /actuator/prometheus
2026-05-07 10:00:43.357 INFO  [http-nio-8080-exec-7] HttpRequestLoggingFilter requestId=7b1e6312-450a-4025-aa6e-091fdb4d3a96 userId= method=GET uri=/actuator/prometheus status=200 durationMs=7 - HTTP request completed
2026-05-07 10:00:53.353 DEBUG [http-nio-8080-exec-8] FilterChainProxy requestId=5fdf5b57-4dda-42fd-85e0-53f1c7cf09f8 userId= method= uri= status= durationMs= - Securing GET /actuator/prometheus
2026-05-07 10:00:53.355 DEBUG [http-nio-8080-exec-8] AnonymousAuthenticationFilter requestId=5fdf5b57-4dda-42fd-85e0-53f1c7cf09f8 userId= method= uri= status= durationMs= - Set SecurityContextHolder to anonymous SecurityContext
2026-05-07 10:00:53.356 DEBUG [http-nio-8080-exec-8] FilterChainProxy requestId=5fdf5b57-4dda-42fd-85e0-53f1c7cf09f8 userId= method= uri= status= durationMs= - Secured GET /actuator/prometheus
2026-05-07 10:00:53.362 INFO  [http-nio-8080-exec-8] HttpRequestLoggingFilter requestId=5fdf5b57-4dda-42fd-85e0-53f1c7cf09f8 userId= method=GET uri=/actuator/prometheus status=200 durationMs=11 - HTTP request completed
2026-05-07 10:01:03.354 DEBUG [http-nio-8080-exec-9] FilterChainProxy requestId=278f55e4-1db6-4901-ba2a-82d05e0ec302 userId= method= uri= status= durationMs= - Securing GET /actuator/prometheus
2026-05-07 10:01:03.357 DEBUG [http-nio-8080-exec-9] AnonymousAuthenticationFilter requestId=278f55e4-1db6-4901-ba2a-82d05e0ec302 userId= method= uri= status= durationMs= - Set SecurityContextHolder to anonymous SecurityContext
2026-05-07 10:01:03.358 DEBUG [http-nio-8080-exec-9] FilterChainProxy requestId=278f55e4-1db6-4901-ba2a-82d05e0ec302 userId= method= uri= status= durationMs= - Secured GET /actuator/prometheus
2026-05-07 10:01:03.364 INFO  [http-nio-8080-exec-9] HttpRequestLoggingFilter requestId=278f55e4-1db6-4901-ba2a-82d05e0ec302 userId= method=GET uri=/actuator/prometheus status=200 durationMs=12 - HTTP request completed
2026-05-07 10:01:13.322 DEBUG [http-nio-8080-exec-10] FilterChainProxy requestId=a38ff552-da83-44f6-a5d2-e56c99a99346 userId= method= uri= status= durationMs= - Securing GET /actuator/prometheus
2026-05-07 10:01:13.324 DEBUG [http-nio-8080-exec-10] AnonymousAuthenticationFilter requestId=a38ff552-da83-44f6-a5d2-e56c99a99346 userId= method= uri= status= durationMs= - Set SecurityContextHolder to anonymous SecurityContext
2026-05-07 10:01:13.326 DEBUG [http-nio-8080-exec-10] FilterChainProxy requestId=a38ff552-da83-44f6-a5d2-e56c99a99346 userId= method= uri= status= durationMs= - Secured GET /actuator/prometheus
2026-05-07 10:01:13.331 INFO  [http-nio-8080-exec-10] HttpRequestLoggingFilter requestId=a38ff552-da83-44f6-a5d2-e56c99a99346 userId= method=GET uri=/actuator/prometheus status=200 durationMs=10 - HTTP request completed
2026-05-07 10:01:23.325 DEBUG [http-nio-8080-exec-1] FilterChainProxy requestId=0b17acb7-1c37-42e3-8dbb-0eb241fbd963 userId= method= uri= status= durationMs= - Securing GET /actuator/prometheus
2026-05-07 10:01:23.327 DEBUG [http-nio-8080-exec-1] AnonymousAuthenticationFilter requestId=0b17acb7-1c37-42e3-8dbb-0eb241fbd963 userId= method= uri= status= durationMs= - Set SecurityContextHolder to anonymous SecurityContext
2026-05-07 10:01:23.328 DEBUG [http-nio-8080-exec-1] FilterChainProxy requestId=0b17acb7-1c37-42e3-8dbb-0eb241fbd963 userId= method= uri= status= durationMs= - Secured GET /actuator/prometheus
2026-05-07 10:01:23.335 INFO  [http-nio-8080-exec-1] HttpRequestLoggingFilter requestId=0b17acb7-1c37-42e3-8dbb-0eb241fbd963 userId= method=GET uri=/actuator/prometheus status=200 durationMs=9 - HTTP request completed
2026-05-07 10:01:33.321 DEBUG [http-nio-8080-exec-2] FilterChainProxy requestId=0f326286-7468-40c0-a90c-d184525c2c54 userId= method= uri= status= durationMs= - Securing GET /actuator/prometheus
2026-05-07 10:01:33.324 DEBUG [http-nio-8080-exec-2] AnonymousAuthenticationFilter requestId=0f326286-7468-40c0-a90c-d184525c2c54 userId= method= uri= status= durationMs= - Set SecurityContextHolder to anonymous SecurityContext
2026-05-07 10:01:33.325 DEBUG [http-nio-8080-exec-2] FilterChainProxy requestId=0f326286-7468-40c0-a90c-d184525c2c54 userId= method= uri= status= durationMs= - Secured GET /actuator/prometheus
2026-05-07 10:01:33.332 INFO  [http-nio-8080-exec-2] HttpRequestLoggingFilter requestId=0f326286-7468-40c0-a90c-d184525c2c54 userId= method=GET uri=/actuator/prometheus status=200 durationMs=11 - HTTP request completed
2026-05-07 10:01:43.292 DEBUG [http-nio-8080-exec-3] FilterChainProxy requestId=5c579fc2-c545-409e-8606-86d615055081 userId= method= uri= status= durationMs= - Securing GET /actuator/prometheus
2026-05-07 10:01:43.295 DEBUG [http-nio-8080-exec-3] AnonymousAuthenticationFilter requestId=5c579fc2-c545-409e-8606-86d615055081 userId= method= uri= status= durationMs= - Set SecurityContextHolder to anonymous SecurityContext
2026-05-07 10:01:43.296 DEBUG [http-nio-8080-exec-3] FilterChainProxy requestId=5c579fc2-c545-409e-8606-86d615055081 userId= method= uri= status= durationMs= - Secured GET /actuator/prometheus
2026-05-07 10:01:43.302 INFO  [http-nio-8080-exec-3] HttpRequestLoggingFilter requestId=5c579fc2-c545-409e-8606-86d615055081 userId= method=GET uri=/actuator/prometheus status=200 durationMs=11 - HTTP request completed
2026-05-07 10:01:53.293 DEBUG [http-nio-8080-exec-4] FilterChainProxy requestId=48d118a6-0842-4139-9333-5e36137ea8c4 userId= method= uri= status= durationMs= - Securing GET /actuator/prometheus
2026-05-07 10:01:53.295 DEBUG [http-nio-8080-exec-4] AnonymousAuthenticationFilter requestId=48d118a6-0842-4139-9333-5e36137ea8c4 userId= method= uri= status= durationMs= - Set SecurityContextHolder to anonymous SecurityContext
2026-05-07 10:01:53.297 DEBUG [http-nio-8080-exec-4] FilterChainProxy requestId=48d118a6-0842-4139-9333-5e36137ea8c4 userId= method= uri= status= durationMs= - Secured GET /actuator/prometheus
2026-05-07 10:01:53.304 INFO  [http-nio-8080-exec-4] HttpRequestLoggingFilter requestId=48d118a6-0842-4139-9333-5e36137ea8c4 userId= method=GET uri=/actuator/prometheus status=200 durationMs=11 - HTTP request completed
2026-05-07 10:02:03.291 DEBUG [http-nio-8080-exec-5] FilterChainProxy requestId=495ac4b4-ea21-4745-bc92-8126a6f8a058 userId= method= uri= status= durationMs= - Securing GET /actuator/prometheus
2026-05-07 10:02:03.292 DEBUG [http-nio-8080-exec-5] AnonymousAuthenticationFilter requestId=495ac4b4-ea21-4745-bc92-8126a6f8a058 userId= method= uri= status= durationMs= - Set SecurityContextHolder to anonymous SecurityContext
2026-05-07 10:02:03.294 DEBUG [http-nio-8080-exec-5] FilterChainProxy requestId=495ac4b4-ea21-4745-bc92-8126a6f8a058 userId= method= uri= status= durationMs= - Secured GET /actuator/prometheus
2026-05-07 10:02:03.299 INFO  [http-nio-8080-exec-5] HttpRequestLoggingFilter requestId=495ac4b4-ea21-4745-bc92-8126a6f8a058 userId= method=GET uri=/actuator/prometheus status=200 durationMs=8 - HTTP request completed
2026-05-07 10:02:13.262 DEBUG [http-nio-8080-exec-6] FilterChainProxy requestId=0f512460-61e8-4cce-b618-e17422b34306 userId= method= uri= status= durationMs= - Securing GET /actuator/prometheus
2026-05-07 10:02:13.264 DEBUG [http-nio-8080-exec-6] AnonymousAuthenticationFilter requestId=0f512460-61e8-4cce-b618-e17422b34306 userId= method= uri= status= durationMs= - Set SecurityContextHolder to anonymous SecurityContext
2026-05-07 10:02:13.266 DEBUG [http-nio-8080-exec-6] FilterChainProxy requestId=0f512460-61e8-4cce-b618-e17422b34306 userId= method= uri= status= durationMs= - Secured GET /actuator/prometheus
2026-05-07 10:02:13.272 INFO  [http-nio-8080-exec-6] HttpRequestLoggingFilter requestId=0f512460-61e8-4cce-b618-e17422b34306 userId= method=GET uri=/actuator/prometheus status=200 durationMs=9 - HTTP request completed
2026-05-07 10:02:23.262 DEBUG [http-nio-8080-exec-7] FilterChainProxy requestId=646198f6-ca4b-42dd-821b-c6f6fc06fe74 userId= method= uri= status= durationMs= - Securing GET /actuator/prometheus
2026-05-07 10:02:23.264 DEBUG [http-nio-8080-exec-7] AnonymousAuthenticationFilter requestId=646198f6-ca4b-42dd-821b-c6f6fc06fe74 userId= method= uri= status= durationMs= - Set SecurityContextHolder to anonymous SecurityContext
2026-05-07 10:02:23.265 DEBUG [http-nio-8080-exec-7] FilterChainProxy requestId=646198f6-ca4b-42dd-821b-c6f6fc06fe74 userId= method= uri= status= durationMs= - Secured GET /actuator/prometheus
2026-05-07 10:02:23.272 INFO  [http-nio-8080-exec-7] HttpRequestLoggingFilter requestId=646198f6-ca4b-42dd-821b-c6f6fc06fe74 userId= method=GET uri=/actuator/prometheus status=200 durationMs=11 - HTTP request completed
2026-05-07 10:02:33.262 DEBUG [http-nio-8080-exec-8] FilterChainProxy requestId=e10bd89e-cfa8-47b8-b047-d45839ef9c54 userId= method= uri= status= durationMs= - Securing GET /actuator/prometheus
2026-05-07 10:02:33.264 DEBUG [http-nio-8080-exec-8] AnonymousAuthenticationFilter requestId=e10bd89e-cfa8-47b8-b047-d45839ef9c54 userId= method= uri= status= durationMs= - Set SecurityContextHolder to anonymous SecurityContext
2026-05-07 10:02:33.266 DEBUG [http-nio-8080-exec-8] FilterChainProxy requestId=e10bd89e-cfa8-47b8-b047-d45839ef9c54 userId= method= uri= status= durationMs= - Secured GET /actuator/prometheus
2026-05-07 10:02:33.272 INFO  [http-nio-8080-exec-8] HttpRequestLoggingFilter requestId=e10bd89e-cfa8-47b8-b047-d45839ef9c54 userId= method=GET uri=/actuator/prometheus status=200 durationMs=10 - HTTP request completed
2026-05-07 10:02:43.233 DEBUG [http-nio-8080-exec-9] FilterChainProxy requestId=34f5c6ba-c6c1-4e7b-9b97-52b8637770ae userId= method= uri= status= durationMs= - Securing GET /actuator/prometheus
2026-05-07 10:02:43.234 DEBUG [http-nio-8080-exec-9] AnonymousAuthenticationFilter requestId=34f5c6ba-c6c1-4e7b-9b97-52b8637770ae userId= method= uri= status= durationMs= - Set SecurityContextHolder to anonymous SecurityContext
2026-05-07 10:02:43.236 DEBUG [http-nio-8080-exec-9] FilterChainProxy requestId=34f5c6ba-c6c1-4e7b-9b97-52b8637770ae userId= method= uri= status= durationMs= - Secured GET /actuator/prometheus
2026-05-07 10:02:43.242 INFO  [http-nio-8080-exec-9] HttpRequestLoggingFilter requestId=34f5c6ba-c6c1-4e7b-9b97-52b8637770ae userId= method=GET uri=/actuator/prometheus status=200 durationMs=10 - HTTP request completed
2026-05-07 10:02:53.234 DEBUG [http-nio-8080-exec-10] FilterChainProxy requestId=319442e8-f166-4bd0-9f44-69476e050ca6 userId= method= uri= status= durationMs= - Securing GET /actuator/prometheus
2026-05-07 10:02:53.236 DEBUG [http-nio-8080-exec-10] AnonymousAuthenticationFilter requestId=319442e8-f166-4bd0-9f44-69476e050ca6 userId= method= uri= status= durationMs= - Set SecurityContextHolder to anonymous SecurityContext
2026-05-07 10:02:53.237 DEBUG [http-nio-8080-exec-10] FilterChainProxy requestId=319442e8-f166-4bd0-9f44-69476e050ca6 userId= method= uri= status= durationMs= - Secured GET /actuator/prometheus
2026-05-07 10:02:53.245 INFO  [http-nio-8080-exec-10] HttpRequestLoggingFilter requestId=319442e8-f166-4bd0-9f44-69476e050ca6 userId= method=GET uri=/actuator/prometheus status=200 durationMs=11 - HTTP request completed
2026-05-07 10:03:03.233 DEBUG [http-nio-8080-exec-1] FilterChainProxy requestId=4c8b15bd-e926-45bc-983c-e9506f6f4d5a userId= method= uri= status= durationMs= - Securing GET /actuator/prometheus
2026-05-07 10:03:03.235 DEBUG [http-nio-8080-exec-1] AnonymousAuthenticationFilter requestId=4c8b15bd-e926-45bc-983c-e9506f6f4d5a userId= method= uri= status= durationMs= - Set SecurityContextHolder to anonymous SecurityContext
2026-05-07 10:03:03.236 DEBUG [http-nio-8080-exec-1] FilterChainProxy requestId=4c8b15bd-e926-45bc-983c-e9506f6f4d5a userId= method= uri= status= durationMs= - Secured GET /actuator/prometheus
2026-05-07 10:03:03.243 INFO  [http-nio-8080-exec-1] HttpRequestLoggingFilter requestId=4c8b15bd-e926-45bc-983c-e9506f6f4d5a userId= method=GET uri=/actuator/prometheus status=200 durationMs=10 - HTTP request completed
2026-05-07 10:03:13.206 DEBUG [http-nio-8080-exec-2] FilterChainProxy requestId=faf8dd24-3590-46a2-a941-aa42057fa39e userId= method= uri= status= durationMs= - Securing GET /actuator/prometheus
2026-05-07 10:03:13.207 DEBUG [http-nio-8080-exec-2] AnonymousAuthenticationFilter requestId=faf8dd24-3590-46a2-a941-aa42057fa39e userId= method= uri= status= durationMs= - Set SecurityContextHolder to anonymous SecurityContext
2026-05-07 10:03:13.209 DEBUG [http-nio-8080-exec-2] FilterChainProxy requestId=faf8dd24-3590-46a2-a941-aa42057fa39e userId= method= uri= status= durationMs= - Secured GET /actuator/prometheus
2026-05-07 10:03:13.218 INFO  [http-nio-8080-exec-2] HttpRequestLoggingFilter requestId=faf8dd24-3590-46a2-a941-aa42057fa39e userId= method=GET uri=/actuator/prometheus status=200 durationMs=13 - HTTP request completed
2026-05-07 10:03:23.204 DEBUG [http-nio-8080-exec-3] FilterChainProxy requestId=3b9f1ed0-eb67-47e5-9700-7a20c82c2fdc userId= method= uri= status= durationMs= - Securing GET /actuator/prometheus
2026-05-07 10:03:23.206 DEBUG [http-nio-8080-exec-3] AnonymousAuthenticationFilter requestId=3b9f1ed0-eb67-47e5-9700-7a20c82c2fdc userId= method= uri= status= durationMs= - Set SecurityContextHolder to anonymous SecurityContext
2026-05-07 10:03:23.207 DEBUG [http-nio-8080-exec-3] FilterChainProxy requestId=3b9f1ed0-eb67-47e5-9700-7a20c82c2fdc userId= method= uri= status= durationMs= - Secured GET /actuator/prometheus
2026-05-07 10:03:23.213 INFO  [http-nio-8080-exec-3] HttpRequestLoggingFilter requestId=3b9f1ed0-eb67-47e5-9700-7a20c82c2fdc userId= method=GET uri=/actuator/prometheus status=200 durationMs=10 - HTTP request completed
2026-05-07 10:03:33.204 DEBUG [http-nio-8080-exec-4] FilterChainProxy requestId=1dd9c0b0-d5ad-4961-8b0b-4159433aa873 userId= method= uri= status= durationMs= - Securing GET /actuator/prometheus
2026-05-07 10:03:33.206 DEBUG [http-nio-8080-exec-4] AnonymousAuthenticationFilter requestId=1dd9c0b0-d5ad-4961-8b0b-4159433aa873 userId= method= uri= status= durationMs= - Set SecurityContextHolder to anonymous SecurityContext
2026-05-07 10:03:33.208 DEBUG [http-nio-8080-exec-4] FilterChainProxy requestId=1dd9c0b0-d5ad-4961-8b0b-4159433aa873 userId= method= uri= status= durationMs= - Secured GET /actuator/prometheus
2026-05-07 10:03:33.214 INFO  [http-nio-8080-exec-4] HttpRequestLoggingFilter requestId=1dd9c0b0-d5ad-4961-8b0b-4159433aa873 userId= method=GET uri=/actuator/prometheus status=200 durationMs=10 - HTTP request completed
2026-05-07 10:03:43.177 DEBUG [http-nio-8080-exec-5] FilterChainProxy requestId=78bfae39-a428-401f-940c-61f53c31d5a6 userId= method= uri= status= durationMs= - Securing GET /actuator/prometheus
2026-05-07 10:03:43.179 DEBUG [http-nio-8080-exec-5] AnonymousAuthenticationFilter requestId=78bfae39-a428-401f-940c-61f53c31d5a6 userId= method= uri= status= durationMs= - Set SecurityContextHolder to anonymous SecurityContext
2026-05-07 10:03:43.180 DEBUG [http-nio-8080-exec-5] FilterChainProxy requestId=78bfae39-a428-401f-940c-61f53c31d5a6 userId= method= uri= status= durationMs= - Secured GET /actuator/prometheus
2026-05-07 10:03:43.186 INFO  [http-nio-8080-exec-5] HttpRequestLoggingFilter requestId=78bfae39-a428-401f-940c-61f53c31d5a6 userId= method=GET uri=/actuator/prometheus status=200 durationMs=10 - HTTP request completed
2026-05-07 10:03:53.175 DEBUG [http-nio-8080-exec-6] FilterChainProxy requestId=342fe698-c527-4fba-9f0e-90d12227440e userId= method= uri= status= durationMs= - Securing GET /actuator/prometheus
2026-05-07 10:03:53.177 DEBUG [http-nio-8080-exec-6] AnonymousAuthenticationFilter requestId=342fe698-c527-4fba-9f0e-90d12227440e userId= method= uri= status= durationMs= - Set SecurityContextHolder to anonymous SecurityContext
2026-05-07 10:03:53.178 DEBUG [http-nio-8080-exec-6] FilterChainProxy requestId=342fe698-c527-4fba-9f0e-90d12227440e userId= method= uri= status= durationMs= - Secured GET /actuator/prometheus
2026-05-07 10:03:53.185 INFO  [http-nio-8080-exec-6] HttpRequestLoggingFilter requestId=342fe698-c527-4fba-9f0e-90d12227440e userId= method=GET uri=/actuator/prometheus status=200 durationMs=10 - HTTP request completed
2026-05-07 10:04:03.175 DEBUG [http-nio-8080-exec-7] FilterChainProxy requestId=c91583a8-689b-4b3f-8507-f61ee028945a userId= method= uri= status= durationMs= - Securing GET /actuator/prometheus
2026-05-07 10:04:03.177 DEBUG [http-nio-8080-exec-7] AnonymousAuthenticationFilter requestId=c91583a8-689b-4b3f-8507-f61ee028945a userId= method= uri= status= durationMs= - Set SecurityContextHolder to anonymous SecurityContext
2026-05-07 10:04:03.178 DEBUG [http-nio-8080-exec-7] FilterChainProxy requestId=c91583a8-689b-4b3f-8507-f61ee028945a userId= method= uri= status= durationMs= - Secured GET /actuator/prometheus
2026-05-07 10:04:03.185 INFO  [http-nio-8080-exec-7] HttpRequestLoggingFilter requestId=c91583a8-689b-4b3f-8507-f61ee028945a userId= method=GET uri=/actuator/prometheus status=200 durationMs=11 - HTTP request completed
2026-05-07 10:04:13.145 DEBUG [http-nio-8080-exec-8] FilterChainProxy requestId=ceb583cd-ec9e-42ce-bb24-1cf5cd884198 userId= method= uri= status= durationMs= - Securing GET /actuator/prometheus
2026-05-07 10:04:13.147 DEBUG [http-nio-8080-exec-8] AnonymousAuthenticationFilter requestId=ceb583cd-ec9e-42ce-bb24-1cf5cd884198 userId= method= uri= status= durationMs= - Set SecurityContextHolder to anonymous SecurityContext
2026-05-07 10:04:13.148 DEBUG [http-nio-8080-exec-8] FilterChainProxy requestId=ceb583cd-ec9e-42ce-bb24-1cf5cd884198 userId= method= uri= status= durationMs= - Secured GET /actuator/prometheus
2026-05-07 10:04:13.157 INFO  [http-nio-8080-exec-8] HttpRequestLoggingFilter requestId=ceb583cd-ec9e-42ce-bb24-1cf5cd884198 userId= method=GET uri=/actuator/prometheus status=200 durationMs=12 - HTTP request completed
2026-05-07 10:04:23.145 DEBUG [http-nio-8080-exec-9] FilterChainProxy requestId=abebcb13-614f-48d2-851d-c30d85fa4274 userId= method= uri= status= durationMs= - Securing GET /actuator/prometheus
2026-05-07 10:04:23.147 DEBUG [http-nio-8080-exec-9] AnonymousAuthenticationFilter requestId=abebcb13-614f-48d2-851d-c30d85fa4274 userId= method= uri= status= durationMs= - Set SecurityContextHolder to anonymous SecurityContext
2026-05-07 10:04:23.148 DEBUG [http-nio-8080-exec-9] FilterChainProxy requestId=abebcb13-614f-48d2-851d-c30d85fa4274 userId= method= uri= status= durationMs= - Secured GET /actuator/prometheus
2026-05-07 10:04:23.155 INFO  [http-nio-8080-exec-9] HttpRequestLoggingFilter requestId=abebcb13-614f-48d2-851d-c30d85fa4274 userId= method=GET uri=/actuator/prometheus status=200 durationMs=10 - HTTP request completed
2026-05-07 10:04:33.145 DEBUG [http-nio-8080-exec-10] FilterChainProxy requestId=cec17bc7-3598-41b4-90e2-5198c4fea9a0 userId= method= uri= status= durationMs= - Securing GET /actuator/prometheus
2026-05-07 10:04:33.146 DEBUG [http-nio-8080-exec-10] AnonymousAuthenticationFilter requestId=cec17bc7-3598-41b4-90e2-5198c4fea9a0 userId= method= uri= status= durationMs= - Set SecurityContextHolder to anonymous SecurityContext
2026-05-07 10:04:33.147 DEBUG [http-nio-8080-exec-10] FilterChainProxy requestId=cec17bc7-3598-41b4-90e2-5198c4fea9a0 userId= method= uri= status= durationMs= - Secured GET /actuator/prometheus
2026-05-07 10:04:33.154 INFO  [http-nio-8080-exec-10] HttpRequestLoggingFilter requestId=cec17bc7-3598-41b4-90e2-5198c4fea9a0 userId= method=GET uri=/actuator/prometheus status=200 durationMs=10 - HTTP request completed
2026-05-07 10:04:43.114 DEBUG [http-nio-8080-exec-1] FilterChainProxy requestId=5a4859f1-53d5-4aff-9bf1-172ff6f645f0 userId= method= uri= status= durationMs= - Securing GET /actuator/prometheus
2026-05-07 10:04:43.115 DEBUG [http-nio-8080-exec-1] AnonymousAuthenticationFilter requestId=5a4859f1-53d5-4aff-9bf1-172ff6f645f0 userId= method= uri= status= durationMs= - Set SecurityContextHolder to anonymous SecurityContext
2026-05-07 10:04:43.116 DEBUG [http-nio-8080-exec-1] FilterChainProxy requestId=5a4859f1-53d5-4aff-9bf1-172ff6f645f0 userId= method= uri= status= durationMs= - Secured GET /actuator/prometheus
2026-05-07 10:04:43.124 INFO  [http-nio-8080-exec-1] HttpRequestLoggingFilter requestId=5a4859f1-53d5-4aff-9bf1-172ff6f645f0 userId= method=GET uri=/actuator/prometheus status=200 durationMs=10 - HTTP request completed
2026-05-07 10:04:53.114 DEBUG [http-nio-8080-exec-2] FilterChainProxy requestId=588a79e2-c98e-44ed-9cfb-bbd204d0c519 userId= method= uri= status= durationMs= - Securing GET /actuator/prometheus
2026-05-07 10:04:53.116 DEBUG [http-nio-8080-exec-2] AnonymousAuthenticationFilter requestId=588a79e2-c98e-44ed-9cfb-bbd204d0c519 userId= method= uri= status= durationMs= - Set SecurityContextHolder to anonymous SecurityContext
2026-05-07 10:04:53.117 DEBUG [http-nio-8080-exec-2] FilterChainProxy requestId=588a79e2-c98e-44ed-9cfb-bbd204d0c519 userId= method= uri= status= durationMs= - Secured GET /actuator/prometheus
2026-05-07 10:04:53.123 INFO  [http-nio-8080-exec-2] HttpRequestLoggingFilter requestId=588a79e2-c98e-44ed-9cfb-bbd204d0c519 userId= method=GET uri=/actuator/prometheus status=200 durationMs=10 - HTTP request completed
2026-05-07 10:04:57.741 INFO  [scheduling-1] MarketRefreshScheduler requestId= userId= method= uri= status= durationMs= - Market refresh scheduler tick started
2026-05-07 10:04:57.797 INFO  [scheduling-1] MarketRefreshCoordinator requestId= userId= method= uri= status= durationMs= - Market refresh coordinator evaluating providers: sources=[BINANCE, BIST, EVDS]
2026-05-07 10:04:57.799 INFO  [scheduling-1] MarketRefreshCoordinator requestId= userId= method= uri= status= durationMs= - Market provider due refresh started: source=BINANCE
2026-05-07 10:04:57.799 INFO  [scheduling-1] ProviderOrchestrationService requestId= userId= method= uri= status= durationMs= - Market provider orchestration started: providerCount=3, sourceFilter=BINANCE
2026-05-07 10:04:57.800 INFO  [scheduling-1] ProviderOrchestrationService requestId= userId= method= uri= status= durationMs= - Market provider refresh started: source=BINANCE
2026-05-07 10:04:57.803 INFO  [scheduling-1] BinanceMarketDataProvider requestId= userId= method= uri= status= durationMs= - Market provider registry resolved: providerSource=BINANCE, registryMappingCount=8, resolvedSymbols=[BTCUSDT, ETHUSDT, BNBUSDT, SOLUSDT, XRPUSDT, ADAUSDT, AVAXUSDT, DOGEUSDT], fallbackToYaml=true
2026-05-07 10:04:57.805 INFO  [scheduling-1] BinanceClient requestId= userId= method= uri= status= durationMs= - Binance client request started: symbolCount=8, uri=https://api.binance.com/api/v3/ticker/24hr?symbols=%5B%22BTCUSDT%22,%22ETHUSDT%22,%22BNBUSDT%22,%22SOLUSDT%22,%22XRPUSDT%22,%22ADAUSDT%22,%22AVAXUSDT%22,%22DOGEUSDT%22%5D
2026-05-07 10:04:58.140 INFO  [scheduling-1] BinanceClient requestId= userId= method= uri= status= durationMs= - Binance client request completed: quoteCount=8
2026-05-07 10:04:58.141 INFO  [scheduling-1] BinanceMarketDataProvider requestId= userId= method= uri= status= durationMs= - Binance provider fetch completed: requestedSymbolCount=8, quoteCount=8, historyRecordCount=0
2026-05-07 10:04:58.142 INFO  [scheduling-1] ProviderOrchestrationService requestId= userId= method= uri= status= durationMs=341 - Market provider refresh completed: source=BINANCE, quoteCount=8, historyRecordCount=0, durationMs=341
2026-05-07 10:04:58.143 INFO  [scheduling-1] ProviderOrchestrationService requestId= userId= method= uri= status= durationMs= - Market provider skipped by supports: providerSource=BIST, requestSource=BINANCE
2026-05-07 10:04:58.143 INFO  [scheduling-1] EvdsMarketDataProvider requestId= userId= method= uri= status= durationMs= - EVDS provider supports evaluated: supported=false, enabled=true, requestSource=BINANCE
2026-05-07 10:04:58.144 INFO  [scheduling-1] ProviderOrchestrationService requestId= userId= method= uri= status= durationMs= - Market provider skipped by supports: providerSource=EVDS, requestSource=BINANCE
2026-05-07 10:04:58.144 INFO  [scheduling-1] MarketCacheTtlPolicy requestId= userId= method= uri= status= durationMs= - Market cache ttl resolved: source=BINANCE, ttl=PT2M
2026-05-07 10:04:58.145 INFO  [scheduling-1] MarketCacheService requestId= userId= method= uri= status= durationMs= - Market cache write: source=BINANCE, key=market:quotes:source:BINANCE, ttl=PT2M
2026-05-07 10:04:58.148 INFO  [scheduling-1] MarketCacheTtlPolicy requestId= userId= method= uri= status= durationMs= - Market cache ttl resolved: source=BINANCE, ttl=PT2M
2026-05-07 10:04:58.148 INFO  [scheduling-1] MarketCacheService requestId= userId= method= uri= status= durationMs= - Market cache write: source=BINANCE, key=market:quotes:symbol:BTCUSDT, ttl=PT2M
2026-05-07 10:04:58.150 INFO  [scheduling-1] MarketCacheTtlPolicy requestId= userId= method= uri= status= durationMs= - Market cache ttl resolved: source=BINANCE, ttl=PT2M
2026-05-07 10:04:58.151 INFO  [scheduling-1] MarketCacheService requestId= userId= method= uri= status= durationMs= - Market cache write: source=BINANCE, key=market:quotes:symbol:ETHUSDT, ttl=PT2M
2026-05-07 10:04:58.152 INFO  [scheduling-1] MarketCacheTtlPolicy requestId= userId= method= uri= status= durationMs= - Market cache ttl resolved: source=BINANCE, ttl=PT2M
2026-05-07 10:04:58.152 INFO  [scheduling-1] MarketCacheService requestId= userId= method= uri= status= durationMs= - Market cache write: source=BINANCE, key=market:quotes:symbol:BNBUSDT, ttl=PT2M
2026-05-07 10:04:58.154 INFO  [scheduling-1] MarketCacheTtlPolicy requestId= userId= method= uri= status= durationMs= - Market cache ttl resolved: source=BINANCE, ttl=PT2M
2026-05-07 10:04:58.154 INFO  [scheduling-1] MarketCacheService requestId= userId= method= uri= status= durationMs= - Market cache write: source=BINANCE, key=market:quotes:symbol:ADAUSDT, ttl=PT2M
2026-05-07 10:04:58.155 INFO  [scheduling-1] MarketCacheTtlPolicy requestId= userId= method= uri= status= durationMs= - Market cache ttl resolved: source=BINANCE, ttl=PT2M
2026-05-07 10:04:58.156 INFO  [scheduling-1] MarketCacheService requestId= userId= method= uri= status= durationMs= - Market cache write: source=BINANCE, key=market:quotes:symbol:XRPUSDT, ttl=PT2M
2026-05-07 10:04:58.157 INFO  [scheduling-1] MarketCacheTtlPolicy requestId= userId= method= uri= status= durationMs= - Market cache ttl resolved: source=BINANCE, ttl=PT2M
2026-05-07 10:04:58.158 INFO  [scheduling-1] MarketCacheService requestId= userId= method= uri= status= durationMs= - Market cache write: source=BINANCE, key=market:quotes:symbol:DOGEUSDT, ttl=PT2M
2026-05-07 10:04:58.159 INFO  [scheduling-1] MarketCacheTtlPolicy requestId= userId= method= uri= status= durationMs= - Market cache ttl resolved: source=BINANCE, ttl=PT2M
2026-05-07 10:04:58.160 INFO  [scheduling-1] MarketCacheService requestId= userId= method= uri= status= durationMs= - Market cache write: source=BINANCE, key=market:quotes:symbol:SOLUSDT, ttl=PT2M
2026-05-07 10:04:58.161 INFO  [scheduling-1] MarketCacheTtlPolicy requestId= userId= method= uri= status= durationMs= - Market cache ttl resolved: source=BINANCE, ttl=PT2M
2026-05-07 10:04:58.161 INFO  [scheduling-1] MarketCacheService requestId= userId= method= uri= status= durationMs= - Market cache write: source=BINANCE, key=market:quotes:symbol:AVAXUSDT, ttl=PT2M
2026-05-07 10:04:58.162 INFO  [scheduling-1] MarketHistoryService requestId= userId= method= uri= status= durationMs= - Market history persistence candidates: source=BINANCE, receivedCount=0, validatedCount=0, candidateCount=0
2026-05-07 10:04:58.163 INFO  [scheduling-1] MarketHistoryService requestId= userId= method= uri= status= durationMs= - Market history persistence pre-insert: source=BINANCE, candidateCount=0, insertableCount=0
2026-05-07 10:04:58.163 INFO  [scheduling-1] MarketHistoryService requestId= userId= method= uri= status= durationMs= - Market history persistence completed: source=BINANCE, received=0, saved=0, skippedDuplicate=0
2026-05-07 10:04:58.172 INFO  [scheduling-1] MarketCacheTtlPolicy requestId= userId= method= uri= status= durationMs= - Market cache ttl resolved: source=ALL, ttl=PT30M
2026-05-07 10:04:58.172 INFO  [scheduling-1] MarketCacheService requestId= userId= method= uri= status= durationMs= - Market cache write: source=ALL, key=market:quotes:all, ttl=PT30M
2026-05-07 10:04:58.175 INFO  [scheduling-1] MarketCacheTtlPolicy requestId= userId= method= uri= status= durationMs= - Market cache ttl resolved: source=BINANCE, ttl=PT2M
2026-05-07 10:04:58.176 INFO  [scheduling-1] MarketCacheService requestId= userId= method= uri= status= durationMs= - Market cache write: source=BINANCE, key=market:quotes:symbol:BTCUSDT, ttl=PT2M
2026-05-07 10:04:58.177 INFO  [scheduling-1] MarketCacheTtlPolicy requestId= userId= method= uri= status= durationMs= - Market cache ttl resolved: source=BINANCE, ttl=PT2M
2026-05-07 10:04:58.177 INFO  [scheduling-1] MarketCacheService requestId= userId= method= uri= status= durationMs= - Market cache write: source=BINANCE, key=market:quotes:symbol:ETHUSDT, ttl=PT2M
2026-05-07 10:04:58.178 INFO  [scheduling-1] MarketCacheTtlPolicy requestId= userId= method= uri= status= durationMs= - Market cache ttl resolved: source=BINANCE, ttl=PT2M
2026-05-07 10:04:58.179 INFO  [scheduling-1] MarketCacheService requestId= userId= method= uri= status= durationMs= - Market cache write: source=BINANCE, key=market:quotes:symbol:BNBUSDT, ttl=PT2M
2026-05-07 10:04:58.180 INFO  [scheduling-1] MarketCacheTtlPolicy requestId= userId= method= uri= status= durationMs= - Market cache ttl resolved: source=BINANCE, ttl=PT2M
2026-05-07 10:04:58.180 INFO  [scheduling-1] MarketCacheService requestId= userId= method= uri= status= durationMs= - Market cache write: source=BINANCE, key=market:quotes:symbol:ADAUSDT, ttl=PT2M
2026-05-07 10:04:58.181 INFO  [scheduling-1] MarketCacheTtlPolicy requestId= userId= method= uri= status= durationMs= - Market cache ttl resolved: source=BINANCE, ttl=PT2M
2026-05-07 10:04:58.182 INFO  [scheduling-1] MarketCacheService requestId= userId= method= uri= status= durationMs= - Market cache write: source=BINANCE, key=market:quotes:symbol:XRPUSDT, ttl=PT2M
2026-05-07 10:04:58.183 INFO  [scheduling-1] MarketCacheTtlPolicy requestId= userId= method= uri= status= durationMs= - Market cache ttl resolved: source=BINANCE, ttl=PT2M
2026-05-07 10:04:58.183 INFO  [scheduling-1] MarketCacheService requestId= userId= method= uri= status= durationMs= - Market cache write: source=BINANCE, key=market:quotes:symbol:DOGEUSDT, ttl=PT2M
2026-05-07 10:04:58.184 INFO  [scheduling-1] MarketCacheTtlPolicy requestId= userId= method= uri= status= durationMs= - Market cache ttl resolved: source=BINANCE, ttl=PT2M
2026-05-07 10:04:58.184 INFO  [scheduling-1] MarketCacheService requestId= userId= method= uri= status= durationMs= - Market cache write: source=BINANCE, key=market:quotes:symbol:SOLUSDT, ttl=PT2M
2026-05-07 10:04:58.185 INFO  [scheduling-1] MarketCacheTtlPolicy requestId= userId= method= uri= status= durationMs= - Market cache ttl resolved: source=BINANCE, ttl=PT2M
2026-05-07 10:04:58.186 INFO  [scheduling-1] MarketCacheService requestId= userId= method= uri= status= durationMs= - Market cache write: source=BINANCE, key=market:quotes:symbol:AVAXUSDT, ttl=PT2M
2026-05-07 10:04:58.186 INFO  [scheduling-1] MarketCacheTtlPolicy requestId= userId= method= uri= status= durationMs= - Market cache ttl resolved: source=BIST, ttl=PT24H
2026-05-07 10:04:58.187 INFO  [scheduling-1] MarketCacheService requestId= userId= method= uri= status= durationMs= - Market cache write: source=BIST, key=market:quotes:symbol:THYAO, ttl=PT24H
2026-05-07 10:04:58.188 INFO  [scheduling-1] MarketCacheTtlPolicy requestId= userId= method= uri= status= durationMs= - Market cache ttl resolved: source=BIST, ttl=PT24H
2026-05-07 10:04:58.188 INFO  [scheduling-1] MarketCacheService requestId= userId= method= uri= status= durationMs= - Market cache write: source=BIST, key=market:quotes:symbol:ASELS, ttl=PT24H
2026-05-07 10:04:58.189 INFO  [scheduling-1] MarketCacheTtlPolicy requestId= userId= method= uri= status= durationMs= - Market cache ttl resolved: source=BIST, ttl=PT24H
2026-05-07 10:04:58.189 INFO  [scheduling-1] MarketCacheService requestId= userId= method= uri= status= durationMs= - Market cache write: source=BIST, key=market:quotes:symbol:GARAN, ttl=PT24H
2026-05-07 10:04:58.190 INFO  [scheduling-1] MarketCacheTtlPolicy requestId= userId= method= uri= status= durationMs= - Market cache ttl resolved: source=BIST, ttl=PT24H
2026-05-07 10:04:58.190 INFO  [scheduling-1] MarketCacheService requestId= userId= method= uri= status= durationMs= - Market cache write: source=BIST, key=market:quotes:symbol:AKBNK, ttl=PT24H
2026-05-07 10:04:58.191 INFO  [scheduling-1] MarketCacheTtlPolicy requestId= userId= method= uri= status= durationMs= - Market cache ttl resolved: source=BIST, ttl=PT24H
2026-05-07 10:04:58.192 INFO  [scheduling-1] MarketCacheService requestId= userId= method= uri= status= durationMs= - Market cache write: source=BIST, key=market:quotes:symbol:BIMAS, ttl=PT24H
2026-05-07 10:04:58.193 INFO  [scheduling-1] MarketCacheTtlPolicy requestId= userId= method= uri= status= durationMs= - Market cache ttl resolved: source=BIST, ttl=PT24H
2026-05-07 10:04:58.193 INFO  [scheduling-1] MarketCacheService requestId= userId= method= uri= status= durationMs= - Market cache write: source=BIST, key=market:quotes:symbol:KCHOL, ttl=PT24H
2026-05-07 10:04:58.194 INFO  [scheduling-1] MarketCacheTtlPolicy requestId= userId= method= uri= status= durationMs= - Market cache ttl resolved: source=BIST, ttl=PT24H
2026-05-07 10:04:58.195 INFO  [scheduling-1] MarketCacheService requestId= userId= method= uri= status= durationMs= - Market cache write: source=BIST, key=market:quotes:symbol:SAHOL, ttl=PT24H
2026-05-07 10:04:58.195 INFO  [scheduling-1] MarketCacheTtlPolicy requestId= userId= method= uri= status= durationMs= - Market cache ttl resolved: source=BIST, ttl=PT24H
2026-05-07 10:04:58.196 INFO  [scheduling-1] MarketCacheService requestId= userId= method= uri= status= durationMs= - Market cache write: source=BIST, key=market:quotes:symbol:EREGL, ttl=PT24H
2026-05-07 10:04:58.197 INFO  [scheduling-1] MarketCacheTtlPolicy requestId= userId= method= uri= status= durationMs= - Market cache ttl resolved: source=BIST, ttl=PT24H
2026-05-07 10:04:58.197 INFO  [scheduling-1] MarketCacheService requestId= userId= method= uri= status= durationMs= - Market cache write: source=BIST, key=market:quotes:symbol:TUPRS, ttl=PT24H
2026-05-07 10:04:58.198 INFO  [scheduling-1] MarketCacheTtlPolicy requestId= userId= method= uri= status= durationMs= - Market cache ttl resolved: source=BIST, ttl=PT24H
2026-05-07 10:04:58.198 INFO  [scheduling-1] MarketCacheService requestId= userId= method= uri= status= durationMs= - Market cache write: source=BIST, key=market:quotes:symbol:FROTO, ttl=PT24H
2026-05-07 10:04:58.200 INFO  [scheduling-1] MarketCacheTtlPolicy requestId= userId= method= uri= status= durationMs= - Market cache ttl resolved: source=EVDS, ttl=PT6H
2026-05-07 10:04:58.200 INFO  [scheduling-1] MarketCacheService requestId= userId= method= uri= status= durationMs= - Market cache write: source=EVDS, key=market:quotes:symbol:USDTRY, ttl=PT6H
2026-05-07 10:04:58.201 INFO  [scheduling-1] MarketCacheTtlPolicy requestId= userId= method= uri= status= durationMs= - Market cache ttl resolved: source=EVDS, ttl=PT6H
2026-05-07 10:04:58.201 INFO  [scheduling-1] MarketCacheService requestId= userId= method= uri= status= durationMs= - Market cache write: source=EVDS, key=market:quotes:symbol:EURTRY, ttl=PT6H
2026-05-07 10:04:58.202 INFO  [scheduling-1] MarketCacheTtlPolicy requestId= userId= method= uri= status= durationMs= - Market cache ttl resolved: source=EVDS, ttl=PT6H
2026-05-07 10:04:58.203 INFO  [scheduling-1] MarketCacheService requestId= userId= method= uri= status= durationMs= - Market cache write: source=EVDS, key=market:quotes:symbol:GBPTRY, ttl=PT6H
2026-05-07 10:04:58.203 INFO  [scheduling-1] MarketCacheTtlPolicy requestId= userId= method= uri= status= durationMs= - Market cache ttl resolved: source=EVDS, ttl=PT6H
2026-05-07 10:04:58.204 INFO  [scheduling-1] MarketCacheService requestId= userId= method= uri= status= durationMs= - Market cache write: source=EVDS, key=market:quotes:symbol:CHFTRY, ttl=PT6H
2026-05-07 10:04:58.205 INFO  [scheduling-1] MarketCacheTtlPolicy requestId= userId= method= uri= status= durationMs= - Market cache ttl resolved: source=EVDS, ttl=PT6H
2026-05-07 10:04:58.206 INFO  [scheduling-1] MarketCacheService requestId= userId= method= uri= status= durationMs= - Market cache write: source=EVDS, key=market:quotes:symbol:JPYTRY, ttl=PT6H
2026-05-07 10:04:58.207 INFO  [scheduling-1] MarketCacheTtlPolicy requestId= userId= method= uri= status= durationMs= - Market cache ttl resolved: source=EVDS, ttl=PT6H
2026-05-07 10:04:58.208 INFO  [scheduling-1] MarketCacheService requestId= userId= method= uri= status= durationMs= - Market cache write: source=EVDS, key=market:quotes:symbol:AUDTRY, ttl=PT6H
2026-05-07 10:04:58.209 INFO  [scheduling-1] MarketCacheTtlPolicy requestId= userId= method= uri= status= durationMs= - Market cache ttl resolved: source=EVDS, ttl=PT6H
2026-05-07 10:04:58.210 INFO  [scheduling-1] MarketCacheService requestId= userId= method= uri= status= durationMs= - Market cache write: source=EVDS, key=market:quotes:symbol:CNYTRY, ttl=PT6H
2026-05-07 10:04:58.211 INFO  [scheduling-1] MarketCacheTtlPolicy requestId= userId= method= uri= status= durationMs= - Market cache ttl resolved: source=EVDS, ttl=PT6H
2026-05-07 10:04:58.212 INFO  [scheduling-1] MarketCacheService requestId= userId= method= uri= status= durationMs= - Market cache write: source=EVDS, key=market:quotes:symbol:NOKTRY, ttl=PT6H
2026-05-07 10:04:58.213 INFO  [scheduling-1] MarketCacheTtlPolicy requestId= userId= method= uri= status= durationMs= - Market cache ttl resolved: source=EVDS, ttl=PT6H
2026-05-07 10:04:58.214 INFO  [scheduling-1] MarketCacheService requestId= userId= method= uri= status= durationMs= - Market cache write: source=EVDS, key=market:quotes:symbol:SEKTRY, ttl=PT6H
2026-05-07 10:04:58.215 INFO  [scheduling-1] MarketCacheTtlPolicy requestId= userId= method= uri= status= durationMs= - Market cache ttl resolved: source=EVDS, ttl=PT6H
2026-05-07 10:04:58.216 INFO  [scheduling-1] MarketCacheService requestId= userId= method= uri= status= durationMs= - Market cache write: source=EVDS, key=market:quotes:symbol:DKKTRY, ttl=PT6H
2026-05-07 10:04:58.218 INFO  [scheduling-1] MarketCacheTtlPolicy requestId= userId= method= uri= status= durationMs= - Market cache ttl resolved: source=EVDS, ttl=PT6H
2026-05-07 10:04:58.219 INFO  [scheduling-1] MarketCacheService requestId= userId= method= uri= status= durationMs= - Market cache write: source=EVDS, key=market:quotes:symbol:SARTRY, ttl=PT6H
2026-05-07 10:04:58.220 INFO  [scheduling-1] MarketRefreshService requestId= userId= method= uri= status= durationMs= - Market refresh completed: processedQuoteCount=8, historyRecordCount=0, aggregateQuoteCount=29, failedProviderCount=0
2026-05-07 10:04:58.220 INFO  [scheduling-1] MarketRefreshCoordinator requestId= userId= method= uri= status= durationMs= - Market provider refresh completed: source=BINANCE, quoteCount=8
2026-05-07 10:04:58.221 INFO  [scheduling-1] MarketRefreshCoordinator requestId= userId= method= uri= status= durationMs= - Market provider skipped: source=BIST, reason=not-due, refreshMinutes=30
2026-05-07 10:04:58.221 INFO  [scheduling-1] MarketRefreshCoordinator requestId= userId= method= uri= status= durationMs= - Market provider skipped: source=EVDS, reason=not-due, refreshMinutes=15
2026-05-07 10:05:03.114 DEBUG [http-nio-8080-exec-3] FilterChainProxy requestId=9b4962af-dcd0-4b55-bd25-eca00fb2e2d1 userId= method= uri= status= durationMs= - Securing GET /actuator/prometheus
2026-05-07 10:05:03.116 DEBUG [http-nio-8080-exec-3] AnonymousAuthenticationFilter requestId=9b4962af-dcd0-4b55-bd25-eca00fb2e2d1 userId= method= uri= status= durationMs= - Set SecurityContextHolder to anonymous SecurityContext
2026-05-07 10:05:03.117 DEBUG [http-nio-8080-exec-3] FilterChainProxy requestId=9b4962af-dcd0-4b55-bd25-eca00fb2e2d1 userId= method= uri= status= durationMs= - Secured GET /actuator/prometheus
2026-05-07 10:05:03.125 INFO  [http-nio-8080-exec-3] HttpRequestLoggingFilter requestId=9b4962af-dcd0-4b55-bd25-eca00fb2e2d1 userId= method=GET uri=/actuator/prometheus status=200 durationMs=11 - HTTP request completed
2026-05-07 10:05:13.087 DEBUG [http-nio-8080-exec-4] FilterChainProxy requestId=b9ececb3-d018-4c3e-a4cf-05d9fc947ed9 userId= method= uri= status= durationMs= - Securing GET /actuator/prometheus
2026-05-07 10:05:13.089 DEBUG [http-nio-8080-exec-4] AnonymousAuthenticationFilter requestId=b9ececb3-d018-4c3e-a4cf-05d9fc947ed9 userId= method= uri= status= durationMs= - Set SecurityContextHolder to anonymous SecurityContext
2026-05-07 10:05:13.090 DEBUG [http-nio-8080-exec-4] FilterChainProxy requestId=b9ececb3-d018-4c3e-a4cf-05d9fc947ed9 userId= method= uri= status= durationMs= - Secured GET /actuator/prometheus
2026-05-07 10:05:13.097 INFO  [http-nio-8080-exec-4] HttpRequestLoggingFilter requestId=b9ececb3-d018-4c3e-a4cf-05d9fc947ed9 userId= method=GET uri=/actuator/prometheus status=200 durationMs=11 - HTTP request completed
2026-05-07 10:05:23.088 DEBUG [http-nio-8080-exec-5] FilterChainProxy requestId=5442ddcc-0d3a-4e70-82f5-705a5faf12b3 userId= method= uri= status= durationMs= - Securing GET /actuator/prometheus
2026-05-07 10:05:23.090 DEBUG [http-nio-8080-exec-5] AnonymousAuthenticationFilter requestId=5442ddcc-0d3a-4e70-82f5-705a5faf12b3 userId= method= uri= status= durationMs= - Set SecurityContextHolder to anonymous SecurityContext
2026-05-07 10:05:23.092 DEBUG [http-nio-8080-exec-5] FilterChainProxy requestId=5442ddcc-0d3a-4e70-82f5-705a5faf12b3 userId= method= uri= status= durationMs= - Secured GET /actuator/prometheus
2026-05-07 10:05:23.099 INFO  [http-nio-8080-exec-5] HttpRequestLoggingFilter requestId=5442ddcc-0d3a-4e70-82f5-705a5faf12b3 userId= method=GET uri=/actuator/prometheus status=200 durationMs=12 - HTTP request completed
2026-05-07 10:05:33.087 DEBUG [http-nio-8080-exec-6] FilterChainProxy requestId=3908c772-143b-4824-a851-38626d040677 userId= method= uri= status= durationMs= - Securing GET /actuator/prometheus
2026-05-07 10:05:33.089 DEBUG [http-nio-8080-exec-6] AnonymousAuthenticationFilter requestId=3908c772-143b-4824-a851-38626d040677 userId= method= uri= status= durationMs= - Set SecurityContextHolder to anonymous SecurityContext
2026-05-07 10:05:33.090 DEBUG [http-nio-8080-exec-6] FilterChainProxy requestId=3908c772-143b-4824-a851-38626d040677 userId= method= uri= status= durationMs= - Secured GET /actuator/prometheus
2026-05-07 10:05:33.098 INFO  [http-nio-8080-exec-6] HttpRequestLoggingFilter requestId=3908c772-143b-4824-a851-38626d040677 userId= method=GET uri=/actuator/prometheus status=200 durationMs=12 - HTTP request completed
2026-05-07 10:05:43.102 DEBUG [http-nio-8080-exec-7] FilterChainProxy requestId=92b97b75-e135-4cd3-9e6e-31d241f09a4f userId= method= uri= status= durationMs= - Securing GET /actuator/prometheus
2026-05-07 10:05:43.103 DEBUG [http-nio-8080-exec-7] AnonymousAuthenticationFilter requestId=92b97b75-e135-4cd3-9e6e-31d241f09a4f userId= method= uri= status= durationMs= - Set SecurityContextHolder to anonymous SecurityContext
2026-05-07 10:05:43.104 DEBUG [http-nio-8080-exec-7] FilterChainProxy requestId=92b97b75-e135-4cd3-9e6e-31d241f09a4f userId= method= uri= status= durationMs= - Secured GET /actuator/prometheus
2026-05-07 10:05:43.110 INFO  [http-nio-8080-exec-7] HttpRequestLoggingFilter requestId=92b97b75-e135-4cd3-9e6e-31d241f09a4f userId= method=GET uri=/actuator/prometheus status=200 durationMs=9 - HTTP request completed
2026-05-07 10:05:53.105 DEBUG [http-nio-8080-exec-8] FilterChainProxy requestId=4c3f36b3-1897-4275-ac48-1a01e8f4c76a userId= method= uri= status= durationMs= - Securing GET /actuator/prometheus
2026-05-07 10:05:53.107 DEBUG [http-nio-8080-exec-8] AnonymousAuthenticationFilter requestId=4c3f36b3-1897-4275-ac48-1a01e8f4c76a userId= method= uri= status= durationMs= - Set SecurityContextHolder to anonymous SecurityContext
2026-05-07 10:05:53.109 DEBUG [http-nio-8080-exec-8] FilterChainProxy requestId=4c3f36b3-1897-4275-ac48-1a01e8f4c76a userId= method= uri= status= durationMs= - Secured GET /actuator/prometheus
2026-05-07 10:05:53.126 INFO  [http-nio-8080-exec-8] HttpRequestLoggingFilter requestId=4c3f36b3-1897-4275-ac48-1a01e8f4c76a userId= method=GET uri=/actuator/prometheus status=200 durationMs=21 - HTTP request completed
2026-05-07 10:06:03.104 DEBUG [http-nio-8080-exec-9] FilterChainProxy requestId=12be7939-51b9-4ced-8ed3-4d9277f98485 userId= method= uri= status= durationMs= - Securing GET /actuator/prometheus
2026-05-07 10:06:03.106 DEBUG [http-nio-8080-exec-9] AnonymousAuthenticationFilter requestId=12be7939-51b9-4ced-8ed3-4d9277f98485 userId= method= uri= status= durationMs= - Set SecurityContextHolder to anonymous SecurityContext
2026-05-07 10:06:03.108 DEBUG [http-nio-8080-exec-9] FilterChainProxy requestId=12be7939-51b9-4ced-8ed3-4d9277f98485 userId= method= uri= status= durationMs= - Secured GET /actuator/prometheus
2026-05-07 10:06:03.116 INFO  [http-nio-8080-exec-9] HttpRequestLoggingFilter requestId=12be7939-51b9-4ced-8ed3-4d9277f98485 userId= method=GET uri=/actuator/prometheus status=200 durationMs=13 - HTTP request completed
2026-05-07 10:06:13.048 DEBUG [http-nio-8080-exec-10] FilterChainProxy requestId=ce7f9cfc-8264-4bed-9dc4-9773333067ad userId= method= uri= status= durationMs= - Securing GET /actuator/prometheus
2026-05-07 10:06:13.050 DEBUG [http-nio-8080-exec-10] AnonymousAuthenticationFilter requestId=ce7f9cfc-8264-4bed-9dc4-9773333067ad userId= method= uri= status= durationMs= - Set SecurityContextHolder to anonymous SecurityContext
2026-05-07 10:06:13.052 DEBUG [http-nio-8080-exec-10] FilterChainProxy requestId=ce7f9cfc-8264-4bed-9dc4-9773333067ad userId= method= uri= status= durationMs= - Secured GET /actuator/prometheus
2026-05-07 10:06:13.060 INFO  [http-nio-8080-exec-10] HttpRequestLoggingFilter requestId=ce7f9cfc-8264-4bed-9dc4-9773333067ad userId= method=GET uri=/actuator/prometheus status=200 durationMs=13 - HTTP request completed
2026-05-07 10:06:23.048 DEBUG [http-nio-8080-exec-1] FilterChainProxy requestId=9e12629d-9f4d-49ed-b9ed-b5c758d76140 userId= method= uri= status= durationMs= - Securing GET /actuator/prometheus
2026-05-07 10:06:23.049 DEBUG [http-nio-8080-exec-1] AnonymousAuthenticationFilter requestId=9e12629d-9f4d-49ed-b9ed-b5c758d76140 userId= method= uri= status= durationMs= - Set SecurityContextHolder to anonymous SecurityContext
2026-05-07 10:06:23.051 DEBUG [http-nio-8080-exec-1] FilterChainProxy requestId=9e12629d-9f4d-49ed-b9ed-b5c758d76140 userId= method= uri= status= durationMs= - Secured GET /actuator/prometheus
2026-05-07 10:06:23.058 INFO  [http-nio-8080-exec-1] HttpRequestLoggingFilter requestId=9e12629d-9f4d-49ed-b9ed-b5c758d76140 userId= method=GET uri=/actuator/prometheus status=200 durationMs=10 - HTTP request completed
2026-05-07 10:06:33.047 DEBUG [http-nio-8080-exec-2] FilterChainProxy requestId=61ae414c-5bf1-4776-813f-c49c20490300 userId= method= uri= status= durationMs= - Securing GET /actuator/prometheus
2026-05-07 10:06:33.048 DEBUG [http-nio-8080-exec-2] AnonymousAuthenticationFilter requestId=61ae414c-5bf1-4776-813f-c49c20490300 userId= method= uri= status= durationMs= - Set SecurityContextHolder to anonymous SecurityContext
2026-05-07 10:06:33.049 DEBUG [http-nio-8080-exec-2] FilterChainProxy requestId=61ae414c-5bf1-4776-813f-c49c20490300 userId= method= uri= status= durationMs= - Secured GET /actuator/prometheus
2026-05-07 10:06:33.056 INFO  [http-nio-8080-exec-2] HttpRequestLoggingFilter requestId=61ae414c-5bf1-4776-813f-c49c20490300 userId= method=GET uri=/actuator/prometheus status=200 durationMs=9 - HTTP request completed
2026-05-07 10:06:43.018 DEBUG [http-nio-8080-exec-3] FilterChainProxy requestId=e93cf91d-b82b-4b01-90b9-3fff709b26e3 userId= method= uri= status= durationMs= - Securing GET /actuator/prometheus
2026-05-07 10:06:43.020 DEBUG [http-nio-8080-exec-3] AnonymousAuthenticationFilter requestId=e93cf91d-b82b-4b01-90b9-3fff709b26e3 userId= method= uri= status= durationMs= - Set SecurityContextHolder to anonymous SecurityContext
2026-05-07 10:06:43.021 DEBUG [http-nio-8080-exec-3] FilterChainProxy requestId=e93cf91d-b82b-4b01-90b9-3fff709b26e3 userId= method= uri= status= durationMs= - Secured GET /actuator/prometheus
2026-05-07 10:06:43.029 INFO  [http-nio-8080-exec-3] HttpRequestLoggingFilter requestId=e93cf91d-b82b-4b01-90b9-3fff709b26e3 userId= method=GET uri=/actuator/prometheus status=200 durationMs=11 - HTTP request completed
2026-05-07 10:06:53.019 DEBUG [http-nio-8080-exec-4] FilterChainProxy requestId=c9a5152c-5630-4e10-85eb-768b3d2635cd userId= method= uri= status= durationMs= - Securing GET /actuator/prometheus
2026-05-07 10:06:53.021 DEBUG [http-nio-8080-exec-4] AnonymousAuthenticationFilter requestId=c9a5152c-5630-4e10-85eb-768b3d2635cd userId= method= uri= status= durationMs= - Set SecurityContextHolder to anonymous SecurityContext
2026-05-07 10:06:53.022 DEBUG [http-nio-8080-exec-4] FilterChainProxy requestId=c9a5152c-5630-4e10-85eb-768b3d2635cd userId= method= uri= status= durationMs= - Secured GET /actuator/prometheus
2026-05-07 10:06:53.029 INFO  [http-nio-8080-exec-4] HttpRequestLoggingFilter requestId=c9a5152c-5630-4e10-85eb-768b3d2635cd userId= method=GET uri=/actuator/prometheus status=200 durationMs=11 - HTTP request completed
2026-05-07 10:07:03.019 DEBUG [http-nio-8080-exec-5] FilterChainProxy requestId=6d72e43e-c8c5-435b-bdca-9b762c60e6d0 userId= method= uri= status= durationMs= - Securing GET /actuator/prometheus
2026-05-07 10:07:03.022 DEBUG [http-nio-8080-exec-5] AnonymousAuthenticationFilter requestId=6d72e43e-c8c5-435b-bdca-9b762c60e6d0 userId= method= uri= status= durationMs= - Set SecurityContextHolder to anonymous SecurityContext
2026-05-07 10:07:03.024 DEBUG [http-nio-8080-exec-5] FilterChainProxy requestId=6d72e43e-c8c5-435b-bdca-9b762c60e6d0 userId= method= uri= status= durationMs= - Secured GET /actuator/prometheus
2026-05-07 10:07:03.032 INFO  [http-nio-8080-exec-5] HttpRequestLoggingFilter requestId=6d72e43e-c8c5-435b-bdca-9b762c60e6d0 userId= method=GET uri=/actuator/prometheus status=200 durationMs=13 - HTTP request completed
2026-05-07 10:07:12.984 DEBUG [http-nio-8080-exec-6] FilterChainProxy requestId=b8a0d6a4-3668-4698-90a7-3c16d7f207c6 userId= method= uri= status= durationMs= - Securing GET /actuator/prometheus
2026-05-07 10:07:12.986 DEBUG [http-nio-8080-exec-6] AnonymousAuthenticationFilter requestId=b8a0d6a4-3668-4698-90a7-3c16d7f207c6 userId= method= uri= status= durationMs= - Set SecurityContextHolder to anonymous SecurityContext
2026-05-07 10:07:12.988 DEBUG [http-nio-8080-exec-6] FilterChainProxy requestId=b8a0d6a4-3668-4698-90a7-3c16d7f207c6 userId= method= uri= status= durationMs= - Secured GET /actuator/prometheus
2026-05-07 10:07:12.995 INFO  [http-nio-8080-exec-6] HttpRequestLoggingFilter requestId=b8a0d6a4-3668-4698-90a7-3c16d7f207c6 userId= method=GET uri=/actuator/prometheus status=200 durationMs=11 - HTTP request completed
2026-05-07 10:07:22.982 DEBUG [http-nio-8080-exec-7] FilterChainProxy requestId=8a7b5516-dad0-49b6-b011-f2aa2e0833e3 userId= method= uri= status= durationMs= - Securing GET /actuator/prometheus
2026-05-07 10:07:22.984 DEBUG [http-nio-8080-exec-7] AnonymousAuthenticationFilter requestId=8a7b5516-dad0-49b6-b011-f2aa2e0833e3 userId= method= uri= status= durationMs= - Set SecurityContextHolder to anonymous SecurityContext
2026-05-07 10:07:22.985 DEBUG [http-nio-8080-exec-7] FilterChainProxy requestId=8a7b5516-dad0-49b6-b011-f2aa2e0833e3 userId= method= uri= status= durationMs= - Secured GET /actuator/prometheus
2026-05-07 10:07:22.992 INFO  [http-nio-8080-exec-7] HttpRequestLoggingFilter requestId=8a7b5516-dad0-49b6-b011-f2aa2e0833e3 userId= method=GET uri=/actuator/prometheus status=200 durationMs=10 - HTTP request completed
2026-05-07 10:07:32.985 DEBUG [http-nio-8080-exec-8] FilterChainProxy requestId=83cc1910-f87a-425d-b61f-d9827b16fbf3 userId= method= uri= status= durationMs= - Securing GET /actuator/prometheus
2026-05-07 10:07:32.988 DEBUG [http-nio-8080-exec-8] AnonymousAuthenticationFilter requestId=83cc1910-f87a-425d-b61f-d9827b16fbf3 userId= method= uri= status= durationMs= - Set SecurityContextHolder to anonymous SecurityContext
2026-05-07 10:07:32.990 DEBUG [http-nio-8080-exec-8] FilterChainProxy requestId=83cc1910-f87a-425d-b61f-d9827b16fbf3 userId= method= uri= status= durationMs= - Secured GET /actuator/prometheus
2026-05-07 10:07:32.998 INFO  [http-nio-8080-exec-8] HttpRequestLoggingFilter requestId=83cc1910-f87a-425d-b61f-d9827b16fbf3 userId= method=GET uri=/actuator/prometheus status=200 durationMs=14 - HTTP request completed
2026-05-07 10:07:42.948 DEBUG [http-nio-8080-exec-9] FilterChainProxy requestId=63d5c7d8-96c5-484c-8c10-a8e7d11e792f userId= method= uri= status= durationMs= - Securing GET /actuator/prometheus
2026-05-07 10:07:42.950 DEBUG [http-nio-8080-exec-9] AnonymousAuthenticationFilter requestId=63d5c7d8-96c5-484c-8c10-a8e7d11e792f userId= method= uri= status= durationMs= - Set SecurityContextHolder to anonymous SecurityContext
2026-05-07 10:07:42.952 DEBUG [http-nio-8080-exec-9] FilterChainProxy requestId=63d5c7d8-96c5-484c-8c10-a8e7d11e792f userId= method= uri= status= durationMs= - Secured GET /actuator/prometheus
2026-05-07 10:07:42.959 INFO  [http-nio-8080-exec-9] HttpRequestLoggingFilter requestId=63d5c7d8-96c5-484c-8c10-a8e7d11e792f userId= method=GET uri=/actuator/prometheus status=200 durationMs=12 - HTTP request completed
2026-05-07 10:07:52.949 DEBUG [http-nio-8080-exec-10] FilterChainProxy requestId=6d03c241-d19f-47a1-9173-2c0e68e1120b userId= method= uri= status= durationMs= - Securing GET /actuator/prometheus
2026-05-07 10:07:52.951 DEBUG [http-nio-8080-exec-10] AnonymousAuthenticationFilter requestId=6d03c241-d19f-47a1-9173-2c0e68e1120b userId= method= uri= status= durationMs= - Set SecurityContextHolder to anonymous SecurityContext
2026-05-07 10:07:52.954 DEBUG [http-nio-8080-exec-10] FilterChainProxy requestId=6d03c241-d19f-47a1-9173-2c0e68e1120b userId= method= uri= status= durationMs= - Secured GET /actuator/prometheus
2026-05-07 10:07:52.961 INFO  [http-nio-8080-exec-10] HttpRequestLoggingFilter requestId=6d03c241-d19f-47a1-9173-2c0e68e1120b userId= method=GET uri=/actuator/prometheus status=200 durationMs=12 - HTTP request completed
2026-05-07 10:08:02.949 DEBUG [http-nio-8080-exec-1] FilterChainProxy requestId=902b085f-6f89-481c-8056-9e27b2badffd userId= method= uri= status= durationMs= - Securing GET /actuator/prometheus
2026-05-07 10:08:02.951 DEBUG [http-nio-8080-exec-1] AnonymousAuthenticationFilter requestId=902b085f-6f89-481c-8056-9e27b2badffd userId= method= uri= status= durationMs= - Set SecurityContextHolder to anonymous SecurityContext
2026-05-07 10:08:02.953 DEBUG [http-nio-8080-exec-1] FilterChainProxy requestId=902b085f-6f89-481c-8056-9e27b2badffd userId= method= uri= status= durationMs= - Secured GET /actuator/prometheus
2026-05-07 10:08:02.960 INFO  [http-nio-8080-exec-1] HttpRequestLoggingFilter requestId=902b085f-6f89-481c-8056-9e27b2badffd userId= method=GET uri=/actuator/prometheus status=200 durationMs=12 - HTTP request completed
2026-05-07 10:08:12.913 DEBUG [http-nio-8080-exec-2] FilterChainProxy requestId=07a921be-348c-4c83-8660-18f27cec5193 userId= method= uri= status= durationMs= - Securing GET /actuator/prometheus
2026-05-07 10:08:12.914 DEBUG [http-nio-8080-exec-2] AnonymousAuthenticationFilter requestId=07a921be-348c-4c83-8660-18f27cec5193 userId= method= uri= status= durationMs= - Set SecurityContextHolder to anonymous SecurityContext
2026-05-07 10:08:12.915 DEBUG [http-nio-8080-exec-2] FilterChainProxy requestId=07a921be-348c-4c83-8660-18f27cec5193 userId= method= uri= status= durationMs= - Secured GET /actuator/prometheus
2026-05-07 10:08:12.922 INFO  [http-nio-8080-exec-2] HttpRequestLoggingFilter requestId=07a921be-348c-4c83-8660-18f27cec5193 userId= method=GET uri=/actuator/prometheus status=200 durationMs=9 - HTTP request completed
2026-05-07 10:08:22.912 DEBUG [http-nio-8080-exec-3] FilterChainProxy requestId=366d3c42-d133-421e-809d-99e12e949f44 userId= method= uri= status= durationMs= - Securing GET /actuator/prometheus
2026-05-07 10:08:22.914 DEBUG [http-nio-8080-exec-3] AnonymousAuthenticationFilter requestId=366d3c42-d133-421e-809d-99e12e949f44 userId= method= uri= status= durationMs= - Set SecurityContextHolder to anonymous SecurityContext
2026-05-07 10:08:22.915 DEBUG [http-nio-8080-exec-3] FilterChainProxy requestId=366d3c42-d133-421e-809d-99e12e949f44 userId= method= uri= status= durationMs= - Secured GET /actuator/prometheus
2026-05-07 10:08:22.939 INFO  [http-nio-8080-exec-3] HttpRequestLoggingFilter requestId=366d3c42-d133-421e-809d-99e12e949f44 userId= method=GET uri=/actuator/prometheus status=200 durationMs=27 - HTTP request completed
2026-05-07 10:08:32.913 DEBUG [http-nio-8080-exec-4] FilterChainProxy requestId=7709053e-f126-4913-8386-0ac67ca144c1 userId= method= uri= status= durationMs= - Securing GET /actuator/prometheus
2026-05-07 10:08:32.915 DEBUG [http-nio-8080-exec-4] AnonymousAuthenticationFilter requestId=7709053e-f126-4913-8386-0ac67ca144c1 userId= method= uri= status= durationMs= - Set SecurityContextHolder to anonymous SecurityContext
2026-05-07 10:08:32.916 DEBUG [http-nio-8080-exec-4] FilterChainProxy requestId=7709053e-f126-4913-8386-0ac67ca144c1 userId= method= uri= status= durationMs= - Secured GET /actuator/prometheus
2026-05-07 10:08:32.924 INFO  [http-nio-8080-exec-4] HttpRequestLoggingFilter requestId=7709053e-f126-4913-8386-0ac67ca144c1 userId= method=GET uri=/actuator/prometheus status=200 durationMs=11 - HTTP request completed
2026-05-07 10:08:42.877 DEBUG [http-nio-8080-exec-5] FilterChainProxy requestId=a5c83827-1307-461c-b825-6b6a909f9b7d userId= method= uri= status= durationMs= - Securing GET /actuator/prometheus
2026-05-07 10:08:42.879 DEBUG [http-nio-8080-exec-5] AnonymousAuthenticationFilter requestId=a5c83827-1307-461c-b825-6b6a909f9b7d userId= method= uri= status= durationMs= - Set SecurityContextHolder to anonymous SecurityContext
2026-05-07 10:08:42.880 DEBUG [http-nio-8080-exec-5] FilterChainProxy requestId=a5c83827-1307-461c-b825-6b6a909f9b7d userId= method= uri= status= durationMs= - Secured GET /actuator/prometheus
2026-05-07 10:08:42.887 INFO  [http-nio-8080-exec-5] HttpRequestLoggingFilter requestId=a5c83827-1307-461c-b825-6b6a909f9b7d userId= method=GET uri=/actuator/prometheus status=200 durationMs=10 - HTTP request completed
2026-05-07 10:08:52.878 DEBUG [http-nio-8080-exec-6] FilterChainProxy requestId=c6ae4a43-21b5-41fd-ad8a-ae33f3480172 userId= method= uri= status= durationMs= - Securing GET /actuator/prometheus
2026-05-07 10:08:52.881 DEBUG [http-nio-8080-exec-6] AnonymousAuthenticationFilter requestId=c6ae4a43-21b5-41fd-ad8a-ae33f3480172 userId= method= uri= status= durationMs= - Set SecurityContextHolder to anonymous SecurityContext
2026-05-07 10:08:52.883 DEBUG [http-nio-8080-exec-6] FilterChainProxy requestId=c6ae4a43-21b5-41fd-ad8a-ae33f3480172 userId= method= uri= status= durationMs= - Secured GET /actuator/prometheus
2026-05-07 10:08:52.889 INFO  [http-nio-8080-exec-6] HttpRequestLoggingFilter requestId=c6ae4a43-21b5-41fd-ad8a-ae33f3480172 userId= method=GET uri=/actuator/prometheus status=200 durationMs=12 - HTTP request completed
2026-05-07 10:09:02.877 DEBUG [http-nio-8080-exec-7] FilterChainProxy requestId=f825e1f6-3e7e-4f8d-b579-af79084d6f15 userId= method= uri= status= durationMs= - Securing GET /actuator/prometheus
2026-05-07 10:09:02.879 DEBUG [http-nio-8080-exec-7] AnonymousAuthenticationFilter requestId=f825e1f6-3e7e-4f8d-b579-af79084d6f15 userId= method= uri= status= durationMs= - Set SecurityContextHolder to anonymous SecurityContext
2026-05-07 10:09:02.880 DEBUG [http-nio-8080-exec-7] FilterChainProxy requestId=f825e1f6-3e7e-4f8d-b579-af79084d6f15 userId= method= uri= status= durationMs= - Secured GET /actuator/prometheus
2026-05-07 10:09:02.887 INFO  [http-nio-8080-exec-7] HttpRequestLoggingFilter requestId=f825e1f6-3e7e-4f8d-b579-af79084d6f15 userId= method=GET uri=/actuator/prometheus status=200 durationMs=10 - HTTP request completed
2026-05-07 10:09:12.841 DEBUG [http-nio-8080-exec-8] FilterChainProxy requestId=a02d0225-03e0-4ff2-a722-5dfaf7bd4e1f userId= method= uri= status= durationMs= - Securing GET /actuator/prometheus
2026-05-07 10:09:12.843 DEBUG [http-nio-8080-exec-8] AnonymousAuthenticationFilter requestId=a02d0225-03e0-4ff2-a722-5dfaf7bd4e1f userId= method= uri= status= durationMs= - Set SecurityContextHolder to anonymous SecurityContext
2026-05-07 10:09:12.844 DEBUG [http-nio-8080-exec-8] FilterChainProxy requestId=a02d0225-03e0-4ff2-a722-5dfaf7bd4e1f userId= method= uri= status= durationMs= - Secured GET /actuator/prometheus
2026-05-07 10:09:12.850 INFO  [http-nio-8080-exec-8] HttpRequestLoggingFilter requestId=a02d0225-03e0-4ff2-a722-5dfaf7bd4e1f userId= method=GET uri=/actuator/prometheus status=200 durationMs=10 - HTTP request completed
2026-05-07 10:09:22.843 DEBUG [http-nio-8080-exec-9] FilterChainProxy requestId=b893dea0-2d9b-4b4c-9cef-84e46f400405 userId= method= uri= status= durationMs= - Securing GET /actuator/prometheus
2026-05-07 10:09:22.846 DEBUG [http-nio-8080-exec-9] AnonymousAuthenticationFilter requestId=b893dea0-2d9b-4b4c-9cef-84e46f400405 userId= method= uri= status= durationMs= - Set SecurityContextHolder to anonymous SecurityContext
2026-05-07 10:09:22.848 DEBUG [http-nio-8080-exec-9] FilterChainProxy requestId=b893dea0-2d9b-4b4c-9cef-84e46f400405 userId= method= uri= status= durationMs= - Secured GET /actuator/prometheus
2026-05-07 10:09:22.854 INFO  [http-nio-8080-exec-9] HttpRequestLoggingFilter requestId=b893dea0-2d9b-4b4c-9cef-84e46f400405 userId= method=GET uri=/actuator/prometheus status=200 durationMs=12 - HTTP request completed
2026-05-07 10:09:32.842 DEBUG [http-nio-8080-exec-10] FilterChainProxy requestId=3edc3ef0-bd86-4402-8ff3-a558212e31dd userId= method= uri= status= durationMs= - Securing GET /actuator/prometheus
2026-05-07 10:09:32.844 DEBUG [http-nio-8080-exec-10] AnonymousAuthenticationFilter requestId=3edc3ef0-bd86-4402-8ff3-a558212e31dd userId= method= uri= status= durationMs= - Set SecurityContextHolder to anonymous SecurityContext
2026-05-07 10:09:32.845 DEBUG [http-nio-8080-exec-10] FilterChainProxy requestId=3edc3ef0-bd86-4402-8ff3-a558212e31dd userId= method= uri= status= durationMs= - Secured GET /actuator/prometheus
2026-05-07 10:09:32.850 INFO  [http-nio-8080-exec-10] HttpRequestLoggingFilter requestId=3edc3ef0-bd86-4402-8ff3-a558212e31dd userId= method=GET uri=/actuator/prometheus status=200 durationMs=8 - HTTP request completed
2026-05-07 10:09:42.805 DEBUG [http-nio-8080-exec-1] FilterChainProxy requestId=fcae2199-765c-4027-825f-3d2731af636f userId= method= uri= status= durationMs= - Securing GET /actuator/prometheus
2026-05-07 10:09:42.808 DEBUG [http-nio-8080-exec-1] AnonymousAuthenticationFilter requestId=fcae2199-765c-4027-825f-3d2731af636f userId= method= uri= status= durationMs= - Set SecurityContextHolder to anonymous SecurityContext
2026-05-07 10:09:42.809 DEBUG [http-nio-8080-exec-1] FilterChainProxy requestId=fcae2199-765c-4027-825f-3d2731af636f userId= method= uri= status= durationMs= - Secured GET /actuator/prometheus
2026-05-07 10:09:42.816 INFO  [http-nio-8080-exec-1] HttpRequestLoggingFilter requestId=fcae2199-765c-4027-825f-3d2731af636f userId= method=GET uri=/actuator/prometheus status=200 durationMs=11 - HTTP request completed
2026-05-07 10:09:52.807 DEBUG [http-nio-8080-exec-2] FilterChainProxy requestId=7869a575-e02b-49f7-8086-eba17f984277 userId= method= uri= status= durationMs= - Securing GET /actuator/prometheus
2026-05-07 10:09:52.810 DEBUG [http-nio-8080-exec-2] AnonymousAuthenticationFilter requestId=7869a575-e02b-49f7-8086-eba17f984277 userId= method= uri= status= durationMs= - Set SecurityContextHolder to anonymous SecurityContext
2026-05-07 10:09:52.811 DEBUG [http-nio-8080-exec-2] FilterChainProxy requestId=7869a575-e02b-49f7-8086-eba17f984277 userId= method= uri= status= durationMs= - Secured GET /actuator/prometheus
2026-05-07 10:09:52.819 INFO  [http-nio-8080-exec-2] HttpRequestLoggingFilter requestId=7869a575-e02b-49f7-8086-eba17f984277 userId= method=GET uri=/actuator/prometheus status=200 durationMs=13 - HTTP request completed
2026-05-07 10:09:57.914 INFO  [scheduling-1] MarketRefreshScheduler requestId= userId= method= uri= status= durationMs= - Market refresh scheduler tick started
2026-05-07 10:09:57.968 INFO  [scheduling-1] MarketRefreshCoordinator requestId= userId= method= uri= status= durationMs= - Market refresh coordinator evaluating providers: sources=[BINANCE, BIST, EVDS]
2026-05-07 10:09:57.969 INFO  [scheduling-1] MarketRefreshCoordinator requestId= userId= method= uri= status= durationMs= - Market provider due refresh started: source=BINANCE
2026-05-07 10:09:57.970 INFO  [scheduling-1] ProviderOrchestrationService requestId= userId= method= uri= status= durationMs= - Market provider orchestration started: providerCount=3, sourceFilter=BINANCE
2026-05-07 10:09:57.971 INFO  [scheduling-1] ProviderOrchestrationService requestId= userId= method= uri= status= durationMs= - Market provider refresh started: source=BINANCE
2026-05-07 10:09:57.974 INFO  [scheduling-1] BinanceMarketDataProvider requestId= userId= method= uri= status= durationMs= - Market provider registry resolved: providerSource=BINANCE, registryMappingCount=8, resolvedSymbols=[BTCUSDT, ETHUSDT, BNBUSDT, SOLUSDT, XRPUSDT, ADAUSDT, AVAXUSDT, DOGEUSDT], fallbackToYaml=true
2026-05-07 10:09:57.975 INFO  [scheduling-1] BinanceClient requestId= userId= method= uri= status= durationMs= - Binance client request started: symbolCount=8, uri=https://api.binance.com/api/v3/ticker/24hr?symbols=%5B%22BTCUSDT%22,%22ETHUSDT%22,%22BNBUSDT%22,%22SOLUSDT%22,%22XRPUSDT%22,%22ADAUSDT%22,%22AVAXUSDT%22,%22DOGEUSDT%22%5D
2026-05-07 10:09:58.310 INFO  [scheduling-1] BinanceClient requestId= userId= method= uri= status= durationMs= - Binance client request completed: quoteCount=8
2026-05-07 10:09:58.311 INFO  [scheduling-1] BinanceMarketDataProvider requestId= userId= method= uri= status= durationMs= - Binance provider fetch completed: requestedSymbolCount=8, quoteCount=8, historyRecordCount=0
2026-05-07 10:09:58.312 INFO  [scheduling-1] ProviderOrchestrationService requestId= userId= method= uri= status= durationMs=340 - Market provider refresh completed: source=BINANCE, quoteCount=8, historyRecordCount=0, durationMs=340
2026-05-07 10:09:58.312 INFO  [scheduling-1] ProviderOrchestrationService requestId= userId= method= uri= status= durationMs= - Market provider skipped by supports: providerSource=BIST, requestSource=BINANCE
2026-05-07 10:09:58.313 INFO  [scheduling-1] EvdsMarketDataProvider requestId= userId= method= uri= status= durationMs= - EVDS provider supports evaluated: supported=false, enabled=true, requestSource=BINANCE
2026-05-07 10:09:58.314 INFO  [scheduling-1] ProviderOrchestrationService requestId= userId= method= uri= status= durationMs= - Market provider skipped by supports: providerSource=EVDS, requestSource=BINANCE
2026-05-07 10:09:58.314 INFO  [scheduling-1] MarketCacheTtlPolicy requestId= userId= method= uri= status= durationMs= - Market cache ttl resolved: source=BINANCE, ttl=PT2M
2026-05-07 10:09:58.315 INFO  [scheduling-1] MarketCacheService requestId= userId= method= uri= status= durationMs= - Market cache write: source=BINANCE, key=market:quotes:source:BINANCE, ttl=PT2M
2026-05-07 10:09:58.317 INFO  [scheduling-1] MarketCacheTtlPolicy requestId= userId= method= uri= status= durationMs= - Market cache ttl resolved: source=BINANCE, ttl=PT2M
2026-05-07 10:09:58.317 INFO  [scheduling-1] MarketCacheService requestId= userId= method= uri= status= durationMs= - Market cache write: source=BINANCE, key=market:quotes:symbol:BTCUSDT, ttl=PT2M
2026-05-07 10:09:58.319 INFO  [scheduling-1] MarketCacheTtlPolicy requestId= userId= method= uri= status= durationMs= - Market cache ttl resolved: source=BINANCE, ttl=PT2M
2026-05-07 10:09:58.320 INFO  [scheduling-1] MarketCacheService requestId= userId= method= uri= status= durationMs= - Market cache write: source=BINANCE, key=market:quotes:symbol:ETHUSDT, ttl=PT2M
2026-05-07 10:09:58.321 INFO  [scheduling-1] MarketCacheTtlPolicy requestId= userId= method= uri= status= durationMs= - Market cache ttl resolved: source=BINANCE, ttl=PT2M
2026-05-07 10:09:58.321 INFO  [scheduling-1] MarketCacheService requestId= userId= method= uri= status= durationMs= - Market cache write: source=BINANCE, key=market:quotes:symbol:BNBUSDT, ttl=PT2M
2026-05-07 10:09:58.323 INFO  [scheduling-1] MarketCacheTtlPolicy requestId= userId= method= uri= status= durationMs= - Market cache ttl resolved: source=BINANCE, ttl=PT2M
2026-05-07 10:09:58.323 INFO  [scheduling-1] MarketCacheService requestId= userId= method= uri= status= durationMs= - Market cache write: source=BINANCE, key=market:quotes:symbol:ADAUSDT, ttl=PT2M
2026-05-07 10:09:58.324 INFO  [scheduling-1] MarketCacheTtlPolicy requestId= userId= method= uri= status= durationMs= - Market cache ttl resolved: source=BINANCE, ttl=PT2M
2026-05-07 10:09:58.324 INFO  [scheduling-1] MarketCacheService requestId= userId= method= uri= status= durationMs= - Market cache write: source=BINANCE, key=market:quotes:symbol:XRPUSDT, ttl=PT2M
2026-05-07 10:09:58.325 INFO  [scheduling-1] MarketCacheTtlPolicy requestId= userId= method= uri= status= durationMs= - Market cache ttl resolved: source=BINANCE, ttl=PT2M
2026-05-07 10:09:58.326 INFO  [scheduling-1] MarketCacheService requestId= userId= method= uri= status= durationMs= - Market cache write: source=BINANCE, key=market:quotes:symbol:DOGEUSDT, ttl=PT2M
2026-05-07 10:09:58.327 INFO  [scheduling-1] MarketCacheTtlPolicy requestId= userId= method= uri= status= durationMs= - Market cache ttl resolved: source=BINANCE, ttl=PT2M
2026-05-07 10:09:58.328 INFO  [scheduling-1] MarketCacheService requestId= userId= method= uri= status= durationMs= - Market cache write: source=BINANCE, key=market:quotes:symbol:SOLUSDT, ttl=PT2M
2026-05-07 10:09:58.330 INFO  [scheduling-1] MarketCacheTtlPolicy requestId= userId= method= uri= status= durationMs= - Market cache ttl resolved: source=BINANCE, ttl=PT2M
2026-05-07 10:09:58.331 INFO  [scheduling-1] MarketCacheService requestId= userId= method= uri= status= durationMs= - Market cache write: source=BINANCE, key=market:quotes:symbol:AVAXUSDT, ttl=PT2M
2026-05-07 10:09:58.333 INFO  [scheduling-1] MarketHistoryService requestId= userId= method= uri= status= durationMs= - Market history persistence candidates: source=BINANCE, receivedCount=0, validatedCount=0, candidateCount=0
2026-05-07 10:09:58.334 INFO  [scheduling-1] MarketHistoryService requestId= userId= method= uri= status= durationMs= - Market history persistence pre-insert: source=BINANCE, candidateCount=0, insertableCount=0
2026-05-07 10:09:58.334 INFO  [scheduling-1] MarketHistoryService requestId= userId= method= uri= status= durationMs= - Market history persistence completed: source=BINANCE, received=0, saved=0, skippedDuplicate=0
2026-05-07 10:09:58.340 INFO  [scheduling-1] MarketCacheTtlPolicy requestId= userId= method= uri= status= durationMs= - Market cache ttl resolved: source=ALL, ttl=PT30M
2026-05-07 10:09:58.341 INFO  [scheduling-1] MarketCacheService requestId= userId= method= uri= status= durationMs= - Market cache write: source=ALL, key=market:quotes:all, ttl=PT30M
2026-05-07 10:09:58.342 INFO  [scheduling-1] MarketCacheTtlPolicy requestId= userId= method= uri= status= durationMs= - Market cache ttl resolved: source=BINANCE, ttl=PT2M
2026-05-07 10:09:58.342 INFO  [scheduling-1] MarketCacheService requestId= userId= method= uri= status= durationMs= - Market cache write: source=BINANCE, key=market:quotes:symbol:BTCUSDT, ttl=PT2M
2026-05-07 10:09:58.343 INFO  [scheduling-1] MarketCacheTtlPolicy requestId= userId= method= uri= status= durationMs= - Market cache ttl resolved: source=BINANCE, ttl=PT2M
2026-05-07 10:09:58.344 INFO  [scheduling-1] MarketCacheService requestId= userId= method= uri= status= durationMs= - Market cache write: source=BINANCE, key=market:quotes:symbol:ETHUSDT, ttl=PT2M
2026-05-07 10:09:58.344 INFO  [scheduling-1] MarketCacheTtlPolicy requestId= userId= method= uri= status= durationMs= - Market cache ttl resolved: source=BINANCE, ttl=PT2M
2026-05-07 10:09:58.345 INFO  [scheduling-1] MarketCacheService requestId= userId= method= uri= status= durationMs= - Market cache write: source=BINANCE, key=market:quotes:symbol:BNBUSDT, ttl=PT2M
2026-05-07 10:09:58.345 INFO  [scheduling-1] MarketCacheTtlPolicy requestId= userId= method= uri= status= durationMs= - Market cache ttl resolved: source=BINANCE, ttl=PT2M
2026-05-07 10:09:58.346 INFO  [scheduling-1] MarketCacheService requestId= userId= method= uri= status= durationMs= - Market cache write: source=BINANCE, key=market:quotes:symbol:ADAUSDT, ttl=PT2M
2026-05-07 10:09:58.346 INFO  [scheduling-1] MarketCacheTtlPolicy requestId= userId= method= uri= status= durationMs= - Market cache ttl resolved: source=BINANCE, ttl=PT2M
2026-05-07 10:09:58.347 INFO  [scheduling-1] MarketCacheService requestId= userId= method= uri= status= durationMs= - Market cache write: source=BINANCE, key=market:quotes:symbol:XRPUSDT, ttl=PT2M
2026-05-07 10:09:58.348 INFO  [scheduling-1] MarketCacheTtlPolicy requestId= userId= method= uri= status= durationMs= - Market cache ttl resolved: source=BINANCE, ttl=PT2M
2026-05-07 10:09:58.349 INFO  [scheduling-1] MarketCacheService requestId= userId= method= uri= status= durationMs= - Market cache write: source=BINANCE, key=market:quotes:symbol:DOGEUSDT, ttl=PT2M
2026-05-07 10:09:58.349 INFO  [scheduling-1] MarketCacheTtlPolicy requestId= userId= method= uri= status= durationMs= - Market cache ttl resolved: source=BINANCE, ttl=PT2M
2026-05-07 10:09:58.350 INFO  [scheduling-1] MarketCacheService requestId= userId= method= uri= status= durationMs= - Market cache write: source=BINANCE, key=market:quotes:symbol:SOLUSDT, ttl=PT2M
2026-05-07 10:09:58.350 INFO  [scheduling-1] MarketCacheTtlPolicy requestId= userId= method= uri= status= durationMs= - Market cache ttl resolved: source=BINANCE, ttl=PT2M
2026-05-07 10:09:58.351 INFO  [scheduling-1] MarketCacheService requestId= userId= method= uri= status= durationMs= - Market cache write: source=BINANCE, key=market:quotes:symbol:AVAXUSDT, ttl=PT2M
2026-05-07 10:09:58.352 INFO  [scheduling-1] MarketCacheTtlPolicy requestId= userId= method= uri= status= durationMs= - Market cache ttl resolved: source=BIST, ttl=PT24H
2026-05-07 10:09:58.352 INFO  [scheduling-1] MarketCacheService requestId= userId= method= uri= status= durationMs= - Market cache write: source=BIST, key=market:quotes:symbol:THYAO, ttl=PT24H
2026-05-07 10:09:58.353 INFO  [scheduling-1] MarketCacheTtlPolicy requestId= userId= method= uri= status= durationMs= - Market cache ttl resolved: source=BIST, ttl=PT24H
2026-05-07 10:09:58.354 INFO  [scheduling-1] MarketCacheService requestId= userId= method= uri= status= durationMs= - Market cache write: source=BIST, key=market:quotes:symbol:ASELS, ttl=PT24H
2026-05-07 10:09:58.355 INFO  [scheduling-1] MarketCacheTtlPolicy requestId= userId= method= uri= status= durationMs= - Market cache ttl resolved: source=BIST, ttl=PT24H
2026-05-07 10:09:58.355 INFO  [scheduling-1] MarketCacheService requestId= userId= method= uri= status= durationMs= - Market cache write: source=BIST, key=market:quotes:symbol:GARAN, ttl=PT24H
2026-05-07 10:09:58.356 INFO  [scheduling-1] MarketCacheTtlPolicy requestId= userId= method= uri= status= durationMs= - Market cache ttl resolved: source=BIST, ttl=PT24H
2026-05-07 10:09:58.356 INFO  [scheduling-1] MarketCacheService requestId= userId= method= uri= status= durationMs= - Market cache write: source=BIST, key=market:quotes:symbol:AKBNK, ttl=PT24H
2026-05-07 10:09:58.357 INFO  [scheduling-1] MarketCacheTtlPolicy requestId= userId= method= uri= status= durationMs= - Market cache ttl resolved: source=BIST, ttl=PT24H
2026-05-07 10:09:58.358 INFO  [scheduling-1] MarketCacheService requestId= userId= method= uri= status= durationMs= - Market cache write: source=BIST, key=market:quotes:symbol:BIMAS, ttl=PT24H
2026-05-07 10:09:58.358 INFO  [scheduling-1] MarketCacheTtlPolicy requestId= userId= method= uri= status= durationMs= - Market cache ttl resolved: source=BIST, ttl=PT24H
2026-05-07 10:09:58.359 INFO  [scheduling-1] MarketCacheService requestId= userId= method= uri= status= durationMs= - Market cache write: source=BIST, key=market:quotes:symbol:KCHOL, ttl=PT24H
2026-05-07 10:09:58.359 INFO  [scheduling-1] MarketCacheTtlPolicy requestId= userId= method= uri= status= durationMs= - Market cache ttl resolved: source=BIST, ttl=PT24H
2026-05-07 10:09:58.360 INFO  [scheduling-1] MarketCacheService requestId= userId= method= uri= status= durationMs= - Market cache write: source=BIST, key=market:quotes:symbol:SAHOL, ttl=PT24H
2026-05-07 10:09:58.360 INFO  [scheduling-1] MarketCacheTtlPolicy requestId= userId= method= uri= status= durationMs= - Market cache ttl resolved: source=BIST, ttl=PT24H
2026-05-07 10:09:58.361 INFO  [scheduling-1] MarketCacheService requestId= userId= method= uri= status= durationMs= - Market cache write: source=BIST, key=market:quotes:symbol:EREGL, ttl=PT24H
2026-05-07 10:09:58.362 INFO  [scheduling-1] MarketCacheTtlPolicy requestId= userId= method= uri= status= durationMs= - Market cache ttl resolved: source=BIST, ttl=PT24H
2026-05-07 10:09:58.362 INFO  [scheduling-1] MarketCacheService requestId= userId= method= uri= status= durationMs= - Market cache write: source=BIST, key=market:quotes:symbol:TUPRS, ttl=PT24H
2026-05-07 10:09:58.363 INFO  [scheduling-1] MarketCacheTtlPolicy requestId= userId= method= uri= status= durationMs= - Market cache ttl resolved: source=BIST, ttl=PT24H
2026-05-07 10:09:58.363 INFO  [scheduling-1] MarketCacheService requestId= userId= method= uri= status= durationMs= - Market cache write: source=BIST, key=market:quotes:symbol:FROTO, ttl=PT24H
2026-05-07 10:09:58.364 INFO  [scheduling-1] MarketCacheTtlPolicy requestId= userId= method= uri= status= durationMs= - Market cache ttl resolved: source=EVDS, ttl=PT6H
2026-05-07 10:09:58.365 INFO  [scheduling-1] MarketCacheService requestId= userId= method= uri= status= durationMs= - Market cache write: source=EVDS, key=market:quotes:symbol:USDTRY, ttl=PT6H
2026-05-07 10:09:58.365 INFO  [scheduling-1] MarketCacheTtlPolicy requestId= userId= method= uri= status= durationMs= - Market cache ttl resolved: source=EVDS, ttl=PT6H
2026-05-07 10:09:58.366 INFO  [scheduling-1] MarketCacheService requestId= userId= method= uri= status= durationMs= - Market cache write: source=EVDS, key=market:quotes:symbol:EURTRY, ttl=PT6H
2026-05-07 10:09:58.367 INFO  [scheduling-1] MarketCacheTtlPolicy requestId= userId= method= uri= status= durationMs= - Market cache ttl resolved: source=EVDS, ttl=PT6H
2026-05-07 10:09:58.367 INFO  [scheduling-1] MarketCacheService requestId= userId= method= uri= status= durationMs= - Market cache write: source=EVDS, key=market:quotes:symbol:GBPTRY, ttl=PT6H
2026-05-07 10:09:58.368 INFO  [scheduling-1] MarketCacheTtlPolicy requestId= userId= method= uri= status= durationMs= - Market cache ttl resolved: source=EVDS, ttl=PT6H
2026-05-07 10:09:58.368 INFO  [scheduling-1] MarketCacheService requestId= userId= method= uri= status= durationMs= - Market cache write: source=EVDS, key=market:quotes:symbol:CHFTRY, ttl=PT6H
2026-05-07 10:09:58.369 INFO  [scheduling-1] MarketCacheTtlPolicy requestId= userId= method= uri= status= durationMs= - Market cache ttl resolved: source=EVDS, ttl=PT6H
2026-05-07 10:09:58.370 INFO  [scheduling-1] MarketCacheService requestId= userId= method= uri= status= durationMs= - Market cache write: source=EVDS, key=market:quotes:symbol:JPYTRY, ttl=PT6H
2026-05-07 10:09:58.370 INFO  [scheduling-1] MarketCacheTtlPolicy requestId= userId= method= uri= status= durationMs= - Market cache ttl resolved: source=EVDS, ttl=PT6H
2026-05-07 10:09:58.371 INFO  [scheduling-1] MarketCacheService requestId= userId= method= uri= status= durationMs= - Market cache write: source=EVDS, key=market:quotes:symbol:AUDTRY, ttl=PT6H
2026-05-07 10:09:58.371 INFO  [scheduling-1] MarketCacheTtlPolicy requestId= userId= method= uri= status= durationMs= - Market cache ttl resolved: source=EVDS, ttl=PT6H
2026-05-07 10:09:58.372 INFO  [scheduling-1] MarketCacheService requestId= userId= method= uri= status= durationMs= - Market cache write: source=EVDS, key=market:quotes:symbol:CNYTRY, ttl=PT6H
2026-05-07 10:09:58.372 INFO  [scheduling-1] MarketCacheTtlPolicy requestId= userId= method= uri= status= durationMs= - Market cache ttl resolved: source=EVDS, ttl=PT6H
2026-05-07 10:09:58.373 INFO  [scheduling-1] MarketCacheService requestId= userId= method= uri= status= durationMs= - Market cache write: source=EVDS, key=market:quotes:symbol:NOKTRY, ttl=PT6H
2026-05-07 10:09:58.373 INFO  [scheduling-1] MarketCacheTtlPolicy requestId= userId= method= uri= status= durationMs= - Market cache ttl resolved: source=EVDS, ttl=PT6H
2026-05-07 10:09:58.374 INFO  [scheduling-1] MarketCacheService requestId= userId= method= uri= status= durationMs= - Market cache write: source=EVDS, key=market:quotes:symbol:SEKTRY, ttl=PT6H
2026-05-07 10:09:58.374 INFO  [scheduling-1] MarketCacheTtlPolicy requestId= userId= method= uri= status= durationMs= - Market cache ttl resolved: source=EVDS, ttl=PT6H
2026-05-07 10:09:58.374 INFO  [scheduling-1] MarketCacheService requestId= userId= method= uri= status= durationMs= - Market cache write: source=EVDS, key=market:quotes:symbol:DKKTRY, ttl=PT6H
2026-05-07 10:09:58.375 INFO  [scheduling-1] MarketCacheTtlPolicy requestId= userId= method= uri= status= durationMs= - Market cache ttl resolved: source=EVDS, ttl=PT6H
2026-05-07 10:09:58.376 INFO  [scheduling-1] MarketCacheService requestId= userId= method= uri= status= durationMs= - Market cache write: source=EVDS, key=market:quotes:symbol:SARTRY, ttl=PT6H
2026-05-07 10:09:58.376 INFO  [scheduling-1] MarketRefreshService requestId= userId= method= uri= status= durationMs= - Market refresh completed: processedQuoteCount=8, historyRecordCount=0, aggregateQuoteCount=29, failedProviderCount=0
2026-05-07 10:09:58.377 INFO  [scheduling-1] MarketRefreshCoordinator requestId= userId= method= uri= status= durationMs= - Market provider refresh completed: source=BINANCE, quoteCount=8
2026-05-07 10:09:58.377 INFO  [scheduling-1] MarketRefreshCoordinator requestId= userId= method= uri= status= durationMs= - Market provider skipped: source=BIST, reason=not-due, refreshMinutes=30
2026-05-07 10:09:58.377 INFO  [scheduling-1] MarketRefreshCoordinator requestId= userId= method= uri= status= durationMs= - Market provider skipped: source=EVDS, reason=not-due, refreshMinutes=15
2026-05-07 10:09:58.577 INFO  [scheduling-1] NewsScheduler requestId= userId= method= uri= status= durationMs= - Scheduled AA_RSS news sync started
2026-05-07 10:10:02.807 DEBUG [http-nio-8080-exec-3] FilterChainProxy requestId=d466daec-df9d-4937-83cb-d25f016c2385 userId= method= uri= status= durationMs= - Securing GET /actuator/prometheus
2026-05-07 10:10:02.810 DEBUG [http-nio-8080-exec-3] AnonymousAuthenticationFilter requestId=d466daec-df9d-4937-83cb-d25f016c2385 userId= method= uri= status= durationMs= - Set SecurityContextHolder to anonymous SecurityContext
2026-05-07 10:10:02.811 DEBUG [http-nio-8080-exec-3] FilterChainProxy requestId=d466daec-df9d-4937-83cb-d25f016c2385 userId= method= uri= status= durationMs= - Secured GET /actuator/prometheus
2026-05-07 10:10:02.816 INFO  [http-nio-8080-exec-3] HttpRequestLoggingFilter requestId=d466daec-df9d-4937-83cb-d25f016c2385 userId= method=GET uri=/actuator/prometheus status=200 durationMs=11 - HTTP request completed
2026-05-07 10:10:12.770 DEBUG [http-nio-8080-exec-4] FilterChainProxy requestId=e104f37c-c6b2-4922-9e7c-462b6fa6d95d userId= method= uri= status= durationMs= - Securing GET /actuator/prometheus
2026-05-07 10:10:12.771 DEBUG [http-nio-8080-exec-4] AnonymousAuthenticationFilter requestId=e104f37c-c6b2-4922-9e7c-462b6fa6d95d userId= method= uri= status= durationMs= - Set SecurityContextHolder to anonymous SecurityContext
2026-05-07 10:10:12.772 DEBUG [http-nio-8080-exec-4] FilterChainProxy requestId=e104f37c-c6b2-4922-9e7c-462b6fa6d95d userId= method= uri= status= durationMs= - Secured GET /actuator/prometheus
2026-05-07 10:10:12.777 INFO  [http-nio-8080-exec-4] HttpRequestLoggingFilter requestId=e104f37c-c6b2-4922-9e7c-462b6fa6d95d userId= method=GET uri=/actuator/prometheus status=200 durationMs=7 - HTTP request completed
2026-05-07 10:10:22.772 DEBUG [http-nio-8080-exec-5] FilterChainProxy requestId=0eedbf4f-d64d-4336-961b-c83682391f67 userId= method= uri= status= durationMs= - Securing GET /actuator/prometheus
2026-05-07 10:10:22.774 DEBUG [http-nio-8080-exec-5] AnonymousAuthenticationFilter requestId=0eedbf4f-d64d-4336-961b-c83682391f67 userId= method= uri= status= durationMs= - Set SecurityContextHolder to anonymous SecurityContext
2026-05-07 10:10:22.775 DEBUG [http-nio-8080-exec-5] FilterChainProxy requestId=0eedbf4f-d64d-4336-961b-c83682391f67 userId= method= uri= status= durationMs= - Secured GET /actuator/prometheus
2026-05-07 10:10:22.780 INFO  [http-nio-8080-exec-5] HttpRequestLoggingFilter requestId=0eedbf4f-d64d-4336-961b-c83682391f67 userId= method=GET uri=/actuator/prometheus status=200 durationMs=9 - HTTP request completed
2026-05-07 10:10:32.770 DEBUG [http-nio-8080-exec-6] FilterChainProxy requestId=7f9160fa-882f-467a-8aef-6bb986bbdfaa userId= method= uri= status= durationMs= - Securing GET /actuator/prometheus
2026-05-07 10:10:32.772 DEBUG [http-nio-8080-exec-6] AnonymousAuthenticationFilter requestId=7f9160fa-882f-467a-8aef-6bb986bbdfaa userId= method= uri= status= durationMs= - Set SecurityContextHolder to anonymous SecurityContext
2026-05-07 10:10:32.773 DEBUG [http-nio-8080-exec-6] FilterChainProxy requestId=7f9160fa-882f-467a-8aef-6bb986bbdfaa userId= method= uri= status= durationMs= - Secured GET /actuator/prometheus
2026-05-07 10:10:32.776 INFO  [http-nio-8080-exec-6] HttpRequestLoggingFilter requestId=7f9160fa-882f-467a-8aef-6bb986bbdfaa userId= method=GET uri=/actuator/prometheus status=200 durationMs=6 - HTTP request completed
2026-05-07 10:10:37.215 DEBUG [scheduling-1] AaRssNewsClient requestId= userId= method= uri= status= durationMs= - AA article image enrichment failed. url: https://www.aa.com.tr/tr/ekonomi/turkiye-suudi-arabistan-arasinda-ekonomik-isbirligini-guclendirmeye-yonelik-protokol-imzalandi/3929226
org.springframework.web.client.ResourceAccessException: I/O error on GET request for "https://www.aa.com.tr/tr/ekonomi/turkiye-suudi-arabistan-arasinda-ekonomik-isbirligini-guclendirmeye-yonelik-protokol-imzalandi/3929226": Read timed out
	at org.springframework.web.client.RestTemplate.createResourceAccessException(RestTemplate.java:926)
	at org.springframework.web.client.RestTemplate.doExecute(RestTemplate.java:906)
	at org.springframework.web.client.RestTemplate.execute(RestTemplate.java:801)
	at org.springframework.web.client.RestTemplate.exchange(RestTemplate.java:683)
	at com.emrehalli.financeportal.news.provider.aa.client.AaRssNewsClient.resolveImageUrl(AaRssNewsClient.java:198)
	at com.emrehalli.financeportal.news.provider.aa.client.AaRssNewsClient.parseXmlFeed(AaRssNewsClient.java:113)
	at com.emrehalli.financeportal.news.provider.aa.client.AaRssNewsClient.parse(AaRssNewsClient.java:76)
	at com.emrehalli.financeportal.news.provider.aa.client.AaRssNewsClient.fetchEconomyNews(AaRssNewsClient.java:54)
	at com.emrehalli.financeportal.news.provider.aa.AaRssNewsProvider.fetchLatestNews(AaRssNewsProvider.java:32)
	at com.emrehalli.financeportal.news.service.NewsService.syncSingleProvider(NewsService.java:195)
	at com.emrehalli.financeportal.news.service.NewsService.syncProvider(NewsService.java:150)
	at java.base/jdk.internal.reflect.DirectMethodHandleAccessor.invoke(Unknown Source)
	at java.base/java.lang.reflect.Method.invoke(Unknown Source)
	at org.springframework.aop.support.AopUtils.invokeJoinpointUsingReflection(AopUtils.java:360)
	at org.springframework.aop.framework.ReflectiveMethodInvocation.invokeJoinpoint(ReflectiveMethodInvocation.java:196)
	at org.springframework.aop.framework.ReflectiveMethodInvocation.proceed(ReflectiveMethodInvocation.java:163)
	at org.springframework.transaction.interceptor.TransactionAspectSupport.invokeWithinTransaction(TransactionAspectSupport.java:380)
	at org.springframework.transaction.interceptor.TransactionInterceptor.invoke(TransactionInterceptor.java:119)
	at org.springframework.aop.framework.ReflectiveMethodInvocation.proceed(ReflectiveMethodInvocation.java:184)
	at org.springframework.aop.framework.CglibAopProxy$DynamicAdvisedInterceptor.intercept(CglibAopProxy.java:728)
	at com.emrehalli.financeportal.news.service.NewsService$$SpringCGLIB$$0.syncProvider(<generated>)
	at com.emrehalli.financeportal.news.scheduler.NewsScheduler.runProviderSync(NewsScheduler.java:56)
	at com.emrehalli.financeportal.news.scheduler.NewsScheduler.syncSecondaryRssProviders(NewsScheduler.java:45)
	at java.base/jdk.internal.reflect.DirectMethodHandleAccessor.invoke(Unknown Source)
	at java.base/java.lang.reflect.Method.invoke(Unknown Source)
	at org.springframework.scheduling.support.ScheduledMethodRunnable.runInternal(ScheduledMethodRunnable.java:130)
	at org.springframework.scheduling.support.ScheduledMethodRunnable.lambda$run$2(ScheduledMethodRunnable.java:124)
	at io.micrometer.observation.Observation.observe(Observation.java:498)
	at org.springframework.scheduling.support.ScheduledMethodRunnable.run(ScheduledMethodRunnable.java:124)
	at org.springframework.scheduling.config.Task$OutcomeTrackingRunnable.run(Task.java:87)
	at org.springframework.scheduling.support.DelegatingErrorHandlingRunnable.run(DelegatingErrorHandlingRunnable.java:54)
	at org.springframework.scheduling.concurrent.ReschedulingRunnable.run(ReschedulingRunnable.java:96)
	at java.base/java.util.concurrent.Executors$RunnableAdapter.call(Unknown Source)
	at java.base/java.util.concurrent.FutureTask.run(Unknown Source)
	at java.base/java.util.concurrent.ScheduledThreadPoolExecutor$ScheduledFutureTask.run(Unknown Source)
	at java.base/java.util.concurrent.ThreadPoolExecutor.runWorker(Unknown Source)
	at java.base/java.util.concurrent.ThreadPoolExecutor$Worker.run(Unknown Source)
	at java.base/java.lang.Thread.run(Unknown Source)
Caused by: java.net.SocketTimeoutException: Read timed out
	at java.base/sun.nio.ch.NioSocketImpl.timedRead(Unknown Source)
	at java.base/sun.nio.ch.NioSocketImpl.implRead(Unknown Source)
	at java.base/sun.nio.ch.NioSocketImpl.read(Unknown Source)
	at java.base/sun.nio.ch.NioSocketImpl$1.read(Unknown Source)
	at java.base/java.net.Socket$SocketInputStream.read(Unknown Source)
	at java.base/sun.security.ssl.SSLSocketInputRecord.read(Unknown Source)
	at java.base/sun.security.ssl.SSLSocketInputRecord.readHeader(Unknown Source)
	at java.base/sun.security.ssl.SSLSocketInputRecord.bytesInCompletePacket(Unknown Source)
	at java.base/sun.security.ssl.SSLSocketImpl.readApplicationRecord(Unknown Source)
	at java.base/sun.security.ssl.SSLSocketImpl$AppInputStream.read(Unknown Source)
	at java.base/java.io.BufferedInputStream.fill(Unknown Source)
	at java.base/java.io.BufferedInputStream.read1(Unknown Source)
	at java.base/java.io.BufferedInputStream.implRead(Unknown Source)
	at java.base/java.io.BufferedInputStream.read(Unknown Source)
	at java.base/sun.net.www.http.HttpClient.parseHTTPHeader(Unknown Source)
	at java.base/sun.net.www.http.HttpClient.parseHTTP(Unknown Source)
	at java.base/sun.net.www.protocol.http.HttpURLConnection.getInputStream0(Unknown Source)
	at java.base/sun.net.www.protocol.http.HttpURLConnection.getInputStream(Unknown Source)
	at java.base/java.net.HttpURLConnection.getResponseCode(Unknown Source)
	at java.base/sun.net.www.protocol.https.HttpsURLConnectionImpl.getResponseCode(Unknown Source)
	at org.springframework.http.client.SimpleClientHttpRequest.executeInternal(SimpleClientHttpRequest.java:88)
	at org.springframework.http.client.AbstractStreamingClientHttpRequest.executeInternal(AbstractStreamingClientHttpRequest.java:88)
	at org.springframework.http.client.AbstractClientHttpRequest.execute(AbstractClientHttpRequest.java:81)
	at org.springframework.web.client.RestTemplate.doExecute(RestTemplate.java:900)
	... 36 more
2026-05-07 10:10:42.166 INFO  [scheduling-1] AaRssNewsClient requestId= userId= method= uri= status= durationMs= - AA feed parsed. url: https://www.aa.com.tr/tr/rss/default?cat=ekonomi, fetched: 30
2026-05-07 10:10:42.192 INFO  [scheduling-1] NewsService requestId= userId= method= uri= status= durationMs= - News persistence completed. provider: AA_RSS, fetched: 30, valid: 30, invalid: 0, duplicate: 0, existing: 0, saved: 30, invalidBecauseMissingTitle: 0, invalidBecauseMissingUrl: 0, invalidBecauseMissingSource: 0, invalidBecauseMissingExternalId: 0, invalidBecauseMissingDate: 0
2026-05-07 10:10:42.193 INFO  [scheduling-1] NewsService requestId= userId= method= uri= status= durationMs=43683 - News sync stats. provider: AA_RSS, fetched: 30, valid: 30, invalid: 0, duplicate: 0, existing: 0, saved: 30, parseSuccessRatio: 1.00, durationMs: 43683
2026-05-07 10:10:42.196 INFO  [scheduling-1] NewsScheduler requestId= userId= method= uri= status= durationMs= - Scheduled AA_RSS sync completed. provider: AA_RSS, fetched: 30, saved: 30, existing: 0, invalid: 0
2026-05-07 10:10:42.735 DEBUG [http-nio-8080-exec-7] FilterChainProxy requestId=59ad083f-eb29-4f34-8eac-ab57ab7f5b62 userId= method= uri= status= durationMs= - Securing GET /actuator/prometheus
2026-05-07 10:10:42.737 DEBUG [http-nio-8080-exec-7] AnonymousAuthenticationFilter requestId=59ad083f-eb29-4f34-8eac-ab57ab7f5b62 userId= method= uri= status= durationMs= - Set SecurityContextHolder to anonymous SecurityContext
2026-05-07 10:10:42.738 DEBUG [http-nio-8080-exec-7] FilterChainProxy requestId=59ad083f-eb29-4f34-8eac-ab57ab7f5b62 userId= method= uri= status= durationMs= - Secured GET /actuator/prometheus
2026-05-07 10:10:42.742 INFO  [http-nio-8080-exec-7] HttpRequestLoggingFilter requestId=59ad083f-eb29-4f34-8eac-ab57ab7f5b62 userId= method=GET uri=/actuator/prometheus status=200 durationMs=7 - HTTP request completed
2026-05-07 10:10:52.736 DEBUG [http-nio-8080-exec-8] FilterChainProxy requestId=27263ec8-8f85-4924-af4a-e3aba3e441a1 userId= method= uri= status= durationMs= - Securing GET /actuator/prometheus
2026-05-07 10:10:52.737 DEBUG [http-nio-8080-exec-8] AnonymousAuthenticationFilter requestId=27263ec8-8f85-4924-af4a-e3aba3e441a1 userId= method= uri= status= durationMs= - Set SecurityContextHolder to anonymous SecurityContext
2026-05-07 10:10:52.740 DEBUG [http-nio-8080-exec-8] FilterChainProxy requestId=27263ec8-8f85-4924-af4a-e3aba3e441a1 userId= method= uri= status= durationMs= - Secured GET /actuator/prometheus
2026-05-07 10:10:52.744 INFO  [http-nio-8080-exec-8] HttpRequestLoggingFilter requestId=27263ec8-8f85-4924-af4a-e3aba3e441a1 userId= method=GET uri=/actuator/prometheus status=200 durationMs=8 - HTTP request completed
2026-05-07 10:11:02.735 DEBUG [http-nio-8080-exec-9] FilterChainProxy requestId=1b8a0fe8-ba4b-4bda-a298-1f83d5ed97e0 userId= method= uri= status= durationMs= - Securing GET /actuator/prometheus
2026-05-07 10:11:02.736 DEBUG [http-nio-8080-exec-9] AnonymousAuthenticationFilter requestId=1b8a0fe8-ba4b-4bda-a298-1f83d5ed97e0 userId= method= uri= status= durationMs= - Set SecurityContextHolder to anonymous SecurityContext
2026-05-07 10:11:02.738 DEBUG [http-nio-8080-exec-9] FilterChainProxy requestId=1b8a0fe8-ba4b-4bda-a298-1f83d5ed97e0 userId= method= uri= status= durationMs= - Secured GET /actuator/prometheus
2026-05-07 10:11:02.741 INFO  [http-nio-8080-exec-9] HttpRequestLoggingFilter requestId=1b8a0fe8-ba4b-4bda-a298-1f83d5ed97e0 userId= method=GET uri=/actuator/prometheus status=200 durationMs=6 - HTTP request completed
2026-05-07 10:11:12.701 DEBUG [http-nio-8080-exec-10] FilterChainProxy requestId=ba08ac5a-004e-4bec-897f-76eedfec22b8 userId= method= uri= status= durationMs= - Securing GET /actuator/prometheus
2026-05-07 10:11:12.703 DEBUG [http-nio-8080-exec-10] AnonymousAuthenticationFilter requestId=ba08ac5a-004e-4bec-897f-76eedfec22b8 userId= method= uri= status= durationMs= - Set SecurityContextHolder to anonymous SecurityContext
2026-05-07 10:11:12.704 DEBUG [http-nio-8080-exec-10] FilterChainProxy requestId=ba08ac5a-004e-4bec-897f-76eedfec22b8 userId= method= uri= status= durationMs= - Secured GET /actuator/prometheus
2026-05-07 10:11:12.708 INFO  [http-nio-8080-exec-10] HttpRequestLoggingFilter requestId=ba08ac5a-004e-4bec-897f-76eedfec22b8 userId= method=GET uri=/actuator/prometheus status=200 durationMs=7 - HTTP request completed
2026-05-07 10:11:22.701 DEBUG [http-nio-8080-exec-1] FilterChainProxy requestId=83e4ae2d-cdcd-47fb-8796-dcc2a45b4cc9 userId= method= uri= status= durationMs= - Securing GET /actuator/prometheus
2026-05-07 10:11:22.703 DEBUG [http-nio-8080-exec-1] AnonymousAuthenticationFilter requestId=83e4ae2d-cdcd-47fb-8796-dcc2a45b4cc9 userId= method= uri= status= durationMs= - Set SecurityContextHolder to anonymous SecurityContext
2026-05-07 10:11:22.705 DEBUG [http-nio-8080-exec-1] FilterChainProxy requestId=83e4ae2d-cdcd-47fb-8796-dcc2a45b4cc9 userId= method= uri= status= durationMs= - Secured GET /actuator/prometheus
2026-05-07 10:11:22.709 INFO  [http-nio-8080-exec-1] HttpRequestLoggingFilter requestId=83e4ae2d-cdcd-47fb-8796-dcc2a45b4cc9 userId= method=GET uri=/actuator/prometheus status=200 durationMs=8 - HTTP request completed
2026-05-07 10:11:32.700 DEBUG [http-nio-8080-exec-2] FilterChainProxy requestId=0b5f448e-4611-44f9-a703-e1cbf8d2f7ea userId= method= uri= status= durationMs= - Securing GET /actuator/prometheus
2026-05-07 10:11:32.701 DEBUG [http-nio-8080-exec-2] AnonymousAuthenticationFilter requestId=0b5f448e-4611-44f9-a703-e1cbf8d2f7ea userId= method= uri= status= durationMs= - Set SecurityContextHolder to anonymous SecurityContext
2026-05-07 10:11:32.702 DEBUG [http-nio-8080-exec-2] FilterChainProxy requestId=0b5f448e-4611-44f9-a703-e1cbf8d2f7ea userId= method= uri= status= durationMs= - Secured GET /actuator/prometheus
2026-05-07 10:11:32.706 INFO  [http-nio-8080-exec-2] HttpRequestLoggingFilter requestId=0b5f448e-4611-44f9-a703-e1cbf8d2f7ea userId= method=GET uri=/actuator/prometheus status=200 durationMs=6 - HTTP request completed
2026-05-07 10:11:42.666 DEBUG [http-nio-8080-exec-3] FilterChainProxy requestId=3b9ac7a6-5387-46dd-996f-d621a791051c userId= method= uri= status= durationMs= - Securing GET /actuator/prometheus
2026-05-07 10:11:42.668 DEBUG [http-nio-8080-exec-3] AnonymousAuthenticationFilter requestId=3b9ac7a6-5387-46dd-996f-d621a791051c userId= method= uri= status= durationMs= - Set SecurityContextHolder to anonymous SecurityContext
2026-05-07 10:11:42.669 DEBUG [http-nio-8080-exec-3] FilterChainProxy requestId=3b9ac7a6-5387-46dd-996f-d621a791051c userId= method= uri= status= durationMs= - Secured GET /actuator/prometheus
2026-05-07 10:11:42.673 INFO  [http-nio-8080-exec-3] HttpRequestLoggingFilter requestId=3b9ac7a6-5387-46dd-996f-d621a791051c userId= method=GET uri=/actuator/prometheus status=200 durationMs=8 - HTTP request completed
2026-05-07 10:11:52.666 DEBUG [http-nio-8080-exec-4] FilterChainProxy requestId=70c115e9-9e6d-4fca-818a-02168f2fd968 userId= method= uri= status= durationMs= - Securing GET /actuator/prometheus
2026-05-07 10:11:52.669 DEBUG [http-nio-8080-exec-4] AnonymousAuthenticationFilter requestId=70c115e9-9e6d-4fca-818a-02168f2fd968 userId= method= uri= status= durationMs= - Set SecurityContextHolder to anonymous SecurityContext
2026-05-07 10:11:52.671 DEBUG [http-nio-8080-exec-4] FilterChainProxy requestId=70c115e9-9e6d-4fca-818a-02168f2fd968 userId= method= uri= status= durationMs= - Secured GET /actuator/prometheus
2026-05-07 10:11:52.676 INFO  [http-nio-8080-exec-4] HttpRequestLoggingFilter requestId=70c115e9-9e6d-4fca-818a-02168f2fd968 userId= method=GET uri=/actuator/prometheus status=200 durationMs=10 - HTTP request completed
2026-05-07 10:12:02.666 DEBUG [http-nio-8080-exec-5] FilterChainProxy requestId=91d7c876-30c2-4069-a271-5fe53c048035 userId= method= uri= status= durationMs= - Securing GET /actuator/prometheus
2026-05-07 10:12:02.669 DEBUG [http-nio-8080-exec-5] AnonymousAuthenticationFilter requestId=91d7c876-30c2-4069-a271-5fe53c048035 userId= method= uri= status= durationMs= - Set SecurityContextHolder to anonymous SecurityContext
2026-05-07 10:12:02.670 DEBUG [http-nio-8080-exec-5] FilterChainProxy requestId=91d7c876-30c2-4069-a271-5fe53c048035 userId= method= uri= status= durationMs= - Secured GET /actuator/prometheus
2026-05-07 10:12:02.675 INFO  [http-nio-8080-exec-5] HttpRequestLoggingFilter requestId=91d7c876-30c2-4069-a271-5fe53c048035 userId= method=GET uri=/actuator/prometheus status=200 durationMs=9 - HTTP request completed
2026-05-07 10:12:12.630 DEBUG [http-nio-8080-exec-6] FilterChainProxy requestId=34604534-4f03-44a7-ab7c-bcdd2d999f1d userId= method= uri= status= durationMs= - Securing GET /actuator/prometheus
2026-05-07 10:12:12.631 DEBUG [http-nio-8080-exec-6] AnonymousAuthenticationFilter requestId=34604534-4f03-44a7-ab7c-bcdd2d999f1d userId= method= uri= status= durationMs= - Set SecurityContextHolder to anonymous SecurityContext
2026-05-07 10:12:12.632 DEBUG [http-nio-8080-exec-6] FilterChainProxy requestId=34604534-4f03-44a7-ab7c-bcdd2d999f1d userId= method= uri= status= durationMs= - Secured GET /actuator/prometheus
2026-05-07 10:12:12.636 INFO  [http-nio-8080-exec-6] HttpRequestLoggingFilter requestId=34604534-4f03-44a7-ab7c-bcdd2d999f1d userId= method=GET uri=/actuator/prometheus status=200 durationMs=6 - HTTP request completed
2026-05-07 10:12:22.631 DEBUG [http-nio-8080-exec-7] FilterChainProxy requestId=4fcea984-75d3-4fa6-b8f8-8aaa54f55f51 userId= method= uri= status= durationMs= - Securing GET /actuator/prometheus
2026-05-07 10:12:22.634 DEBUG [http-nio-8080-exec-7] AnonymousAuthenticationFilter requestId=4fcea984-75d3-4fa6-b8f8-8aaa54f55f51 userId= method= uri= status= durationMs= - Set SecurityContextHolder to anonymous SecurityContext
2026-05-07 10:12:22.636 DEBUG [http-nio-8080-exec-7] FilterChainProxy requestId=4fcea984-75d3-4fa6-b8f8-8aaa54f55f51 userId= method= uri= status= durationMs= - Secured GET /actuator/prometheus
2026-05-07 10:12:22.640 INFO  [http-nio-8080-exec-7] HttpRequestLoggingFilter requestId=4fcea984-75d3-4fa6-b8f8-8aaa54f55f51 userId= method=GET uri=/actuator/prometheus status=200 durationMs=9 - HTTP request completed
2026-05-07 10:12:32.631 DEBUG [http-nio-8080-exec-8] FilterChainProxy requestId=aecbb442-dd52-481e-b956-f90f62ec3204 userId= method= uri= status= durationMs= - Securing GET /actuator/prometheus
2026-05-07 10:12:32.632 DEBUG [http-nio-8080-exec-8] AnonymousAuthenticationFilter requestId=aecbb442-dd52-481e-b956-f90f62ec3204 userId= method= uri= status= durationMs= - Set SecurityContextHolder to anonymous SecurityContext
2026-05-07 10:12:32.634 DEBUG [http-nio-8080-exec-8] FilterChainProxy requestId=aecbb442-dd52-481e-b956-f90f62ec3204 userId= method= uri= status= durationMs= - Secured GET /actuator/prometheus
2026-05-07 10:12:32.638 INFO  [http-nio-8080-exec-8] HttpRequestLoggingFilter requestId=aecbb442-dd52-481e-b956-f90f62ec3204 userId= method=GET uri=/actuator/prometheus status=200 durationMs=7 - HTTP request completed
2026-05-07 10:12:42.596 DEBUG [http-nio-8080-exec-9] FilterChainProxy requestId=6636627f-09a3-4088-832b-cff061540cd9 userId= method= uri= status= durationMs= - Securing GET /actuator/prometheus
2026-05-07 10:12:42.597 DEBUG [http-nio-8080-exec-9] AnonymousAuthenticationFilter requestId=6636627f-09a3-4088-832b-cff061540cd9 userId= method= uri= status= durationMs= - Set SecurityContextHolder to anonymous SecurityContext
2026-05-07 10:12:42.599 DEBUG [http-nio-8080-exec-9] FilterChainProxy requestId=6636627f-09a3-4088-832b-cff061540cd9 userId= method= uri= status= durationMs= - Secured GET /actuator/prometheus
2026-05-07 10:12:42.603 INFO  [http-nio-8080-exec-9] HttpRequestLoggingFilter requestId=6636627f-09a3-4088-832b-cff061540cd9 userId= method=GET uri=/actuator/prometheus status=200 durationMs=7 - HTTP request completed
2026-05-07 10:12:52.596 DEBUG [http-nio-8080-exec-10] FilterChainProxy requestId=5d052f3f-59d2-42dc-9788-f17bee1abac0 userId= method= uri= status= durationMs= - Securing GET /actuator/prometheus
2026-05-07 10:12:52.598 DEBUG [http-nio-8080-exec-10] AnonymousAuthenticationFilter requestId=5d052f3f-59d2-42dc-9788-f17bee1abac0 userId= method= uri= status= durationMs= - Set SecurityContextHolder to anonymous SecurityContext
2026-05-07 10:12:52.600 DEBUG [http-nio-8080-exec-10] FilterChainProxy requestId=5d052f3f-59d2-42dc-9788-f17bee1abac0 userId= method= uri= status= durationMs= - Secured GET /actuator/prometheus
2026-05-07 10:12:52.605 INFO  [http-nio-8080-exec-10] HttpRequestLoggingFilter requestId=5d052f3f-59d2-42dc-9788-f17bee1abac0 userId= method=GET uri=/actuator/prometheus status=200 durationMs=9 - HTTP request completed
2026-05-07 10:13:02.595 DEBUG [http-nio-8080-exec-1] FilterChainProxy requestId=45c6da78-6362-412c-ac26-1fe99b463733 userId= method= uri= status= durationMs= - Securing GET /actuator/prometheus
2026-05-07 10:13:02.597 DEBUG [http-nio-8080-exec-1] AnonymousAuthenticationFilter requestId=45c6da78-6362-412c-ac26-1fe99b463733 userId= method= uri= status= durationMs= - Set SecurityContextHolder to anonymous SecurityContext
2026-05-07 10:13:02.598 DEBUG [http-nio-8080-exec-1] FilterChainProxy requestId=45c6da78-6362-412c-ac26-1fe99b463733 userId= method= uri= status= durationMs= - Secured GET /actuator/prometheus
2026-05-07 10:13:02.602 INFO  [http-nio-8080-exec-1] HttpRequestLoggingFilter requestId=45c6da78-6362-412c-ac26-1fe99b463733 userId= method=GET uri=/actuator/prometheus status=200 durationMs=7 - HTTP request completed
2026-05-07 10:13:12.561 DEBUG [http-nio-8080-exec-2] FilterChainProxy requestId=62b4459d-e1c2-47d2-ac09-c4067be41bb9 userId= method= uri= status= durationMs= - Securing GET /actuator/prometheus
2026-05-07 10:13:12.563 DEBUG [http-nio-8080-exec-2] AnonymousAuthenticationFilter requestId=62b4459d-e1c2-47d2-ac09-c4067be41bb9 userId= method= uri= status= durationMs= - Set SecurityContextHolder to anonymous SecurityContext
2026-05-07 10:13:12.565 DEBUG [http-nio-8080-exec-2] FilterChainProxy requestId=62b4459d-e1c2-47d2-ac09-c4067be41bb9 userId= method= uri= status= durationMs= - Secured GET /actuator/prometheus
2026-05-07 10:13:12.569 INFO  [http-nio-8080-exec-2] HttpRequestLoggingFilter requestId=62b4459d-e1c2-47d2-ac09-c4067be41bb9 userId= method=GET uri=/actuator/prometheus status=200 durationMs=8 - HTTP request completed
2026-05-07 10:13:22.562 DEBUG [http-nio-8080-exec-3] FilterChainProxy requestId=8ad29edd-8afb-4b25-bbef-a5a69f083bb5 userId= method= uri= status= durationMs= - Securing GET /actuator/prometheus
2026-05-07 10:13:22.564 DEBUG [http-nio-8080-exec-3] AnonymousAuthenticationFilter requestId=8ad29edd-8afb-4b25-bbef-a5a69f083bb5 userId= method= uri= status= durationMs= - Set SecurityContextHolder to anonymous SecurityContext
2026-05-07 10:13:22.566 DEBUG [http-nio-8080-exec-3] FilterChainProxy requestId=8ad29edd-8afb-4b25-bbef-a5a69f083bb5 userId= method= uri= status= durationMs= - Secured GET /actuator/prometheus
2026-05-07 10:13:22.571 INFO  [http-nio-8080-exec-3] HttpRequestLoggingFilter requestId=8ad29edd-8afb-4b25-bbef-a5a69f083bb5 userId= method=GET uri=/actuator/prometheus status=200 durationMs=9 - HTTP request completed
2026-05-07 10:13:32.561 DEBUG [http-nio-8080-exec-4] FilterChainProxy requestId=008838db-a293-4355-a21f-648d8a1744a0 userId= method= uri= status= durationMs= - Securing GET /actuator/prometheus
2026-05-07 10:13:32.563 DEBUG [http-nio-8080-exec-4] AnonymousAuthenticationFilter requestId=008838db-a293-4355-a21f-648d8a1744a0 userId= method= uri= status= durationMs= - Set SecurityContextHolder to anonymous SecurityContext
2026-05-07 10:13:32.564 DEBUG [http-nio-8080-exec-4] FilterChainProxy requestId=008838db-a293-4355-a21f-648d8a1744a0 userId= method= uri= status= durationMs= - Secured GET /actuator/prometheus
2026-05-07 10:13:32.568 INFO  [http-nio-8080-exec-4] HttpRequestLoggingFilter requestId=008838db-a293-4355-a21f-648d8a1744a0 userId= method=GET uri=/actuator/prometheus status=200 durationMs=6 - HTTP request completed
2026-05-07 10:13:42.528 DEBUG [http-nio-8080-exec-5] FilterChainProxy requestId=a97f7ada-f8b3-4da1-ba23-039f2f5dfec3 userId= method= uri= status= durationMs= - Securing GET /actuator/prometheus
2026-05-07 10:13:42.531 DEBUG [http-nio-8080-exec-5] AnonymousAuthenticationFilter requestId=a97f7ada-f8b3-4da1-ba23-039f2f5dfec3 userId= method= uri= status= durationMs= - Set SecurityContextHolder to anonymous SecurityContext
2026-05-07 10:13:42.533 DEBUG [http-nio-8080-exec-5] FilterChainProxy requestId=a97f7ada-f8b3-4da1-ba23-039f2f5dfec3 userId= method= uri= status= durationMs= - Secured GET /actuator/prometheus
2026-05-07 10:13:42.538 INFO  [http-nio-8080-exec-5] HttpRequestLoggingFilter requestId=a97f7ada-f8b3-4da1-ba23-039f2f5dfec3 userId= method=GET uri=/actuator/prometheus status=200 durationMs=9 - HTTP request completed
2026-05-07 10:13:52.528 DEBUG [http-nio-8080-exec-6] FilterChainProxy requestId=f76cea26-3e8b-491f-9870-66b9c86d442a userId= method= uri= status= durationMs= - Securing GET /actuator/prometheus
2026-05-07 10:13:52.530 DEBUG [http-nio-8080-exec-6] AnonymousAuthenticationFilter requestId=f76cea26-3e8b-491f-9870-66b9c86d442a userId= method= uri= status= durationMs= - Set SecurityContextHolder to anonymous SecurityContext
2026-05-07 10:13:52.531 DEBUG [http-nio-8080-exec-6] FilterChainProxy requestId=f76cea26-3e8b-491f-9870-66b9c86d442a userId= method= uri= status= durationMs= - Secured GET /actuator/prometheus
2026-05-07 10:13:52.535 INFO  [http-nio-8080-exec-6] HttpRequestLoggingFilter requestId=f76cea26-3e8b-491f-9870-66b9c86d442a userId= method=GET uri=/actuator/prometheus status=200 durationMs=7 - HTTP request completed
2026-05-07 10:14:02.527 DEBUG [http-nio-8080-exec-7] FilterChainProxy requestId=325790b5-b94b-4c09-bdb3-9b64fff6b93e userId= method= uri= status= durationMs= - Securing GET /actuator/prometheus
2026-05-07 10:14:02.528 DEBUG [http-nio-8080-exec-7] AnonymousAuthenticationFilter requestId=325790b5-b94b-4c09-bdb3-9b64fff6b93e userId= method= uri= status= durationMs= - Set SecurityContextHolder to anonymous SecurityContext
2026-05-07 10:14:02.529 DEBUG [http-nio-8080-exec-7] FilterChainProxy requestId=325790b5-b94b-4c09-bdb3-9b64fff6b93e userId= method= uri= status= durationMs= - Secured GET /actuator/prometheus
2026-05-07 10:14:02.533 INFO  [http-nio-8080-exec-7] HttpRequestLoggingFilter requestId=325790b5-b94b-4c09-bdb3-9b64fff6b93e userId= method=GET uri=/actuator/prometheus status=200 durationMs=6 - HTTP request completed
2026-05-07 10:14:12.493 DEBUG [http-nio-8080-exec-8] FilterChainProxy requestId=87f932c8-92a9-452c-a1fa-eb9d9a6c3bdb userId= method= uri= status= durationMs= - Securing GET /actuator/prometheus
2026-05-07 10:14:12.495 DEBUG [http-nio-8080-exec-8] AnonymousAuthenticationFilter requestId=87f932c8-92a9-452c-a1fa-eb9d9a6c3bdb userId= method= uri= status= durationMs= - Set SecurityContextHolder to anonymous SecurityContext
2026-05-07 10:14:12.497 DEBUG [http-nio-8080-exec-8] FilterChainProxy requestId=87f932c8-92a9-452c-a1fa-eb9d9a6c3bdb userId= method= uri= status= durationMs= - Secured GET /actuator/prometheus
2026-05-07 10:14:12.501 INFO  [http-nio-8080-exec-8] HttpRequestLoggingFilter requestId=87f932c8-92a9-452c-a1fa-eb9d9a6c3bdb userId= method=GET uri=/actuator/prometheus status=200 durationMs=8 - HTTP request completed
2026-05-07 10:14:22.494 DEBUG [http-nio-8080-exec-9] FilterChainProxy requestId=2f659c3a-ec05-4fc5-a83c-dd9fd81603d3 userId= method= uri= status= durationMs= - Securing GET /actuator/prometheus
2026-05-07 10:14:22.497 DEBUG [http-nio-8080-exec-9] AnonymousAuthenticationFilter requestId=2f659c3a-ec05-4fc5-a83c-dd9fd81603d3 userId= method= uri= status= durationMs= - Set SecurityContextHolder to anonymous SecurityContext
2026-05-07 10:14:22.499 DEBUG [http-nio-8080-exec-9] FilterChainProxy requestId=2f659c3a-ec05-4fc5-a83c-dd9fd81603d3 userId= method= uri= status= durationMs= - Secured GET /actuator/prometheus
2026-05-07 10:14:22.504 INFO  [http-nio-8080-exec-9] HttpRequestLoggingFilter requestId=2f659c3a-ec05-4fc5-a83c-dd9fd81603d3 userId= method=GET uri=/actuator/prometheus status=200 durationMs=10 - HTTP request completed
2026-05-07 10:14:32.494 DEBUG [http-nio-8080-exec-10] FilterChainProxy requestId=b79054be-7945-4a1f-b279-ff6324b60da9 userId= method= uri= status= durationMs= - Securing GET /actuator/prometheus
2026-05-07 10:14:32.497 DEBUG [http-nio-8080-exec-10] AnonymousAuthenticationFilter requestId=b79054be-7945-4a1f-b279-ff6324b60da9 userId= method= uri= status= durationMs= - Set SecurityContextHolder to anonymous SecurityContext
2026-05-07 10:14:32.498 DEBUG [http-nio-8080-exec-10] FilterChainProxy requestId=b79054be-7945-4a1f-b279-ff6324b60da9 userId= method= uri= status= durationMs= - Secured GET /actuator/prometheus
2026-05-07 10:14:32.503 INFO  [http-nio-8080-exec-10] HttpRequestLoggingFilter requestId=b79054be-7945-4a1f-b279-ff6324b60da9 userId= method=GET uri=/actuator/prometheus status=200 durationMs=9 - HTTP request completed
2026-05-07 10:14:42.461 DEBUG [http-nio-8080-exec-1] FilterChainProxy requestId=3e362b89-6c1c-4097-adc1-967eb030f976 userId= method= uri= status= durationMs= - Securing GET /actuator/prometheus
2026-05-07 10:14:42.463 DEBUG [http-nio-8080-exec-1] AnonymousAuthenticationFilter requestId=3e362b89-6c1c-4097-adc1-967eb030f976 userId= method= uri= status= durationMs= - Set SecurityContextHolder to anonymous SecurityContext
2026-05-07 10:14:42.465 DEBUG [http-nio-8080-exec-1] FilterChainProxy requestId=3e362b89-6c1c-4097-adc1-967eb030f976 userId= method= uri= status= durationMs= - Secured GET /actuator/prometheus
2026-05-07 10:14:42.470 INFO  [http-nio-8080-exec-1] HttpRequestLoggingFilter requestId=3e362b89-6c1c-4097-adc1-967eb030f976 userId= method=GET uri=/actuator/prometheus status=200 durationMs=10 - HTTP request completed
2026-05-07 10:14:52.458 DEBUG [http-nio-8080-exec-2] FilterChainProxy requestId=550b686c-bddc-41ff-b1b9-1b6252587d46 userId= method= uri= status= durationMs= - Securing GET /actuator/prometheus
2026-05-07 10:14:52.461 DEBUG [http-nio-8080-exec-2] AnonymousAuthenticationFilter requestId=550b686c-bddc-41ff-b1b9-1b6252587d46 userId= method= uri= status= durationMs= - Set SecurityContextHolder to anonymous SecurityContext
2026-05-07 10:14:52.462 DEBUG [http-nio-8080-exec-2] FilterChainProxy requestId=550b686c-bddc-41ff-b1b9-1b6252587d46 userId= method= uri= status= durationMs= - Secured GET /actuator/prometheus
2026-05-07 10:14:52.467 INFO  [http-nio-8080-exec-2] HttpRequestLoggingFilter requestId=550b686c-bddc-41ff-b1b9-1b6252587d46 userId= method=GET uri=/actuator/prometheus status=200 durationMs=9 - HTTP request completed
2026-05-07 10:14:58.031 INFO  [scheduling-1] MarketRefreshScheduler requestId= userId= method= uri= status= durationMs= - Market refresh scheduler tick started
2026-05-07 10:14:58.091 INFO  [scheduling-1] MarketRefreshCoordinator requestId= userId= method= uri= status= durationMs= - Market refresh coordinator evaluating providers: sources=[BINANCE, BIST, EVDS]
2026-05-07 10:14:58.092 INFO  [scheduling-1] MarketRefreshCoordinator requestId= userId= method= uri= status= durationMs= - Market provider due refresh started: source=BINANCE
2026-05-07 10:14:58.093 INFO  [scheduling-1] ProviderOrchestrationService requestId= userId= method= uri= status= durationMs= - Market provider orchestration started: providerCount=3, sourceFilter=BINANCE
2026-05-07 10:14:58.094 INFO  [scheduling-1] ProviderOrchestrationService requestId= userId= method= uri= status= durationMs= - Market provider refresh started: source=BINANCE
2026-05-07 10:14:58.097 INFO  [scheduling-1] BinanceMarketDataProvider requestId= userId= method= uri= status= durationMs= - Market provider registry resolved: providerSource=BINANCE, registryMappingCount=8, resolvedSymbols=[BTCUSDT, ETHUSDT, BNBUSDT, SOLUSDT, XRPUSDT, ADAUSDT, AVAXUSDT, DOGEUSDT], fallbackToYaml=true
2026-05-07 10:14:58.098 INFO  [scheduling-1] BinanceClient requestId= userId= method= uri= status= durationMs= - Binance client request started: symbolCount=8, uri=https://api.binance.com/api/v3/ticker/24hr?symbols=%5B%22BTCUSDT%22,%22ETHUSDT%22,%22BNBUSDT%22,%22SOLUSDT%22,%22XRPUSDT%22,%22ADAUSDT%22,%22AVAXUSDT%22,%22DOGEUSDT%22%5D
2026-05-07 10:14:58.431 INFO  [scheduling-1] BinanceClient requestId= userId= method= uri= status= durationMs= - Binance client request completed: quoteCount=8
2026-05-07 10:14:58.432 INFO  [scheduling-1] BinanceMarketDataProvider requestId= userId= method= uri= status= durationMs= - Binance provider fetch completed: requestedSymbolCount=8, quoteCount=8, historyRecordCount=0
2026-05-07 10:14:58.433 INFO  [scheduling-1] ProviderOrchestrationService requestId= userId= method= uri= status= durationMs=339 - Market provider refresh completed: source=BINANCE, quoteCount=8, historyRecordCount=0, durationMs=339
2026-05-07 10:14:58.433 INFO  [scheduling-1] ProviderOrchestrationService requestId= userId= method= uri= status= durationMs= - Market provider skipped by supports: providerSource=BIST, requestSource=BINANCE
2026-05-07 10:14:58.434 INFO  [scheduling-1] EvdsMarketDataProvider requestId= userId= method= uri= status= durationMs= - EVDS provider supports evaluated: supported=false, enabled=true, requestSource=BINANCE
2026-05-07 10:14:58.434 INFO  [scheduling-1] ProviderOrchestrationService requestId= userId= method= uri= status= durationMs= - Market provider skipped by supports: providerSource=EVDS, requestSource=BINANCE
2026-05-07 10:14:58.435 INFO  [scheduling-1] MarketCacheTtlPolicy requestId= userId= method= uri= status= durationMs= - Market cache ttl resolved: source=BINANCE, ttl=PT2M
2026-05-07 10:14:58.435 INFO  [scheduling-1] MarketCacheService requestId= userId= method= uri= status= durationMs= - Market cache write: source=BINANCE, key=market:quotes:source:BINANCE, ttl=PT2M
2026-05-07 10:14:58.438 INFO  [scheduling-1] MarketCacheTtlPolicy requestId= userId= method= uri= status= durationMs= - Market cache ttl resolved: source=BINANCE, ttl=PT2M
2026-05-07 10:14:58.438 INFO  [scheduling-1] MarketCacheService requestId= userId= method= uri= status= durationMs= - Market cache write: source=BINANCE, key=market:quotes:symbol:BTCUSDT, ttl=PT2M
2026-05-07 10:14:58.439 INFO  [scheduling-1] MarketCacheTtlPolicy requestId= userId= method= uri= status= durationMs= - Market cache ttl resolved: source=BINANCE, ttl=PT2M
2026-05-07 10:14:58.439 INFO  [scheduling-1] MarketCacheService requestId= userId= method= uri= status= durationMs= - Market cache write: source=BINANCE, key=market:quotes:symbol:ETHUSDT, ttl=PT2M
2026-05-07 10:14:58.440 INFO  [scheduling-1] MarketCacheTtlPolicy requestId= userId= method= uri= status= durationMs= - Market cache ttl resolved: source=BINANCE, ttl=PT2M
2026-05-07 10:14:58.440 INFO  [scheduling-1] MarketCacheService requestId= userId= method= uri= status= durationMs= - Market cache write: source=BINANCE, key=market:quotes:symbol:BNBUSDT, ttl=PT2M
2026-05-07 10:14:58.441 INFO  [scheduling-1] MarketCacheTtlPolicy requestId= userId= method= uri= status= durationMs= - Market cache ttl resolved: source=BINANCE, ttl=PT2M
2026-05-07 10:14:58.442 INFO  [scheduling-1] MarketCacheService requestId= userId= method= uri= status= durationMs= - Market cache write: source=BINANCE, key=market:quotes:symbol:ADAUSDT, ttl=PT2M
2026-05-07 10:14:58.442 INFO  [scheduling-1] MarketCacheTtlPolicy requestId= userId= method= uri= status= durationMs= - Market cache ttl resolved: source=BINANCE, ttl=PT2M
2026-05-07 10:14:58.443 INFO  [scheduling-1] MarketCacheService requestId= userId= method= uri= status= durationMs= - Market cache write: source=BINANCE, key=market:quotes:symbol:XRPUSDT, ttl=PT2M
2026-05-07 10:14:58.444 INFO  [scheduling-1] MarketCacheTtlPolicy requestId= userId= method= uri= status= durationMs= - Market cache ttl resolved: source=BINANCE, ttl=PT2M
2026-05-07 10:14:58.444 INFO  [scheduling-1] MarketCacheService requestId= userId= method= uri= status= durationMs= - Market cache write: source=BINANCE, key=market:quotes:symbol:DOGEUSDT, ttl=PT2M
2026-05-07 10:14:58.445 INFO  [scheduling-1] MarketCacheTtlPolicy requestId= userId= method= uri= status= durationMs= - Market cache ttl resolved: source=BINANCE, ttl=PT2M
2026-05-07 10:14:58.445 INFO  [scheduling-1] MarketCacheService requestId= userId= method= uri= status= durationMs= - Market cache write: source=BINANCE, key=market:quotes:symbol:SOLUSDT, ttl=PT2M
2026-05-07 10:14:58.446 INFO  [scheduling-1] MarketCacheTtlPolicy requestId= userId= method= uri= status= durationMs= - Market cache ttl resolved: source=BINANCE, ttl=PT2M
2026-05-07 10:14:58.447 INFO  [scheduling-1] MarketCacheService requestId= userId= method= uri= status= durationMs= - Market cache write: source=BINANCE, key=market:quotes:symbol:AVAXUSDT, ttl=PT2M
2026-05-07 10:14:58.448 INFO  [scheduling-1] MarketHistoryService requestId= userId= method= uri= status= durationMs= - Market history persistence candidates: source=BINANCE, receivedCount=0, validatedCount=0, candidateCount=0
2026-05-07 10:14:58.448 INFO  [scheduling-1] MarketHistoryService requestId= userId= method= uri= status= durationMs= - Market history persistence pre-insert: source=BINANCE, candidateCount=0, insertableCount=0
2026-05-07 10:14:58.449 INFO  [scheduling-1] MarketHistoryService requestId= userId= method= uri= status= durationMs= - Market history persistence completed: source=BINANCE, received=0, saved=0, skippedDuplicate=0
2026-05-07 10:14:58.451 INFO  [scheduling-1] MarketCacheTtlPolicy requestId= userId= method= uri= status= durationMs= - Market cache ttl resolved: source=ALL, ttl=PT30M
2026-05-07 10:14:58.452 INFO  [scheduling-1] MarketCacheService requestId= userId= method= uri= status= durationMs= - Market cache write: source=ALL, key=market:quotes:all, ttl=PT30M
2026-05-07 10:14:58.453 INFO  [scheduling-1] MarketCacheTtlPolicy requestId= userId= method= uri= status= durationMs= - Market cache ttl resolved: source=BINANCE, ttl=PT2M
2026-05-07 10:14:58.453 INFO  [scheduling-1] MarketCacheService requestId= userId= method= uri= status= durationMs= - Market cache write: source=BINANCE, key=market:quotes:symbol:BTCUSDT, ttl=PT2M
2026-05-07 10:14:58.454 INFO  [scheduling-1] MarketCacheTtlPolicy requestId= userId= method= uri= status= durationMs= - Market cache ttl resolved: source=BINANCE, ttl=PT2M
2026-05-07 10:14:58.454 INFO  [scheduling-1] MarketCacheService requestId= userId= method= uri= status= durationMs= - Market cache write: source=BINANCE, key=market:quotes:symbol:ETHUSDT, ttl=PT2M
2026-05-07 10:14:58.455 INFO  [scheduling-1] MarketCacheTtlPolicy requestId= userId= method= uri= status= durationMs= - Market cache ttl resolved: source=BINANCE, ttl=PT2M
2026-05-07 10:14:58.455 INFO  [scheduling-1] MarketCacheService requestId= userId= method= uri= status= durationMs= - Market cache write: source=BINANCE, key=market:quotes:symbol:BNBUSDT, ttl=PT2M
2026-05-07 10:14:58.456 INFO  [scheduling-1] MarketCacheTtlPolicy requestId= userId= method= uri= status= durationMs= - Market cache ttl resolved: source=BINANCE, ttl=PT2M
2026-05-07 10:14:58.457 INFO  [scheduling-1] MarketCacheService requestId= userId= method= uri= status= durationMs= - Market cache write: source=BINANCE, key=market:quotes:symbol:ADAUSDT, ttl=PT2M
2026-05-07 10:14:58.458 INFO  [scheduling-1] MarketCacheTtlPolicy requestId= userId= method= uri= status= durationMs= - Market cache ttl resolved: source=BINANCE, ttl=PT2M
2026-05-07 10:14:58.458 INFO  [scheduling-1] MarketCacheService requestId= userId= method= uri= status= durationMs= - Market cache write: source=BINANCE, key=market:quotes:symbol:XRPUSDT, ttl=PT2M
2026-05-07 10:14:58.459 INFO  [scheduling-1] MarketCacheTtlPolicy requestId= userId= method= uri= status= durationMs= - Market cache ttl resolved: source=BINANCE, ttl=PT2M
2026-05-07 10:14:58.459 INFO  [scheduling-1] MarketCacheService requestId= userId= method= uri= status= durationMs= - Market cache write: source=BINANCE, key=market:quotes:symbol:DOGEUSDT, ttl=PT2M
2026-05-07 10:14:58.460 INFO  [scheduling-1] MarketCacheTtlPolicy requestId= userId= method= uri= status= durationMs= - Market cache ttl resolved: source=BINANCE, ttl=PT2M
2026-05-07 10:14:58.461 INFO  [scheduling-1] MarketCacheService requestId= userId= method= uri= status= durationMs= - Market cache write: source=BINANCE, key=market:quotes:symbol:SOLUSDT, ttl=PT2M
2026-05-07 10:14:58.462 INFO  [scheduling-1] MarketCacheTtlPolicy requestId= userId= method= uri= status= durationMs= - Market cache ttl resolved: source=BINANCE, ttl=PT2M
2026-05-07 10:14:58.463 INFO  [scheduling-1] MarketCacheService requestId= userId= method= uri= status= durationMs= - Market cache write: source=BINANCE, key=market:quotes:symbol:AVAXUSDT, ttl=PT2M
2026-05-07 10:14:58.464 INFO  [scheduling-1] MarketCacheTtlPolicy requestId= userId= method= uri= status= durationMs= - Market cache ttl resolved: source=BIST, ttl=PT24H
2026-05-07 10:14:58.465 INFO  [scheduling-1] MarketCacheService requestId= userId= method= uri= status= durationMs= - Market cache write: source=BIST, key=market:quotes:symbol:THYAO, ttl=PT24H
2026-05-07 10:14:58.466 INFO  [scheduling-1] MarketCacheTtlPolicy requestId= userId= method= uri= status= durationMs= - Market cache ttl resolved: source=BIST, ttl=PT24H
2026-05-07 10:14:58.467 INFO  [scheduling-1] MarketCacheService requestId= userId= method= uri= status= durationMs= - Market cache write: source=BIST, key=market:quotes:symbol:ASELS, ttl=PT24H
2026-05-07 10:14:58.468 INFO  [scheduling-1] MarketCacheTtlPolicy requestId= userId= method= uri= status= durationMs= - Market cache ttl resolved: source=BIST, ttl=PT24H
2026-05-07 10:14:58.468 INFO  [scheduling-1] MarketCacheService requestId= userId= method= uri= status= durationMs= - Market cache write: source=BIST, key=market:quotes:symbol:GARAN, ttl=PT24H
2026-05-07 10:14:58.469 INFO  [scheduling-1] MarketCacheTtlPolicy requestId= userId= method= uri= status= durationMs= - Market cache ttl resolved: source=BIST, ttl=PT24H
2026-05-07 10:14:58.470 INFO  [scheduling-1] MarketCacheService requestId= userId= method= uri= status= durationMs= - Market cache write: source=BIST, key=market:quotes:symbol:AKBNK, ttl=PT24H
2026-05-07 10:14:58.471 INFO  [scheduling-1] MarketCacheTtlPolicy requestId= userId= method= uri= status= durationMs= - Market cache ttl resolved: source=BIST, ttl=PT24H
2026-05-07 10:14:58.471 INFO  [scheduling-1] MarketCacheService requestId= userId= method= uri= status= durationMs= - Market cache write: source=BIST, key=market:quotes:symbol:BIMAS, ttl=PT24H
2026-05-07 10:14:58.472 INFO  [scheduling-1] MarketCacheTtlPolicy requestId= userId= method= uri= status= durationMs= - Market cache ttl resolved: source=BIST, ttl=PT24H
2026-05-07 10:14:58.472 INFO  [scheduling-1] MarketCacheService requestId= userId= method= uri= status= durationMs= - Market cache write: source=BIST, key=market:quotes:symbol:KCHOL, ttl=PT24H
2026-05-07 10:14:58.473 INFO  [scheduling-1] MarketCacheTtlPolicy requestId= userId= method= uri= status= durationMs= - Market cache ttl resolved: source=BIST, ttl=PT24H
2026-05-07 10:14:58.474 INFO  [scheduling-1] MarketCacheService requestId= userId= method= uri= status= durationMs= - Market cache write: source=BIST, key=market:quotes:symbol:SAHOL, ttl=PT24H
2026-05-07 10:14:58.474 INFO  [scheduling-1] MarketCacheTtlPolicy requestId= userId= method= uri= status= durationMs= - Market cache ttl resolved: source=BIST, ttl=PT24H
2026-05-07 10:14:58.475 INFO  [scheduling-1] MarketCacheService requestId= userId= method= uri= status= durationMs= - Market cache write: source=BIST, key=market:quotes:symbol:EREGL, ttl=PT24H
2026-05-07 10:14:58.476 INFO  [scheduling-1] MarketCacheTtlPolicy requestId= userId= method= uri= status= durationMs= - Market cache ttl resolved: source=BIST, ttl=PT24H
2026-05-07 10:14:58.477 INFO  [scheduling-1] MarketCacheService requestId= userId= method= uri= status= durationMs= - Market cache write: source=BIST, key=market:quotes:symbol:TUPRS, ttl=PT24H
2026-05-07 10:14:58.478 INFO  [scheduling-1] MarketCacheTtlPolicy requestId= userId= method= uri= status= durationMs= - Market cache ttl resolved: source=BIST, ttl=PT24H
2026-05-07 10:14:58.479 INFO  [scheduling-1] MarketCacheService requestId= userId= method= uri= status= durationMs= - Market cache write: source=BIST, key=market:quotes:symbol:FROTO, ttl=PT24H
2026-05-07 10:14:58.480 INFO  [scheduling-1] MarketCacheTtlPolicy requestId= userId= method= uri= status= durationMs= - Market cache ttl resolved: source=EVDS, ttl=PT6H
2026-05-07 10:14:58.480 INFO  [scheduling-1] MarketCacheService requestId= userId= method= uri= status= durationMs= - Market cache write: source=EVDS, key=market:quotes:symbol:USDTRY, ttl=PT6H
2026-05-07 10:14:58.481 INFO  [scheduling-1] MarketCacheTtlPolicy requestId= userId= method= uri= status= durationMs= - Market cache ttl resolved: source=EVDS, ttl=PT6H
2026-05-07 10:14:58.482 INFO  [scheduling-1] MarketCacheService requestId= userId= method= uri= status= durationMs= - Market cache write: source=EVDS, key=market:quotes:symbol:EURTRY, ttl=PT6H
2026-05-07 10:14:58.483 INFO  [scheduling-1] MarketCacheTtlPolicy requestId= userId= method= uri= status= durationMs= - Market cache ttl resolved: source=EVDS, ttl=PT6H
2026-05-07 10:14:58.484 INFO  [scheduling-1] MarketCacheService requestId= userId= method= uri= status= durationMs= - Market cache write: source=EVDS, key=market:quotes:symbol:GBPTRY, ttl=PT6H
2026-05-07 10:14:58.484 INFO  [scheduling-1] MarketCacheTtlPolicy requestId= userId= method= uri= status= durationMs= - Market cache ttl resolved: source=EVDS, ttl=PT6H
2026-05-07 10:14:58.485 INFO  [scheduling-1] MarketCacheService requestId= userId= method= uri= status= durationMs= - Market cache write: source=EVDS, key=market:quotes:symbol:CHFTRY, ttl=PT6H
2026-05-07 10:14:58.486 INFO  [scheduling-1] MarketCacheTtlPolicy requestId= userId= method= uri= status= durationMs= - Market cache ttl resolved: source=EVDS, ttl=PT6H
2026-05-07 10:14:58.486 INFO  [scheduling-1] MarketCacheService requestId= userId= method= uri= status= durationMs= - Market cache write: source=EVDS, key=market:quotes:symbol:JPYTRY, ttl=PT6H
2026-05-07 10:14:58.487 INFO  [scheduling-1] MarketCacheTtlPolicy requestId= userId= method= uri= status= durationMs= - Market cache ttl resolved: source=EVDS, ttl=PT6H
2026-05-07 10:14:58.487 INFO  [scheduling-1] MarketCacheService requestId= userId= method= uri= status= durationMs= - Market cache write: source=EVDS, key=market:quotes:symbol:AUDTRY, ttl=PT6H
2026-05-07 10:14:58.488 INFO  [scheduling-1] MarketCacheTtlPolicy requestId= userId= method= uri= status= durationMs= - Market cache ttl resolved: source=EVDS, ttl=PT6H
2026-05-07 10:14:58.489 INFO  [scheduling-1] MarketCacheService requestId= userId= method= uri= status= durationMs= - Market cache write: source=EVDS, key=market:quotes:symbol:CNYTRY, ttl=PT6H
2026-05-07 10:14:58.490 INFO  [scheduling-1] MarketCacheTtlPolicy requestId= userId= method= uri= status= durationMs= - Market cache ttl resolved: source=EVDS, ttl=PT6H
2026-05-07 10:14:58.491 INFO  [scheduling-1] MarketCacheService requestId= userId= method= uri= status= durationMs= - Market cache write: source=EVDS, key=market:quotes:symbol:NOKTRY, ttl=PT6H
2026-05-07 10:14:58.492 INFO  [scheduling-1] MarketCacheTtlPolicy requestId= userId= method= uri= status= durationMs= - Market cache ttl resolved: source=EVDS, ttl=PT6H
2026-05-07 10:14:58.493 INFO  [scheduling-1] MarketCacheService requestId= userId= method= uri= status= durationMs= - Market cache write: source=EVDS, key=market:quotes:symbol:SEKTRY, ttl=PT6H
2026-05-07 10:14:58.494 INFO  [scheduling-1] MarketCacheTtlPolicy requestId= userId= method= uri= status= durationMs= - Market cache ttl resolved: source=EVDS, ttl=PT6H
2026-05-07 10:14:58.494 INFO  [scheduling-1] MarketCacheService requestId= userId= method= uri= status= durationMs= - Market cache write: source=EVDS, key=market:quotes:symbol:DKKTRY, ttl=PT6H
2026-05-07 10:14:58.495 INFO  [scheduling-1] MarketCacheTtlPolicy requestId= userId= method= uri= status= durationMs= - Market cache ttl resolved: source=EVDS, ttl=PT6H
2026-05-07 10:14:58.496 INFO  [scheduling-1] MarketCacheService requestId= userId= method= uri= status= durationMs= - Market cache write: source=EVDS, key=market:quotes:symbol:SARTRY, ttl=PT6H
2026-05-07 10:14:58.496 INFO  [scheduling-1] MarketRefreshService requestId= userId= method= uri= status= durationMs= - Market refresh completed: processedQuoteCount=8, historyRecordCount=0, aggregateQuoteCount=29, failedProviderCount=0
2026-05-07 10:14:58.497 INFO  [scheduling-1] MarketRefreshCoordinator requestId= userId= method= uri= status= durationMs= - Market provider refresh completed: source=BINANCE, quoteCount=8
2026-05-07 10:14:58.497 INFO  [scheduling-1] MarketRefreshCoordinator requestId= userId= method= uri= status= durationMs= - Market provider due refresh started: source=BIST
2026-05-07 10:14:58.497 INFO  [scheduling-1] ProviderOrchestrationService requestId= userId= method= uri= status= durationMs= - Market provider orchestration started: providerCount=3, sourceFilter=BIST
2026-05-07 10:14:58.498 INFO  [scheduling-1] ProviderOrchestrationService requestId= userId= method= uri= status= durationMs= - Market provider skipped by supports: providerSource=BINANCE, requestSource=BIST
2026-05-07 10:14:58.498 INFO  [scheduling-1] ProviderOrchestrationService requestId= userId= method= uri= status= durationMs= - Market provider refresh started: source=BIST
2026-05-07 10:14:58.501 INFO  [scheduling-1] BistMarketDataProvider requestId= userId= method= uri= status= durationMs= - Market provider registry resolved: providerSource=BIST, registryMappingCount=30, resolvedSymbols=[THYAO.IS, ASELS.IS, GARAN.IS, AKBNK.IS, BIMAS.IS, KCHOL.IS, SAHOL.IS, EREGL.IS, TUPRS.IS, FROTO.IS, SISE.IS, PETKM.IS, PGSUS.IS, TTKOM.IS, KOZAL.IS, ISCTR.IS, YKBNK.IS, HALKB.IS, VAKBN.IS, TCELL.IS, ARCLK.IS, TOASO.IS, DOHOL.IS, ENKAI.IS, MGROS.IS, GUBRF.IS, HEKTS.IS, KRDMD.IS, SASA.IS, ULKER.IS], fallbackToYaml=true
2026-05-07 10:14:58.502 INFO  [scheduling-1] BistMarketDataProvider requestId= userId= method= uri= status= durationMs= - BIST provider fetch started: batchSize=10, startIndex=10, symbols=[SISE.IS, PETKM.IS, PGSUS.IS, TTKOM.IS, KOZAL.IS, ISCTR.IS, YKBNK.IS, HALKB.IS, VAKBN.IS, TCELL.IS]
2026-05-07 10:14:58.502 INFO  [scheduling-1] BistMarketDataProvider requestId= userId= method= uri= status= durationMs= - BIST Yahoo fetch started: batchSize=10, symbols=[SISE.IS, PETKM.IS, PGSUS.IS, TTKOM.IS, KOZAL.IS, ISCTR.IS, YKBNK.IS, HALKB.IS, VAKBN.IS, TCELL.IS]
2026-05-07 10:14:58.503 INFO  [scheduling-1] YahooClient requestId= userId= method= uri= status= durationMs= - BIST Yahoo request started: symbols=[SISE.IS, PETKM.IS, PGSUS.IS, TTKOM.IS, KOZAL.IS, ISCTR.IS, YKBNK.IS, HALKB.IS, VAKBN.IS, TCELL.IS], retried=false
2026-05-07 10:15:00.345 INFO  [scheduling-1] BistMarketDataProvider requestId= userId= method= uri= status= durationMs= - BIST Yahoo fetch completed: requestedSymbolCount=10, quoteCount=9
2026-05-07 10:15:00.346 INFO  [scheduling-1] BistMarketDataProvider requestId= userId= method= uri= status= durationMs= - BIST provider fetch completed: requestedSymbolCount=10, quoteCount=9, historyRecordCount=9
2026-05-07 10:15:00.348 INFO  [scheduling-1] ProviderOrchestrationService requestId= userId= method= uri= status= durationMs=1849 - Market provider refresh completed: source=BIST, quoteCount=9, historyRecordCount=9, durationMs=1849
2026-05-07 10:15:00.348 INFO  [scheduling-1] EvdsMarketDataProvider requestId= userId= method= uri= status= durationMs= - EVDS provider supports evaluated: supported=false, enabled=true, requestSource=BIST
2026-05-07 10:15:00.349 INFO  [scheduling-1] ProviderOrchestrationService requestId= userId= method= uri= status= durationMs= - Market provider skipped by supports: providerSource=EVDS, requestSource=BIST
2026-05-07 10:15:00.352 INFO  [scheduling-1] MarketCacheTtlPolicy requestId= userId= method= uri= status= durationMs= - Market cache ttl resolved: source=BIST, ttl=PT24H
2026-05-07 10:15:00.352 INFO  [scheduling-1] MarketCacheService requestId= userId= method= uri= status= durationMs= - Market cache write: source=BIST, key=market:quotes:source:BIST, ttl=PT24H
2026-05-07 10:15:00.354 INFO  [scheduling-1] MarketCacheTtlPolicy requestId= userId= method= uri= status= durationMs= - Market cache ttl resolved: source=BIST, ttl=PT24H
2026-05-07 10:15:00.355 INFO  [scheduling-1] MarketCacheService requestId= userId= method= uri= status= durationMs= - Market cache write: source=BIST, key=market:quotes:symbol:THYAO, ttl=PT24H
2026-05-07 10:15:00.356 INFO  [scheduling-1] MarketCacheTtlPolicy requestId= userId= method= uri= status= durationMs= - Market cache ttl resolved: source=BIST, ttl=PT24H
2026-05-07 10:15:00.357 INFO  [scheduling-1] MarketCacheService requestId= userId= method= uri= status= durationMs= - Market cache write: source=BIST, key=market:quotes:symbol:ASELS, ttl=PT24H
2026-05-07 10:15:00.358 INFO  [scheduling-1] MarketCacheTtlPolicy requestId= userId= method= uri= status= durationMs= - Market cache ttl resolved: source=BIST, ttl=PT24H
2026-05-07 10:15:00.358 INFO  [scheduling-1] MarketCacheService requestId= userId= method= uri= status= durationMs= - Market cache write: source=BIST, key=market:quotes:symbol:GARAN, ttl=PT24H
2026-05-07 10:15:00.359 INFO  [scheduling-1] MarketCacheTtlPolicy requestId= userId= method= uri= status= durationMs= - Market cache ttl resolved: source=BIST, ttl=PT24H
2026-05-07 10:15:00.360 INFO  [scheduling-1] MarketCacheService requestId= userId= method= uri= status= durationMs= - Market cache write: source=BIST, key=market:quotes:symbol:AKBNK, ttl=PT24H
2026-05-07 10:15:00.361 INFO  [scheduling-1] MarketCacheTtlPolicy requestId= userId= method= uri= status= durationMs= - Market cache ttl resolved: source=BIST, ttl=PT24H
2026-05-07 10:15:00.361 INFO  [scheduling-1] MarketCacheService requestId= userId= method= uri= status= durationMs= - Market cache write: source=BIST, key=market:quotes:symbol:BIMAS, ttl=PT24H
2026-05-07 10:15:00.362 INFO  [scheduling-1] MarketCacheTtlPolicy requestId= userId= method= uri= status= durationMs= - Market cache ttl resolved: source=BIST, ttl=PT24H
2026-05-07 10:15:00.362 INFO  [scheduling-1] MarketCacheService requestId= userId= method= uri= status= durationMs= - Market cache write: source=BIST, key=market:quotes:symbol:KCHOL, ttl=PT24H
2026-05-07 10:15:00.363 INFO  [scheduling-1] MarketCacheTtlPolicy requestId= userId= method= uri= status= durationMs= - Market cache ttl resolved: source=BIST, ttl=PT24H
2026-05-07 10:15:00.364 INFO  [scheduling-1] MarketCacheService requestId= userId= method= uri= status= durationMs= - Market cache write: source=BIST, key=market:quotes:symbol:SAHOL, ttl=PT24H
2026-05-07 10:15:00.366 INFO  [scheduling-1] MarketCacheTtlPolicy requestId= userId= method= uri= status= durationMs= - Market cache ttl resolved: source=BIST, ttl=PT24H
2026-05-07 10:15:00.367 INFO  [scheduling-1] MarketCacheService requestId= userId= method= uri= status= durationMs= - Market cache write: source=BIST, key=market:quotes:symbol:EREGL, ttl=PT24H
2026-05-07 10:15:00.368 INFO  [scheduling-1] MarketCacheTtlPolicy requestId= userId= method= uri= status= durationMs= - Market cache ttl resolved: source=BIST, ttl=PT24H
2026-05-07 10:15:00.369 INFO  [scheduling-1] MarketCacheService requestId= userId= method= uri= status= durationMs= - Market cache write: source=BIST, key=market:quotes:symbol:TUPRS, ttl=PT24H
2026-05-07 10:15:00.370 INFO  [scheduling-1] MarketCacheTtlPolicy requestId= userId= method= uri= status= durationMs= - Market cache ttl resolved: source=BIST, ttl=PT24H
2026-05-07 10:15:00.371 INFO  [scheduling-1] MarketCacheService requestId= userId= method= uri= status= durationMs= - Market cache write: source=BIST, key=market:quotes:symbol:FROTO, ttl=PT24H
2026-05-07 10:15:00.372 INFO  [scheduling-1] MarketCacheTtlPolicy requestId= userId= method= uri= status= durationMs= - Market cache ttl resolved: source=BIST, ttl=PT24H
2026-05-07 10:15:00.372 INFO  [scheduling-1] MarketCacheService requestId= userId= method= uri= status= durationMs= - Market cache write: source=BIST, key=market:quotes:symbol:SISE, ttl=PT24H
2026-05-07 10:15:00.373 INFO  [scheduling-1] MarketCacheTtlPolicy requestId= userId= method= uri= status= durationMs= - Market cache ttl resolved: source=BIST, ttl=PT24H
2026-05-07 10:15:00.374 INFO  [scheduling-1] MarketCacheService requestId= userId= method= uri= status= durationMs= - Market cache write: source=BIST, key=market:quotes:symbol:PETKM, ttl=PT24H
2026-05-07 10:15:00.375 INFO  [scheduling-1] MarketCacheTtlPolicy requestId= userId= method= uri= status= durationMs= - Market cache ttl resolved: source=BIST, ttl=PT24H
2026-05-07 10:15:00.375 INFO  [scheduling-1] MarketCacheService requestId= userId= method= uri= status= durationMs= - Market cache write: source=BIST, key=market:quotes:symbol:PGSUS, ttl=PT24H
2026-05-07 10:15:00.376 INFO  [scheduling-1] MarketCacheTtlPolicy requestId= userId= method= uri= status= durationMs= - Market cache ttl resolved: source=BIST, ttl=PT24H
2026-05-07 10:15:00.377 INFO  [scheduling-1] MarketCacheService requestId= userId= method= uri= status= durationMs= - Market cache write: source=BIST, key=market:quotes:symbol:TTKOM, ttl=PT24H
2026-05-07 10:15:00.377 INFO  [scheduling-1] MarketCacheTtlPolicy requestId= userId= method= uri= status= durationMs= - Market cache ttl resolved: source=BIST, ttl=PT24H
2026-05-07 10:15:00.378 INFO  [scheduling-1] MarketCacheService requestId= userId= method= uri= status= durationMs= - Market cache write: source=BIST, key=market:quotes:symbol:ISCTR, ttl=PT24H
2026-05-07 10:15:00.379 INFO  [scheduling-1] MarketCacheTtlPolicy requestId= userId= method= uri= status= durationMs= - Market cache ttl resolved: source=BIST, ttl=PT24H
2026-05-07 10:15:00.379 INFO  [scheduling-1] MarketCacheService requestId= userId= method= uri= status= durationMs= - Market cache write: source=BIST, key=market:quotes:symbol:YKBNK, ttl=PT24H
2026-05-07 10:15:00.380 INFO  [scheduling-1] MarketCacheTtlPolicy requestId= userId= method= uri= status= durationMs= - Market cache ttl resolved: source=BIST, ttl=PT24H
2026-05-07 10:15:00.381 INFO  [scheduling-1] MarketCacheService requestId= userId= method= uri= status= durationMs= - Market cache write: source=BIST, key=market:quotes:symbol:HALKB, ttl=PT24H
2026-05-07 10:15:00.382 INFO  [scheduling-1] MarketCacheTtlPolicy requestId= userId= method= uri= status= durationMs= - Market cache ttl resolved: source=BIST, ttl=PT24H
2026-05-07 10:15:00.382 INFO  [scheduling-1] MarketCacheService requestId= userId= method= uri= status= durationMs= - Market cache write: source=BIST, key=market:quotes:symbol:VAKBN, ttl=PT24H
2026-05-07 10:15:00.383 INFO  [scheduling-1] MarketCacheTtlPolicy requestId= userId= method= uri= status= durationMs= - Market cache ttl resolved: source=BIST, ttl=PT24H
2026-05-07 10:15:00.384 INFO  [scheduling-1] MarketCacheService requestId= userId= method= uri= status= durationMs= - Market cache write: source=BIST, key=market:quotes:symbol:TCELL, ttl=PT24H
2026-05-07 10:15:00.385 INFO  [scheduling-1] MarketHistoryService requestId= userId= method= uri= status= durationMs= - Market history persistence candidates: source=BIST, receivedCount=9, validatedCount=9, candidateCount=9
2026-05-07 10:15:00.389 INFO  [scheduling-1] MarketHistoryService requestId= userId= method= uri= status= durationMs= - Market history persistence pre-insert: source=BIST, candidateCount=9, insertableCount=0
2026-05-07 10:15:00.390 INFO  [scheduling-1] MarketHistoryService requestId= userId= method= uri= status= durationMs= - Market history persistence completed: source=BIST, received=9, saved=0, skippedDuplicate=9
2026-05-07 10:15:00.393 INFO  [scheduling-1] MarketCacheTtlPolicy requestId= userId= method= uri= status= durationMs= - Market cache ttl resolved: source=ALL, ttl=PT30M
2026-05-07 10:15:00.394 INFO  [scheduling-1] MarketCacheService requestId= userId= method= uri= status= durationMs= - Market cache write: source=ALL, key=market:quotes:all, ttl=PT30M
2026-05-07 10:15:00.395 INFO  [scheduling-1] MarketCacheTtlPolicy requestId= userId= method= uri= status= durationMs= - Market cache ttl resolved: source=BINANCE, ttl=PT2M
2026-05-07 10:15:00.395 INFO  [scheduling-1] MarketCacheService requestId= userId= method= uri= status= durationMs= - Market cache write: source=BINANCE, key=market:quotes:symbol:BTCUSDT, ttl=PT2M
2026-05-07 10:15:00.397 INFO  [scheduling-1] MarketCacheTtlPolicy requestId= userId= method= uri= status= durationMs= - Market cache ttl resolved: source=BINANCE, ttl=PT2M
2026-05-07 10:15:00.397 INFO  [scheduling-1] MarketCacheService requestId= userId= method= uri= status= durationMs= - Market cache write: source=BINANCE, key=market:quotes:symbol:ETHUSDT, ttl=PT2M
2026-05-07 10:15:00.398 INFO  [scheduling-1] MarketCacheTtlPolicy requestId= userId= method= uri= status= durationMs= - Market cache ttl resolved: source=BINANCE, ttl=PT2M
2026-05-07 10:15:00.399 INFO  [scheduling-1] MarketCacheService requestId= userId= method= uri= status= durationMs= - Market cache write: source=BINANCE, key=market:quotes:symbol:BNBUSDT, ttl=PT2M
2026-05-07 10:15:00.399 INFO  [scheduling-1] MarketCacheTtlPolicy requestId= userId= method= uri= status= durationMs= - Market cache ttl resolved: source=BINANCE, ttl=PT2M
2026-05-07 10:15:00.400 INFO  [scheduling-1] MarketCacheService requestId= userId= method= uri= status= durationMs= - Market cache write: source=BINANCE, key=market:quotes:symbol:ADAUSDT, ttl=PT2M
2026-05-07 10:15:00.401 INFO  [scheduling-1] MarketCacheTtlPolicy requestId= userId= method= uri= status= durationMs= - Market cache ttl resolved: source=BINANCE, ttl=PT2M
2026-05-07 10:15:00.401 INFO  [scheduling-1] MarketCacheService requestId= userId= method= uri= status= durationMs= - Market cache write: source=BINANCE, key=market:quotes:symbol:XRPUSDT, ttl=PT2M
2026-05-07 10:15:00.402 INFO  [scheduling-1] MarketCacheTtlPolicy requestId= userId= method= uri= status= durationMs= - Market cache ttl resolved: source=BINANCE, ttl=PT2M
2026-05-07 10:15:00.402 INFO  [scheduling-1] MarketCacheService requestId= userId= method= uri= status= durationMs= - Market cache write: source=BINANCE, key=market:quotes:symbol:DOGEUSDT, ttl=PT2M
2026-05-07 10:15:00.403 INFO  [scheduling-1] MarketCacheTtlPolicy requestId= userId= method= uri= status= durationMs= - Market cache ttl resolved: source=BINANCE, ttl=PT2M
2026-05-07 10:15:00.403 INFO  [scheduling-1] MarketCacheService requestId= userId= method= uri= status= durationMs= - Market cache write: source=BINANCE, key=market:quotes:symbol:SOLUSDT, ttl=PT2M
2026-05-07 10:15:00.404 INFO  [scheduling-1] MarketCacheTtlPolicy requestId= userId= method= uri= status= durationMs= - Market cache ttl resolved: source=BINANCE, ttl=PT2M
2026-05-07 10:15:00.404 INFO  [scheduling-1] MarketCacheService requestId= userId= method= uri= status= durationMs= - Market cache write: source=BINANCE, key=market:quotes:symbol:AVAXUSDT, ttl=PT2M
2026-05-07 10:15:00.405 INFO  [scheduling-1] MarketCacheTtlPolicy requestId= userId= method= uri= status= durationMs= - Market cache ttl resolved: source=BIST, ttl=PT24H
2026-05-07 10:15:00.405 INFO  [scheduling-1] MarketCacheService requestId= userId= method= uri= status= durationMs= - Market cache write: source=BIST, key=market:quotes:symbol:THYAO, ttl=PT24H
2026-05-07 10:15:00.406 INFO  [scheduling-1] MarketCacheTtlPolicy requestId= userId= method= uri= status= durationMs= - Market cache ttl resolved: source=BIST, ttl=PT24H
2026-05-07 10:15:00.406 INFO  [scheduling-1] MarketCacheService requestId= userId= method= uri= status= durationMs= - Market cache write: source=BIST, key=market:quotes:symbol:ASELS, ttl=PT24H
2026-05-07 10:15:00.407 INFO  [scheduling-1] MarketCacheTtlPolicy requestId= userId= method= uri= status= durationMs= - Market cache ttl resolved: source=BIST, ttl=PT24H
2026-05-07 10:15:00.407 INFO  [scheduling-1] MarketCacheService requestId= userId= method= uri= status= durationMs= - Market cache write: source=BIST, key=market:quotes:symbol:GARAN, ttl=PT24H
2026-05-07 10:15:00.408 INFO  [scheduling-1] MarketCacheTtlPolicy requestId= userId= method= uri= status= durationMs= - Market cache ttl resolved: source=BIST, ttl=PT24H
2026-05-07 10:15:00.409 INFO  [scheduling-1] MarketCacheService requestId= userId= method= uri= status= durationMs= - Market cache write: source=BIST, key=market:quotes:symbol:AKBNK, ttl=PT24H
2026-05-07 10:15:00.409 INFO  [scheduling-1] MarketCacheTtlPolicy requestId= userId= method= uri= status= durationMs= - Market cache ttl resolved: source=BIST, ttl=PT24H
2026-05-07 10:15:00.410 INFO  [scheduling-1] MarketCacheService requestId= userId= method= uri= status= durationMs= - Market cache write: source=BIST, key=market:quotes:symbol:BIMAS, ttl=PT24H
2026-05-07 10:15:00.411 INFO  [scheduling-1] MarketCacheTtlPolicy requestId= userId= method= uri= status= durationMs= - Market cache ttl resolved: source=BIST, ttl=PT24H
2026-05-07 10:15:00.411 INFO  [scheduling-1] MarketCacheService requestId= userId= method= uri= status= durationMs= - Market cache write: source=BIST, key=market:quotes:symbol:KCHOL, ttl=PT24H
2026-05-07 10:15:00.412 INFO  [scheduling-1] MarketCacheTtlPolicy requestId= userId= method= uri= status= durationMs= - Market cache ttl resolved: source=BIST, ttl=PT24H
2026-05-07 10:15:00.413 INFO  [scheduling-1] MarketCacheService requestId= userId= method= uri= status= durationMs= - Market cache write: source=BIST, key=market:quotes:symbol:SAHOL, ttl=PT24H
2026-05-07 10:15:00.414 INFO  [scheduling-1] MarketCacheTtlPolicy requestId= userId= method= uri= status= durationMs= - Market cache ttl resolved: source=BIST, ttl=PT24H
2026-05-07 10:15:00.414 INFO  [scheduling-1] MarketCacheService requestId= userId= method= uri= status= durationMs= - Market cache write: source=BIST, key=market:quotes:symbol:EREGL, ttl=PT24H
2026-05-07 10:15:00.415 INFO  [scheduling-1] MarketCacheTtlPolicy requestId= userId= method= uri= status= durationMs= - Market cache ttl resolved: source=BIST, ttl=PT24H
2026-05-07 10:15:00.416 INFO  [scheduling-1] MarketCacheService requestId= userId= method= uri= status= durationMs= - Market cache write: source=BIST, key=market:quotes:symbol:TUPRS, ttl=PT24H
2026-05-07 10:15:00.417 INFO  [scheduling-1] MarketCacheTtlPolicy requestId= userId= method= uri= status= durationMs= - Market cache ttl resolved: source=BIST, ttl=PT24H
2026-05-07 10:15:00.417 INFO  [scheduling-1] MarketCacheService requestId= userId= method= uri= status= durationMs= - Market cache write: source=BIST, key=market:quotes:symbol:FROTO, ttl=PT24H
2026-05-07 10:15:00.418 INFO  [scheduling-1] MarketCacheTtlPolicy requestId= userId= method= uri= status= durationMs= - Market cache ttl resolved: source=BIST, ttl=PT24H
2026-05-07 10:15:00.418 INFO  [scheduling-1] MarketCacheService requestId= userId= method= uri= status= durationMs= - Market cache write: source=BIST, key=market:quotes:symbol:SISE, ttl=PT24H
2026-05-07 10:15:00.419 INFO  [scheduling-1] MarketCacheTtlPolicy requestId= userId= method= uri= status= durationMs= - Market cache ttl resolved: source=BIST, ttl=PT24H
2026-05-07 10:15:00.419 INFO  [scheduling-1] MarketCacheService requestId= userId= method= uri= status= durationMs= - Market cache write: source=BIST, key=market:quotes:symbol:PETKM, ttl=PT24H
2026-05-07 10:15:00.420 INFO  [scheduling-1] MarketCacheTtlPolicy requestId= userId= method= uri= status= durationMs= - Market cache ttl resolved: source=BIST, ttl=PT24H
2026-05-07 10:15:00.421 INFO  [scheduling-1] MarketCacheService requestId= userId= method= uri= status= durationMs= - Market cache write: source=BIST, key=market:quotes:symbol:PGSUS, ttl=PT24H
2026-05-07 10:15:00.421 INFO  [scheduling-1] MarketCacheTtlPolicy requestId= userId= method= uri= status= durationMs= - Market cache ttl resolved: source=BIST, ttl=PT24H
2026-05-07 10:15:00.422 INFO  [scheduling-1] MarketCacheService requestId= userId= method= uri= status= durationMs= - Market cache write: source=BIST, key=market:quotes:symbol:TTKOM, ttl=PT24H
2026-05-07 10:15:00.423 INFO  [scheduling-1] MarketCacheTtlPolicy requestId= userId= method= uri= status= durationMs= - Market cache ttl resolved: source=BIST, ttl=PT24H
2026-05-07 10:15:00.423 INFO  [scheduling-1] MarketCacheService requestId= userId= method= uri= status= durationMs= - Market cache write: source=BIST, key=market:quotes:symbol:ISCTR, ttl=PT24H
2026-05-07 10:15:00.424 INFO  [scheduling-1] MarketCacheTtlPolicy requestId= userId= method= uri= status= durationMs= - Market cache ttl resolved: source=BIST, ttl=PT24H
2026-05-07 10:15:00.424 INFO  [scheduling-1] MarketCacheService requestId= userId= method= uri= status= durationMs= - Market cache write: source=BIST, key=market:quotes:symbol:YKBNK, ttl=PT24H
2026-05-07 10:15:00.425 INFO  [scheduling-1] MarketCacheTtlPolicy requestId= userId= method= uri= status= durationMs= - Market cache ttl resolved: source=BIST, ttl=PT24H
2026-05-07 10:15:00.426 INFO  [scheduling-1] MarketCacheService requestId= userId= method= uri= status= durationMs= - Market cache write: source=BIST, key=market:quotes:symbol:HALKB, ttl=PT24H
2026-05-07 10:15:00.427 INFO  [scheduling-1] MarketCacheTtlPolicy requestId= userId= method= uri= status= durationMs= - Market cache ttl resolved: source=BIST, ttl=PT24H
2026-05-07 10:15:00.428 INFO  [scheduling-1] MarketCacheService requestId= userId= method= uri= status= durationMs= - Market cache write: source=BIST, key=market:quotes:symbol:VAKBN, ttl=PT24H
2026-05-07 10:15:00.430 INFO  [scheduling-1] MarketCacheTtlPolicy requestId= userId= method= uri= status= durationMs= - Market cache ttl resolved: source=BIST, ttl=PT24H
2026-05-07 10:15:00.431 INFO  [scheduling-1] MarketCacheService requestId= userId= method= uri= status= durationMs= - Market cache write: source=BIST, key=market:quotes:symbol:TCELL, ttl=PT24H
2026-05-07 10:15:00.432 INFO  [scheduling-1] MarketCacheTtlPolicy requestId= userId= method= uri= status= durationMs= - Market cache ttl resolved: source=EVDS, ttl=PT6H
2026-05-07 10:15:00.433 INFO  [scheduling-1] MarketCacheService requestId= userId= method= uri= status= durationMs= - Market cache write: source=EVDS, key=market:quotes:symbol:USDTRY, ttl=PT6H
2026-05-07 10:15:00.434 INFO  [scheduling-1] MarketCacheTtlPolicy requestId= userId= method= uri= status= durationMs= - Market cache ttl resolved: source=EVDS, ttl=PT6H
2026-05-07 10:15:00.434 INFO  [scheduling-1] MarketCacheService requestId= userId= method= uri= status= durationMs= - Market cache write: source=EVDS, key=market:quotes:symbol:EURTRY, ttl=PT6H
2026-05-07 10:15:00.435 INFO  [scheduling-1] MarketCacheTtlPolicy requestId= userId= method= uri= status= durationMs= - Market cache ttl resolved: source=EVDS, ttl=PT6H
2026-05-07 10:15:00.436 INFO  [scheduling-1] MarketCacheService requestId= userId= method= uri= status= durationMs= - Market cache write: source=EVDS, key=market:quotes:symbol:GBPTRY, ttl=PT6H
2026-05-07 10:15:00.436 INFO  [scheduling-1] MarketCacheTtlPolicy requestId= userId= method= uri= status= durationMs= - Market cache ttl resolved: source=EVDS, ttl=PT6H
2026-05-07 10:15:00.437 INFO  [scheduling-1] MarketCacheService requestId= userId= method= uri= status= durationMs= - Market cache write: source=EVDS, key=market:quotes:symbol:CHFTRY, ttl=PT6H
2026-05-07 10:15:00.437 INFO  [scheduling-1] MarketCacheTtlPolicy requestId= userId= method= uri= status= durationMs= - Market cache ttl resolved: source=EVDS, ttl=PT6H
2026-05-07 10:15:00.438 INFO  [scheduling-1] MarketCacheService requestId= userId= method= uri= status= durationMs= - Market cache write: source=EVDS, key=market:quotes:symbol:JPYTRY, ttl=PT6H
2026-05-07 10:15:00.438 INFO  [scheduling-1] MarketCacheTtlPolicy requestId= userId= method= uri= status= durationMs= - Market cache ttl resolved: source=EVDS, ttl=PT6H
2026-05-07 10:15:00.439 INFO  [scheduling-1] MarketCacheService requestId= userId= method= uri= status= durationMs= - Market cache write: source=EVDS, key=market:quotes:symbol:AUDTRY, ttl=PT6H
2026-05-07 10:15:00.439 INFO  [scheduling-1] MarketCacheTtlPolicy requestId= userId= method= uri= status= durationMs= - Market cache ttl resolved: source=EVDS, ttl=PT6H
2026-05-07 10:15:00.440 INFO  [scheduling-1] MarketCacheService requestId= userId= method= uri= status= durationMs= - Market cache write: source=EVDS, key=market:quotes:symbol:CNYTRY, ttl=PT6H
2026-05-07 10:15:00.441 INFO  [scheduling-1] MarketCacheTtlPolicy requestId= userId= method= uri= status= durationMs= - Market cache ttl resolved: source=EVDS, ttl=PT6H
2026-05-07 10:15:00.441 INFO  [scheduling-1] MarketCacheService requestId= userId= method= uri= status= durationMs= - Market cache write: source=EVDS, key=market:quotes:symbol:NOKTRY, ttl=PT6H
2026-05-07 10:15:00.442 INFO  [scheduling-1] MarketCacheTtlPolicy requestId= userId= method= uri= status= durationMs= - Market cache ttl resolved: source=EVDS, ttl=PT6H
2026-05-07 10:15:00.442 INFO  [scheduling-1] MarketCacheService requestId= userId= method= uri= status= durationMs= - Market cache write: source=EVDS, key=market:quotes:symbol:SEKTRY, ttl=PT6H
2026-05-07 10:15:00.443 INFO  [scheduling-1] MarketCacheTtlPolicy requestId= userId= method= uri= status= durationMs= - Market cache ttl resolved: source=EVDS, ttl=PT6H
2026-05-07 10:15:00.443 INFO  [scheduling-1] MarketCacheService requestId= userId= method= uri= status= durationMs= - Market cache write: source=EVDS, key=market:quotes:symbol:DKKTRY, ttl=PT6H
2026-05-07 10:15:00.444 INFO  [scheduling-1] MarketCacheTtlPolicy requestId= userId= method= uri= status= durationMs= - Market cache ttl resolved: source=EVDS, ttl=PT6H
2026-05-07 10:15:00.445 INFO  [scheduling-1] MarketCacheService requestId= userId= method= uri= status= durationMs= - Market cache write: source=EVDS, key=market:quotes:symbol:SARTRY, ttl=PT6H
2026-05-07 10:15:00.446 INFO  [scheduling-1] MarketRefreshService requestId= userId= method= uri= status= durationMs= - Market refresh completed: processedQuoteCount=9, historyRecordCount=9, aggregateQuoteCount=38, failedProviderCount=0
2026-05-07 10:15:00.446 INFO  [scheduling-1] MarketRefreshCoordinator requestId= userId= method= uri= status= durationMs= - Market provider refresh completed: source=BIST, quoteCount=9
2026-05-07 10:15:00.447 INFO  [scheduling-1] MarketRefreshCoordinator requestId= userId= method= uri= status= durationMs= - Market provider due refresh started: source=EVDS
2026-05-07 10:15:00.447 INFO  [scheduling-1] ProviderOrchestrationService requestId= userId= method= uri= status= durationMs= - Market provider orchestration started: providerCount=3, sourceFilter=EVDS
2026-05-07 10:15:00.447 INFO  [scheduling-1] ProviderOrchestrationService requestId= userId= method= uri= status= durationMs= - Market provider skipped by supports: providerSource=BINANCE, requestSource=EVDS
2026-05-07 10:15:00.448 INFO  [scheduling-1] ProviderOrchestrationService requestId= userId= method= uri= status= durationMs= - Market provider skipped by supports: providerSource=BIST, requestSource=EVDS
2026-05-07 10:15:00.448 INFO  [scheduling-1] EvdsMarketDataProvider requestId= userId= method= uri= status= durationMs= - EVDS provider supports evaluated: supported=true, enabled=true, requestSource=EVDS
2026-05-07 10:15:00.449 INFO  [scheduling-1] ProviderOrchestrationService requestId= userId= method= uri= status= durationMs= - Market provider refresh started: source=EVDS
2026-05-07 10:15:00.451 INFO  [scheduling-1] EvdsMarketDataProvider requestId= userId= method= uri= status= durationMs= - Market provider registry resolved: providerSource=EVDS, registryMappingCount=11, resolvedSymbols=[TP.DK.USD.A, TP.DK.EUR.A, TP.DK.GBP.A, TP.DK.CHF.A, TP.DK.JPY.A, TP.DK.AUD.A, TP.DK.CNY.A.YTL, TP.DK.NOK.A, TP.DK.SEK.A, TP.DK.DKK.A, TP.DK.SAR.A], fallbackToYaml=true
2026-05-07 10:15:00.452 INFO  [scheduling-1] EvdsMarketDataProvider requestId= userId= method= uri= status= durationMs= - EVDS provider fetch started: symbolCount=11, seriesCodes=[TP.DK.USD.A, TP.DK.EUR.A, TP.DK.GBP.A, TP.DK.CHF.A, TP.DK.JPY.A, TP.DK.AUD.A, TP.DK.CNY.A.YTL, TP.DK.NOK.A, TP.DK.SEK.A, TP.DK.DKK.A, TP.DK.SAR.A]
2026-05-07 10:15:00.453 INFO  [scheduling-1] EvdsClient requestId= userId= method= uri= status= durationMs= - EVDS client request started: seriesCount=11, startDate=2026-04-30, endDate=2026-05-07
2026-05-07 10:15:02.459 DEBUG [http-nio-8080-exec-3] FilterChainProxy requestId=2eb69547-646a-490c-93e0-1ed3498df1f1 userId= method= uri= status= durationMs= - Securing GET /actuator/prometheus
2026-05-07 10:15:02.460 DEBUG [http-nio-8080-exec-3] AnonymousAuthenticationFilter requestId=2eb69547-646a-490c-93e0-1ed3498df1f1 userId= method= uri= status= durationMs= - Set SecurityContextHolder to anonymous SecurityContext
2026-05-07 10:15:02.462 DEBUG [http-nio-8080-exec-3] FilterChainProxy requestId=2eb69547-646a-490c-93e0-1ed3498df1f1 userId= method= uri= status= durationMs= - Secured GET /actuator/prometheus
2026-05-07 10:15:02.467 INFO  [http-nio-8080-exec-3] HttpRequestLoggingFilter requestId=2eb69547-646a-490c-93e0-1ed3498df1f1 userId= method=GET uri=/actuator/prometheus status=200 durationMs=9 - HTTP request completed
2026-05-07 10:15:10.489 WARN  [scheduling-1] ProviderOrchestrationService requestId= userId= method= uri= status= durationMs=10074 - Market provider refresh failed: source=EVDS, error=I/O error on GET request for "https://evds3.tcmb.gov.tr/igmevdsms-dis/series=TP.DK.USD.A-TP.DK.EUR.A-TP.DK.GBP.A-TP.DK.CHF.A-TP.DK.JPY.A-TP.DK.AUD.A-TP.DK.CNY.A.YTL-TP.DK.NOK.A-TP.DK.SEK.A-TP.DK.DKK.A-TP.DK.SAR.A&startDate=30-04-2026&endDate=07-05-2026&type=json": Read timed out, durationMs=10074
org.springframework.web.client.ResourceAccessException: I/O error on GET request for "https://evds3.tcmb.gov.tr/igmevdsms-dis/series=TP.DK.USD.A-TP.DK.EUR.A-TP.DK.GBP.A-TP.DK.CHF.A-TP.DK.JPY.A-TP.DK.AUD.A-TP.DK.CNY.A.YTL-TP.DK.NOK.A-TP.DK.SEK.A-TP.DK.DKK.A-TP.DK.SAR.A&startDate=30-04-2026&endDate=07-05-2026&type=json": Read timed out
	at org.springframework.web.client.RestTemplate.createResourceAccessException(RestTemplate.java:926)
	at org.springframework.web.client.RestTemplate.doExecute(RestTemplate.java:906)
	at org.springframework.web.client.RestTemplate.execute(RestTemplate.java:801)
	at org.springframework.web.client.RestTemplate.exchange(RestTemplate.java:683)
	at com.emrehalli.financeportal.market.provider.evds.EvdsClient.fetchSeries(EvdsClient.java:64)
	at com.emrehalli.financeportal.market.provider.evds.EvdsMarketDataProvider.fetch(EvdsMarketDataProvider.java:89)
	at com.emrehalli.financeportal.market.service.ProviderOrchestrationService.fetchProviderQuotes(ProviderOrchestrationService.java:64)
	at com.emrehalli.financeportal.market.service.ProviderOrchestrationService.lambda$fetchQuoteResults$2(ProviderOrchestrationService.java:46)
	at java.base/java.util.stream.ReferencePipeline$3$1.accept(Unknown Source)
	at java.base/java.util.stream.ReferencePipeline$2$1.accept(Unknown Source)
	at java.base/java.util.ArrayList$ArrayListSpliterator.forEachRemaining(Unknown Source)
	at java.base/java.util.stream.AbstractPipeline.copyInto(Unknown Source)
	at java.base/java.util.stream.AbstractPipeline.wrapAndCopyInto(Unknown Source)
	at java.base/java.util.stream.AbstractPipeline.evaluate(Unknown Source)
	at java.base/java.util.stream.AbstractPipeline.evaluateToArrayNode(Unknown Source)
	at java.base/java.util.stream.ReferencePipeline.toArray(Unknown Source)
	at java.base/java.util.stream.ReferencePipeline.toArray(Unknown Source)
	at java.base/java.util.stream.ReferencePipeline.toList(Unknown Source)
	at com.emrehalli.financeportal.market.service.ProviderOrchestrationService.fetchQuoteResults(ProviderOrchestrationService.java:47)
	at com.emrehalli.financeportal.market.service.MarketRefreshService.refreshDetailed(MarketRefreshService.java:48)
	at com.emrehalli.financeportal.market.service.MarketRefreshService.refreshSourceDetailed(MarketRefreshService.java:40)
	at com.emrehalli.financeportal.market.service.MarketRefreshCoordinator.refreshProvider(MarketRefreshCoordinator.java:85)
	at com.emrehalli.financeportal.market.service.MarketRefreshCoordinator.refreshDueProviders(MarketRefreshCoordinator.java:67)
	at com.emrehalli.financeportal.market.scheduler.MarketRefreshScheduler.refreshMarketQuotes(MarketRefreshScheduler.java:32)
	at java.base/jdk.internal.reflect.DirectMethodHandleAccessor.invoke(Unknown Source)
	at java.base/java.lang.reflect.Method.invoke(Unknown Source)
	at org.springframework.scheduling.support.ScheduledMethodRunnable.runInternal(ScheduledMethodRunnable.java:130)
	at org.springframework.scheduling.support.ScheduledMethodRunnable.lambda$run$2(ScheduledMethodRunnable.java:124)
	at io.micrometer.observation.Observation.observe(Observation.java:498)
	at org.springframework.scheduling.support.ScheduledMethodRunnable.run(ScheduledMethodRunnable.java:124)
	at org.springframework.scheduling.config.Task$OutcomeTrackingRunnable.run(Task.java:87)
	at org.springframework.scheduling.support.DelegatingErrorHandlingRunnable.run(DelegatingErrorHandlingRunnable.java:54)
	at java.base/java.util.concurrent.Executors$RunnableAdapter.call(Unknown Source)
	at java.base/java.util.concurrent.FutureTask.runAndReset(Unknown Source)
	at java.base/java.util.concurrent.ScheduledThreadPoolExecutor$ScheduledFutureTask.run(Unknown Source)
	at java.base/java.util.concurrent.ThreadPoolExecutor.runWorker(Unknown Source)
	at java.base/java.util.concurrent.ThreadPoolExecutor$Worker.run(Unknown Source)
	at java.base/java.lang.Thread.run(Unknown Source)
Caused by: java.net.SocketTimeoutException: Read timed out
	at java.base/sun.nio.ch.NioSocketImpl.timedRead(Unknown Source)
	at java.base/sun.nio.ch.NioSocketImpl.implRead(Unknown Source)
	at java.base/sun.nio.ch.NioSocketImpl.read(Unknown Source)
	at java.base/sun.nio.ch.NioSocketImpl$1.read(Unknown Source)
	at java.base/java.net.Socket$SocketInputStream.read(Unknown Source)
	at java.base/sun.security.ssl.SSLSocketInputRecord.read(Unknown Source)
	at java.base/sun.security.ssl.SSLSocketInputRecord.readHeader(Unknown Source)
	at java.base/sun.security.ssl.SSLSocketInputRecord.decode(Unknown Source)
	at java.base/sun.security.ssl.SSLTransport.decode(Unknown Source)
	at java.base/sun.security.ssl.SSLSocketImpl.decode(Unknown Source)
	at java.base/sun.security.ssl.SSLSocketImpl.readHandshakeRecord(Unknown Source)
	at java.base/sun.security.ssl.SSLSocketImpl.startHandshake(Unknown Source)
	at java.base/sun.security.ssl.SSLSocketImpl.startHandshake(Unknown Source)
	at java.base/sun.net.www.protocol.https.HttpsClient.afterConnect(Unknown Source)
	at java.base/sun.net.www.protocol.https.AbstractDelegateHttpsURLConnection.connect(Unknown Source)
	at java.base/sun.net.www.protocol.https.HttpsURLConnectionImpl.connect(Unknown Source)
	at org.springframework.http.client.SimpleClientHttpRequest.executeInternal(SimpleClientHttpRequest.java:79)
	at org.springframework.http.client.AbstractStreamingClientHttpRequest.executeInternal(AbstractStreamingClientHttpRequest.java:88)
	at org.springframework.http.client.AbstractClientHttpRequest.execute(AbstractClientHttpRequest.java:81)
	at org.springframework.web.client.RestTemplate.doExecute(RestTemplate.java:900)
	... 36 more
2026-05-07 10:15:10.494 INFO  [scheduling-1] MarketCacheTtlPolicy requestId= userId= method= uri= status= durationMs= - Market cache ttl resolved: source=ALL, ttl=PT30M
2026-05-07 10:15:10.495 INFO  [scheduling-1] MarketCacheService requestId= userId= method= uri= status= durationMs= - Market cache write: source=ALL, key=market:quotes:all, ttl=PT30M
2026-05-07 10:15:10.496 INFO  [scheduling-1] MarketCacheTtlPolicy requestId= userId= method= uri= status= durationMs= - Market cache ttl resolved: source=BINANCE, ttl=PT2M
2026-05-07 10:15:10.497 INFO  [scheduling-1] MarketCacheService requestId= userId= method= uri= status= durationMs= - Market cache write: source=BINANCE, key=market:quotes:symbol:BTCUSDT, ttl=PT2M
2026-05-07 10:15:10.498 INFO  [scheduling-1] MarketCacheTtlPolicy requestId= userId= method= uri= status= durationMs= - Market cache ttl resolved: source=BINANCE, ttl=PT2M
2026-05-07 10:15:10.499 INFO  [scheduling-1] MarketCacheService requestId= userId= method= uri= status= durationMs= - Market cache write: source=BINANCE, key=market:quotes:symbol:ETHUSDT, ttl=PT2M
2026-05-07 10:15:10.500 INFO  [scheduling-1] MarketCacheTtlPolicy requestId= userId= method= uri= status= durationMs= - Market cache ttl resolved: source=BINANCE, ttl=PT2M
2026-05-07 10:15:10.501 INFO  [scheduling-1] MarketCacheService requestId= userId= method= uri= status= durationMs= - Market cache write: source=BINANCE, key=market:quotes:symbol:BNBUSDT, ttl=PT2M
2026-05-07 10:15:10.502 INFO  [scheduling-1] MarketCacheTtlPolicy requestId= userId= method= uri= status= durationMs= - Market cache ttl resolved: source=BINANCE, ttl=PT2M
2026-05-07 10:15:10.502 INFO  [scheduling-1] MarketCacheService requestId= userId= method= uri= status= durationMs= - Market cache write: source=BINANCE, key=market:quotes:symbol:ADAUSDT, ttl=PT2M
2026-05-07 10:15:10.503 INFO  [scheduling-1] MarketCacheTtlPolicy requestId= userId= method= uri= status= durationMs= - Market cache ttl resolved: source=BINANCE, ttl=PT2M
2026-05-07 10:15:10.504 INFO  [scheduling-1] MarketCacheService requestId= userId= method= uri= status= durationMs= - Market cache write: source=BINANCE, key=market:quotes:symbol:XRPUSDT, ttl=PT2M
2026-05-07 10:15:10.505 INFO  [scheduling-1] MarketCacheTtlPolicy requestId= userId= method= uri= status= durationMs= - Market cache ttl resolved: source=BINANCE, ttl=PT2M
2026-05-07 10:15:10.506 INFO  [scheduling-1] MarketCacheService requestId= userId= method= uri= status= durationMs= - Market cache write: source=BINANCE, key=market:quotes:symbol:DOGEUSDT, ttl=PT2M
2026-05-07 10:15:10.506 INFO  [scheduling-1] MarketCacheTtlPolicy requestId= userId= method= uri= status= durationMs= - Market cache ttl resolved: source=BINANCE, ttl=PT2M
2026-05-07 10:15:10.507 INFO  [scheduling-1] MarketCacheService requestId= userId= method= uri= status= durationMs= - Market cache write: source=BINANCE, key=market:quotes:symbol:SOLUSDT, ttl=PT2M
2026-05-07 10:15:10.508 INFO  [scheduling-1] MarketCacheTtlPolicy requestId= userId= method= uri= status= durationMs= - Market cache ttl resolved: source=BINANCE, ttl=PT2M
2026-05-07 10:15:10.509 INFO  [scheduling-1] MarketCacheService requestId= userId= method= uri= status= durationMs= - Market cache write: source=BINANCE, key=market:quotes:symbol:AVAXUSDT, ttl=PT2M
2026-05-07 10:15:10.510 INFO  [scheduling-1] MarketCacheTtlPolicy requestId= userId= method= uri= status= durationMs= - Market cache ttl resolved: source=BIST, ttl=PT24H
2026-05-07 10:15:10.510 INFO  [scheduling-1] MarketCacheService requestId= userId= method= uri= status= durationMs= - Market cache write: source=BIST, key=market:quotes:symbol:THYAO, ttl=PT24H
2026-05-07 10:15:10.511 INFO  [scheduling-1] MarketCacheTtlPolicy requestId= userId= method= uri= status= durationMs= - Market cache ttl resolved: source=BIST, ttl=PT24H
2026-05-07 10:15:10.511 INFO  [scheduling-1] MarketCacheService requestId= userId= method= uri= status= durationMs= - Market cache write: source=BIST, key=market:quotes:symbol:ASELS, ttl=PT24H
2026-05-07 10:15:10.512 INFO  [scheduling-1] MarketCacheTtlPolicy requestId= userId= method= uri= status= durationMs= - Market cache ttl resolved: source=BIST, ttl=PT24H
2026-05-07 10:15:10.513 INFO  [scheduling-1] MarketCacheService requestId= userId= method= uri= status= durationMs= - Market cache write: source=BIST, key=market:quotes:symbol:GARAN, ttl=PT24H
2026-05-07 10:15:10.513 INFO  [scheduling-1] MarketCacheTtlPolicy requestId= userId= method= uri= status= durationMs= - Market cache ttl resolved: source=BIST, ttl=PT24H
2026-05-07 10:15:10.514 INFO  [scheduling-1] MarketCacheService requestId= userId= method= uri= status= durationMs= - Market cache write: source=BIST, key=market:quotes:symbol:AKBNK, ttl=PT24H
2026-05-07 10:15:10.515 INFO  [scheduling-1] MarketCacheTtlPolicy requestId= userId= method= uri= status= durationMs= - Market cache ttl resolved: source=BIST, ttl=PT24H
2026-05-07 10:15:10.515 INFO  [scheduling-1] MarketCacheService requestId= userId= method= uri= status= durationMs= - Market cache write: source=BIST, key=market:quotes:symbol:BIMAS, ttl=PT24H
2026-05-07 10:15:10.516 INFO  [scheduling-1] MarketCacheTtlPolicy requestId= userId= method= uri= status= durationMs= - Market cache ttl resolved: source=BIST, ttl=PT24H
2026-05-07 10:15:10.516 INFO  [scheduling-1] MarketCacheService requestId= userId= method= uri= status= durationMs= - Market cache write: source=BIST, key=market:quotes:symbol:KCHOL, ttl=PT24H
2026-05-07 10:15:10.517 INFO  [scheduling-1] MarketCacheTtlPolicy requestId= userId= method= uri= status= durationMs= - Market cache ttl resolved: source=BIST, ttl=PT24H
2026-05-07 10:15:10.517 INFO  [scheduling-1] MarketCacheService requestId= userId= method= uri= status= durationMs= - Market cache write: source=BIST, key=market:quotes:symbol:SAHOL, ttl=PT24H
2026-05-07 10:15:10.518 INFO  [scheduling-1] MarketCacheTtlPolicy requestId= userId= method= uri= status= durationMs= - Market cache ttl resolved: source=BIST, ttl=PT24H
2026-05-07 10:15:10.518 INFO  [scheduling-1] MarketCacheService requestId= userId= method= uri= status= durationMs= - Market cache write: source=BIST, key=market:quotes:symbol:EREGL, ttl=PT24H
2026-05-07 10:15:10.519 INFO  [scheduling-1] MarketCacheTtlPolicy requestId= userId= method= uri= status= durationMs= - Market cache ttl resolved: source=BIST, ttl=PT24H
2026-05-07 10:15:10.519 INFO  [scheduling-1] MarketCacheService requestId= userId= method= uri= status= durationMs= - Market cache write: source=BIST, key=market:quotes:symbol:TUPRS, ttl=PT24H
2026-05-07 10:15:10.520 INFO  [scheduling-1] MarketCacheTtlPolicy requestId= userId= method= uri= status= durationMs= - Market cache ttl resolved: source=BIST, ttl=PT24H
2026-05-07 10:15:10.521 INFO  [scheduling-1] MarketCacheService requestId= userId= method= uri= status= durationMs= - Market cache write: source=BIST, key=market:quotes:symbol:FROTO, ttl=PT24H
2026-05-07 10:15:10.522 INFO  [scheduling-1] MarketCacheTtlPolicy requestId= userId= method= uri= status= durationMs= - Market cache ttl resolved: source=BIST, ttl=PT24H
2026-05-07 10:15:10.522 INFO  [scheduling-1] MarketCacheService requestId= userId= method= uri= status= durationMs= - Market cache write: source=BIST, key=market:quotes:symbol:SISE, ttl=PT24H
2026-05-07 10:15:10.523 INFO  [scheduling-1] MarketCacheTtlPolicy requestId= userId= method= uri= status= durationMs= - Market cache ttl resolved: source=BIST, ttl=PT24H
2026-05-07 10:15:10.524 INFO  [scheduling-1] MarketCacheService requestId= userId= method= uri= status= durationMs= - Market cache write: source=BIST, key=market:quotes:symbol:PETKM, ttl=PT24H
2026-05-07 10:15:10.525 INFO  [scheduling-1] MarketCacheTtlPolicy requestId= userId= method= uri= status= durationMs= - Market cache ttl resolved: source=BIST, ttl=PT24H
2026-05-07 10:15:10.525 INFO  [scheduling-1] MarketCacheService requestId= userId= method= uri= status= durationMs= - Market cache write: source=BIST, key=market:quotes:symbol:PGSUS, ttl=PT24H
2026-05-07 10:15:10.527 INFO  [scheduling-1] MarketCacheTtlPolicy requestId= userId= method= uri= status= durationMs= - Market cache ttl resolved: source=BIST, ttl=PT24H
2026-05-07 10:15:10.527 INFO  [scheduling-1] MarketCacheService requestId= userId= method= uri= status= durationMs= - Market cache write: source=BIST, key=market:quotes:symbol:TTKOM, ttl=PT24H
2026-05-07 10:15:10.528 INFO  [scheduling-1] MarketCacheTtlPolicy requestId= userId= method= uri= status= durationMs= - Market cache ttl resolved: source=BIST, ttl=PT24H
2026-05-07 10:15:10.529 INFO  [scheduling-1] MarketCacheService requestId= userId= method= uri= status= durationMs= - Market cache write: source=BIST, key=market:quotes:symbol:ISCTR, ttl=PT24H
2026-05-07 10:15:10.530 INFO  [scheduling-1] MarketCacheTtlPolicy requestId= userId= method= uri= status= durationMs= - Market cache ttl resolved: source=BIST, ttl=PT24H
2026-05-07 10:15:10.530 INFO  [scheduling-1] MarketCacheService requestId= userId= method= uri= status= durationMs= - Market cache write: source=BIST, key=market:quotes:symbol:YKBNK, ttl=PT24H
2026-05-07 10:15:10.531 INFO  [scheduling-1] MarketCacheTtlPolicy requestId= userId= method= uri= status= durationMs= - Market cache ttl resolved: source=BIST, ttl=PT24H
2026-05-07 10:15:10.531 INFO  [scheduling-1] MarketCacheService requestId= userId= method= uri= status= durationMs= - Market cache write: source=BIST, key=market:quotes:symbol:HALKB, ttl=PT24H
2026-05-07 10:15:10.532 INFO  [scheduling-1] MarketCacheTtlPolicy requestId= userId= method= uri= status= durationMs= - Market cache ttl resolved: source=BIST, ttl=PT24H
2026-05-07 10:15:10.532 INFO  [scheduling-1] MarketCacheService requestId= userId= method= uri= status= durationMs= - Market cache write: source=BIST, key=market:quotes:symbol:VAKBN, ttl=PT24H
2026-05-07 10:15:10.533 INFO  [scheduling-1] MarketCacheTtlPolicy requestId= userId= method= uri= status= durationMs= - Market cache ttl resolved: source=BIST, ttl=PT24H
2026-05-07 10:15:10.534 INFO  [scheduling-1] MarketCacheService requestId= userId= method= uri= status= durationMs= - Market cache write: source=BIST, key=market:quotes:symbol:TCELL, ttl=PT24H
2026-05-07 10:15:10.535 INFO  [scheduling-1] MarketCacheTtlPolicy requestId= userId= method= uri= status= durationMs= - Market cache ttl resolved: source=EVDS, ttl=PT6H
2026-05-07 10:15:10.535 INFO  [scheduling-1] MarketCacheService requestId= userId= method= uri= status= durationMs= - Market cache write: source=EVDS, key=market:quotes:symbol:USDTRY, ttl=PT6H
2026-05-07 10:15:10.536 INFO  [scheduling-1] MarketCacheTtlPolicy requestId= userId= method= uri= status= durationMs= - Market cache ttl resolved: source=EVDS, ttl=PT6H
2026-05-07 10:15:10.536 INFO  [scheduling-1] MarketCacheService requestId= userId= method= uri= status= durationMs= - Market cache write: source=EVDS, key=market:quotes:symbol:EURTRY, ttl=PT6H
2026-05-07 10:15:10.537 INFO  [scheduling-1] MarketCacheTtlPolicy requestId= userId= method= uri= status= durationMs= - Market cache ttl resolved: source=EVDS, ttl=PT6H
2026-05-07 10:15:10.537 INFO  [scheduling-1] MarketCacheService requestId= userId= method= uri= status= durationMs= - Market cache write: source=EVDS, key=market:quotes:symbol:GBPTRY, ttl=PT6H
2026-05-07 10:15:10.538 INFO  [scheduling-1] MarketCacheTtlPolicy requestId= userId= method= uri= status= durationMs= - Market cache ttl resolved: source=EVDS, ttl=PT6H
2026-05-07 10:15:10.538 INFO  [scheduling-1] MarketCacheService requestId= userId= method= uri= status= durationMs= - Market cache write: source=EVDS, key=market:quotes:symbol:CHFTRY, ttl=PT6H
2026-05-07 10:15:10.539 INFO  [scheduling-1] MarketCacheTtlPolicy requestId= userId= method= uri= status= durationMs= - Market cache ttl resolved: source=EVDS, ttl=PT6H
2026-05-07 10:15:10.540 INFO  [scheduling-1] MarketCacheService requestId= userId= method= uri= status= durationMs= - Market cache write: source=EVDS, key=market:quotes:symbol:JPYTRY, ttl=PT6H
2026-05-07 10:15:10.540 INFO  [scheduling-1] MarketCacheTtlPolicy requestId= userId= method= uri= status= durationMs= - Market cache ttl resolved: source=EVDS, ttl=PT6H
2026-05-07 10:15:10.541 INFO  [scheduling-1] MarketCacheService requestId= userId= method= uri= status= durationMs= - Market cache write: source=EVDS, key=market:quotes:symbol:AUDTRY, ttl=PT6H
2026-05-07 10:15:10.541 INFO  [scheduling-1] MarketCacheTtlPolicy requestId= userId= method= uri= status= durationMs= - Market cache ttl resolved: source=EVDS, ttl=PT6H
2026-05-07 10:15:10.542 INFO  [scheduling-1] MarketCacheService requestId= userId= method= uri= status= durationMs= - Market cache write: source=EVDS, key=market:quotes:symbol:CNYTRY, ttl=PT6H
2026-05-07 10:15:10.543 INFO  [scheduling-1] MarketCacheTtlPolicy requestId= userId= method= uri= status= durationMs= - Market cache ttl resolved: source=EVDS, ttl=PT6H
2026-05-07 10:15:10.543 INFO  [scheduling-1] MarketCacheService requestId= userId= method= uri= status= durationMs= - Market cache write: source=EVDS, key=market:quotes:symbol:NOKTRY, ttl=PT6H
2026-05-07 10:15:10.544 INFO  [scheduling-1] MarketCacheTtlPolicy requestId= userId= method= uri= status= durationMs= - Market cache ttl resolved: source=EVDS, ttl=PT6H
2026-05-07 10:15:10.544 INFO  [scheduling-1] MarketCacheService requestId= userId= method= uri= status= durationMs= - Market cache write: source=EVDS, key=market:quotes:symbol:SEKTRY, ttl=PT6H
2026-05-07 10:15:10.545 INFO  [scheduling-1] MarketCacheTtlPolicy requestId= userId= method= uri= status= durationMs= - Market cache ttl resolved: source=EVDS, ttl=PT6H
2026-05-07 10:15:10.545 INFO  [scheduling-1] MarketCacheService requestId= userId= method= uri= status= durationMs= - Market cache write: source=EVDS, key=market:quotes:symbol:DKKTRY, ttl=PT6H
2026-05-07 10:15:10.546 INFO  [scheduling-1] MarketCacheTtlPolicy requestId= userId= method= uri= status= durationMs= - Market cache ttl resolved: source=EVDS, ttl=PT6H
2026-05-07 10:15:10.546 INFO  [scheduling-1] MarketCacheService requestId= userId= method= uri= status= durationMs= - Market cache write: source=EVDS, key=market:quotes:symbol:SARTRY, ttl=PT6H
2026-05-07 10:15:10.547 INFO  [scheduling-1] MarketRefreshService requestId= userId= method= uri= status= durationMs= - Market refresh completed: processedQuoteCount=0, historyRecordCount=0, aggregateQuoteCount=38, failedProviderCount=1
2026-05-07 10:15:10.547 WARN  [scheduling-1] MarketRefreshCoordinator requestId= userId= method= uri= status= durationMs= - Market provider refresh failed: source=EVDS, error=I/O error on GET request for "https://evds3.tcmb.gov.tr/igmevdsms-dis/series=TP.DK.USD.A-TP.DK.EUR.A-TP.DK.GBP.A-TP.DK.CHF.A-TP.DK.JPY.A-TP.DK.AUD.A-TP.DK.CNY.A.YTL-TP.DK.NOK.A-TP.DK.SEK.A-TP.DK.DKK.A-TP.DK.SAR.A&startDate=30-04-2026&endDate=07-05-2026&type=json": Read timed out
2026-05-07 10:15:12.424 DEBUG [http-nio-8080-exec-4] FilterChainProxy requestId=5cb51011-cac2-419e-b327-3457c68ac72f userId= method= uri= status= durationMs= - Securing GET /actuator/prometheus
2026-05-07 10:15:12.425 DEBUG [http-nio-8080-exec-4] AnonymousAuthenticationFilter requestId=5cb51011-cac2-419e-b327-3457c68ac72f userId= method= uri= status= durationMs= - Set SecurityContextHolder to anonymous SecurityContext
2026-05-07 10:15:12.426 DEBUG [http-nio-8080-exec-4] FilterChainProxy requestId=5cb51011-cac2-419e-b327-3457c68ac72f userId= method= uri= status= durationMs= - Secured GET /actuator/prometheus
2026-05-07 10:15:12.431 INFO  [http-nio-8080-exec-4] HttpRequestLoggingFilter requestId=5cb51011-cac2-419e-b327-3457c68ac72f userId= method=GET uri=/actuator/prometheus status=200 durationMs=7 - HTTP request completed
2026-05-07 10:15:22.425 DEBUG [http-nio-8080-exec-5] FilterChainProxy requestId=279e5f30-90fa-4dad-9d4b-dbc35d435ac1 userId= method= uri= status= durationMs= - Securing GET /actuator/prometheus
2026-05-07 10:15:22.428 DEBUG [http-nio-8080-exec-5] AnonymousAuthenticationFilter requestId=279e5f30-90fa-4dad-9d4b-dbc35d435ac1 userId= method= uri= status= durationMs= - Set SecurityContextHolder to anonymous SecurityContext
2026-05-07 10:15:22.429 DEBUG [http-nio-8080-exec-5] FilterChainProxy requestId=279e5f30-90fa-4dad-9d4b-dbc35d435ac1 userId= method= uri= status= durationMs= - Secured GET /actuator/prometheus
2026-05-07 10:15:22.434 INFO  [http-nio-8080-exec-5] HttpRequestLoggingFilter requestId=279e5f30-90fa-4dad-9d4b-dbc35d435ac1 userId= method=GET uri=/actuator/prometheus status=200 durationMs=10 - HTTP request completed
2026-05-07 10:15:32.425 DEBUG [http-nio-8080-exec-6] FilterChainProxy requestId=d6eca96b-04b6-4cfb-bbdb-09ff9ff482c9 userId= method= uri= status= durationMs= - Securing GET /actuator/prometheus
2026-05-07 10:15:32.427 DEBUG [http-nio-8080-exec-6] AnonymousAuthenticationFilter requestId=d6eca96b-04b6-4cfb-bbdb-09ff9ff482c9 userId= method= uri= status= durationMs= - Set SecurityContextHolder to anonymous SecurityContext
2026-05-07 10:15:32.430 DEBUG [http-nio-8080-exec-6] FilterChainProxy requestId=d6eca96b-04b6-4cfb-bbdb-09ff9ff482c9 userId= method= uri= status= durationMs= - Secured GET /actuator/prometheus
2026-05-07 10:15:32.435 INFO  [http-nio-8080-exec-6] HttpRequestLoggingFilter requestId=d6eca96b-04b6-4cfb-bbdb-09ff9ff482c9 userId= method=GET uri=/actuator/prometheus status=200 durationMs=11 - HTTP request completed
2026-05-07 10:15:42.390 DEBUG [http-nio-8080-exec-7] FilterChainProxy requestId=e48fcf87-3eec-481c-b83d-592b13213d18 userId= method= uri= status= durationMs= - Securing GET /actuator/prometheus
2026-05-07 10:15:42.392 DEBUG [http-nio-8080-exec-7] AnonymousAuthenticationFilter requestId=e48fcf87-3eec-481c-b83d-592b13213d18 userId= method= uri= status= durationMs= - Set SecurityContextHolder to anonymous SecurityContext
2026-05-07 10:15:42.393 DEBUG [http-nio-8080-exec-7] FilterChainProxy requestId=e48fcf87-3eec-481c-b83d-592b13213d18 userId= method= uri= status= durationMs= - Secured GET /actuator/prometheus
2026-05-07 10:15:42.397 INFO  [http-nio-8080-exec-7] HttpRequestLoggingFilter requestId=e48fcf87-3eec-481c-b83d-592b13213d18 userId= method=GET uri=/actuator/prometheus status=200 durationMs=8 - HTTP request completed
2026-05-07 10:15:52.388 DEBUG [http-nio-8080-exec-8] FilterChainProxy requestId=08623ce1-689f-4455-aecd-200f47d3a382 userId= method= uri= status= durationMs= - Securing GET /actuator/prometheus
2026-05-07 10:15:52.390 DEBUG [http-nio-8080-exec-8] AnonymousAuthenticationFilter requestId=08623ce1-689f-4455-aecd-200f47d3a382 userId= method= uri= status= durationMs= - Set SecurityContextHolder to anonymous SecurityContext
2026-05-07 10:15:52.392 DEBUG [http-nio-8080-exec-8] FilterChainProxy requestId=08623ce1-689f-4455-aecd-200f47d3a382 userId= method= uri= status= durationMs= - Secured GET /actuator/prometheus
2026-05-07 10:15:52.396 INFO  [http-nio-8080-exec-8] HttpRequestLoggingFilter requestId=08623ce1-689f-4455-aecd-200f47d3a382 userId= method=GET uri=/actuator/prometheus status=200 durationMs=9 - HTTP request completed
2026-05-07 10:16:02.389 DEBUG [http-nio-8080-exec-9] FilterChainProxy requestId=dac90367-e936-4551-a084-f83e911e25fc userId= method= uri= status= durationMs= - Securing GET /actuator/prometheus
2026-05-07 10:16:02.391 DEBUG [http-nio-8080-exec-9] AnonymousAuthenticationFilter requestId=dac90367-e936-4551-a084-f83e911e25fc userId= method= uri= status= durationMs= - Set SecurityContextHolder to anonymous SecurityContext
2026-05-07 10:16:02.393 DEBUG [http-nio-8080-exec-9] FilterChainProxy requestId=dac90367-e936-4551-a084-f83e911e25fc userId= method= uri= status= durationMs= - Secured GET /actuator/prometheus
2026-05-07 10:16:02.397 INFO  [http-nio-8080-exec-9] HttpRequestLoggingFilter requestId=dac90367-e936-4551-a084-f83e911e25fc userId= method=GET uri=/actuator/prometheus status=200 durationMs=9 - HTTP request completed
2026-05-07 10:16:12.352 DEBUG [http-nio-8080-exec-10] FilterChainProxy requestId=1d4c75f1-0dcd-4afd-bb88-fabbaa1f9e3b userId= method= uri= status= durationMs= - Securing GET /actuator/prometheus
2026-05-07 10:16:12.354 DEBUG [http-nio-8080-exec-10] AnonymousAuthenticationFilter requestId=1d4c75f1-0dcd-4afd-bb88-fabbaa1f9e3b userId= method= uri= status= durationMs= - Set SecurityContextHolder to anonymous SecurityContext
2026-05-07 10:16:12.355 DEBUG [http-nio-8080-exec-10] FilterChainProxy requestId=1d4c75f1-0dcd-4afd-bb88-fabbaa1f9e3b userId= method= uri= status= durationMs= - Secured GET /actuator/prometheus
2026-05-07 10:16:12.359 INFO  [http-nio-8080-exec-10] HttpRequestLoggingFilter requestId=1d4c75f1-0dcd-4afd-bb88-fabbaa1f9e3b userId= method=GET uri=/actuator/prometheus status=200 durationMs=7 - HTTP request completed
2026-05-07 10:16:22.353 DEBUG [http-nio-8080-exec-1] FilterChainProxy requestId=bf8cb4f8-3536-4bab-9256-9b208941997b userId= method= uri= status= durationMs= - Securing GET /actuator/prometheus
2026-05-07 10:16:22.355 DEBUG [http-nio-8080-exec-1] AnonymousAuthenticationFilter requestId=bf8cb4f8-3536-4bab-9256-9b208941997b userId= method= uri= status= durationMs= - Set SecurityContextHolder to anonymous SecurityContext
2026-05-07 10:16:22.357 DEBUG [http-nio-8080-exec-1] FilterChainProxy requestId=bf8cb4f8-3536-4bab-9256-9b208941997b userId= method= uri= status= durationMs= - Secured GET /actuator/prometheus
2026-05-07 10:16:22.361 INFO  [http-nio-8080-exec-1] HttpRequestLoggingFilter requestId=bf8cb4f8-3536-4bab-9256-9b208941997b userId= method=GET uri=/actuator/prometheus status=200 durationMs=9 - HTTP request completed
2026-05-07 10:16:32.353 DEBUG [http-nio-8080-exec-2] FilterChainProxy requestId=d7828b93-1450-47e5-80df-29aa252c2785 userId= method= uri= status= durationMs= - Securing GET /actuator/prometheus
2026-05-07 10:16:32.355 DEBUG [http-nio-8080-exec-2] AnonymousAuthenticationFilter requestId=d7828b93-1450-47e5-80df-29aa252c2785 userId= method= uri= status= durationMs= - Set SecurityContextHolder to anonymous SecurityContext
2026-05-07 10:16:32.356 DEBUG [http-nio-8080-exec-2] FilterChainProxy requestId=d7828b93-1450-47e5-80df-29aa252c2785 userId= method= uri= status= durationMs= - Secured GET /actuator/prometheus
2026-05-07 10:16:32.365 INFO  [http-nio-8080-exec-2] HttpRequestLoggingFilter requestId=d7828b93-1450-47e5-80df-29aa252c2785 userId= method=GET uri=/actuator/prometheus status=200 durationMs=12 - HTTP request completed
2026-05-07 10:16:42.318 DEBUG [http-nio-8080-exec-3] FilterChainProxy requestId=d792d65c-ea71-43f4-af78-2596d47427e3 userId= method= uri= status= durationMs= - Securing GET /actuator/prometheus
2026-05-07 10:16:42.320 DEBUG [http-nio-8080-exec-3] AnonymousAuthenticationFilter requestId=d792d65c-ea71-43f4-af78-2596d47427e3 userId= method= uri= status= durationMs= - Set SecurityContextHolder to anonymous SecurityContext
2026-05-07 10:16:42.321 DEBUG [http-nio-8080-exec-3] FilterChainProxy requestId=d792d65c-ea71-43f4-af78-2596d47427e3 userId= method= uri= status= durationMs= - Secured GET /actuator/prometheus
2026-05-07 10:16:42.326 INFO  [http-nio-8080-exec-3] HttpRequestLoggingFilter requestId=d792d65c-ea71-43f4-af78-2596d47427e3 userId= method=GET uri=/actuator/prometheus status=200 durationMs=9 - HTTP request completed
2026-05-07 10:16:52.317 DEBUG [http-nio-8080-exec-4] FilterChainProxy requestId=ff8c98fe-15f8-46bd-9e4d-0ff7af851625 userId= method= uri= status= durationMs= - Securing GET /actuator/prometheus
2026-05-07 10:16:52.319 DEBUG [http-nio-8080-exec-4] AnonymousAuthenticationFilter requestId=ff8c98fe-15f8-46bd-9e4d-0ff7af851625 userId= method= uri= status= durationMs= - Set SecurityContextHolder to anonymous SecurityContext
2026-05-07 10:16:52.320 DEBUG [http-nio-8080-exec-4] FilterChainProxy requestId=ff8c98fe-15f8-46bd-9e4d-0ff7af851625 userId= method= uri= status= durationMs= - Secured GET /actuator/prometheus
2026-05-07 10:16:52.325 INFO  [http-nio-8080-exec-4] HttpRequestLoggingFilter requestId=ff8c98fe-15f8-46bd-9e4d-0ff7af851625 userId= method=GET uri=/actuator/prometheus status=200 durationMs=8 - HTTP request completed
2026-05-07 10:17:02.317 DEBUG [http-nio-8080-exec-5] FilterChainProxy requestId=294bcd01-93f1-4249-b54e-005a74096846 userId= method= uri= status= durationMs= - Securing GET /actuator/prometheus
2026-05-07 10:17:02.319 DEBUG [http-nio-8080-exec-5] AnonymousAuthenticationFilter requestId=294bcd01-93f1-4249-b54e-005a74096846 userId= method= uri= status= durationMs= - Set SecurityContextHolder to anonymous SecurityContext
2026-05-07 10:17:02.321 DEBUG [http-nio-8080-exec-5] FilterChainProxy requestId=294bcd01-93f1-4249-b54e-005a74096846 userId= method= uri= status= durationMs= - Secured GET /actuator/prometheus
2026-05-07 10:17:02.325 INFO  [http-nio-8080-exec-5] HttpRequestLoggingFilter requestId=294bcd01-93f1-4249-b54e-005a74096846 userId= method=GET uri=/actuator/prometheus status=200 durationMs=9 - HTTP request completed
2026-05-07 10:17:12.282 DEBUG [http-nio-8080-exec-6] FilterChainProxy requestId=d2776cc4-46fe-4e3f-a545-a8b31e21d0d5 userId= method= uri= status= durationMs= - Securing GET /actuator/prometheus
2026-05-07 10:17:12.284 DEBUG [http-nio-8080-exec-6] AnonymousAuthenticationFilter requestId=d2776cc4-46fe-4e3f-a545-a8b31e21d0d5 userId= method= uri= status= durationMs= - Set SecurityContextHolder to anonymous SecurityContext
2026-05-07 10:17:12.286 DEBUG [http-nio-8080-exec-6] FilterChainProxy requestId=d2776cc4-46fe-4e3f-a545-a8b31e21d0d5 userId= method= uri= status= durationMs= - Secured GET /actuator/prometheus
2026-05-07 10:17:12.291 INFO  [http-nio-8080-exec-6] HttpRequestLoggingFilter requestId=d2776cc4-46fe-4e3f-a545-a8b31e21d0d5 userId= method=GET uri=/actuator/prometheus status=200 durationMs=9 - HTTP request completed
2026-05-07 10:17:22.282 DEBUG [http-nio-8080-exec-7] FilterChainProxy requestId=48824c6c-9e18-4f53-aaba-c73ca4ad2bb0 userId= method= uri= status= durationMs= - Securing GET /actuator/prometheus
2026-05-07 10:17:22.284 DEBUG [http-nio-8080-exec-7] AnonymousAuthenticationFilter requestId=48824c6c-9e18-4f53-aaba-c73ca4ad2bb0 userId= method= uri= status= durationMs= - Set SecurityContextHolder to anonymous SecurityContext
2026-05-07 10:17:22.286 DEBUG [http-nio-8080-exec-7] FilterChainProxy requestId=48824c6c-9e18-4f53-aaba-c73ca4ad2bb0 userId= method= uri= status= durationMs= - Secured GET /actuator/prometheus
2026-05-07 10:17:22.296 INFO  [http-nio-8080-exec-7] HttpRequestLoggingFilter requestId=48824c6c-9e18-4f53-aaba-c73ca4ad2bb0 userId= method=GET uri=/actuator/prometheus status=200 durationMs=14 - HTTP request completed
2026-05-07 10:17:32.282 DEBUG [http-nio-8080-exec-8] FilterChainProxy requestId=9e5aef85-27f0-4127-8b35-02ac15d7c937 userId= method= uri= status= durationMs= - Securing GET /actuator/prometheus
2026-05-07 10:17:32.285 DEBUG [http-nio-8080-exec-8] AnonymousAuthenticationFilter requestId=9e5aef85-27f0-4127-8b35-02ac15d7c937 userId= method= uri= status= durationMs= - Set SecurityContextHolder to anonymous SecurityContext
2026-05-07 10:17:32.287 DEBUG [http-nio-8080-exec-8] FilterChainProxy requestId=9e5aef85-27f0-4127-8b35-02ac15d7c937 userId= method= uri= status= durationMs= - Secured GET /actuator/prometheus
2026-05-07 10:17:32.291 INFO  [http-nio-8080-exec-8] HttpRequestLoggingFilter requestId=9e5aef85-27f0-4127-8b35-02ac15d7c937 userId= method=GET uri=/actuator/prometheus status=200 durationMs=9 - HTTP request completed
2026-05-07 10:17:42.244 DEBUG [http-nio-8080-exec-9] FilterChainProxy requestId=77d3ac16-5064-4a98-8024-408e03709669 userId= method= uri= status= durationMs= - Securing GET /actuator/prometheus
2026-05-07 10:17:42.246 DEBUG [http-nio-8080-exec-9] AnonymousAuthenticationFilter requestId=77d3ac16-5064-4a98-8024-408e03709669 userId= method= uri= status= durationMs= - Set SecurityContextHolder to anonymous SecurityContext
2026-05-07 10:17:42.247 DEBUG [http-nio-8080-exec-9] FilterChainProxy requestId=77d3ac16-5064-4a98-8024-408e03709669 userId= method= uri= status= durationMs= - Secured GET /actuator/prometheus
2026-05-07 10:17:42.251 INFO  [http-nio-8080-exec-9] HttpRequestLoggingFilter requestId=77d3ac16-5064-4a98-8024-408e03709669 userId= method=GET uri=/actuator/prometheus status=200 durationMs=8 - HTTP request completed
2026-05-07 10:17:52.244 DEBUG [http-nio-8080-exec-10] FilterChainProxy requestId=c2513ead-66d4-4112-b900-62e396546141 userId= method= uri= status= durationMs= - Securing GET /actuator/prometheus
2026-05-07 10:17:52.246 DEBUG [http-nio-8080-exec-10] AnonymousAuthenticationFilter requestId=c2513ead-66d4-4112-b900-62e396546141 userId= method= uri= status= durationMs= - Set SecurityContextHolder to anonymous SecurityContext
2026-05-07 10:17:52.248 DEBUG [http-nio-8080-exec-10] FilterChainProxy requestId=c2513ead-66d4-4112-b900-62e396546141 userId= method= uri= status= durationMs= - Secured GET /actuator/prometheus
2026-05-07 10:17:52.253 INFO  [http-nio-8080-exec-10] HttpRequestLoggingFilter requestId=c2513ead-66d4-4112-b900-62e396546141 userId= method=GET uri=/actuator/prometheus status=200 durationMs=9 - HTTP request completed
2026-05-07 10:18:02.252 DEBUG [http-nio-8080-exec-1] FilterChainProxy requestId=34941b00-0e66-4839-a5ca-888bfcc52ce0 userId= method= uri= status= durationMs= - Securing GET /actuator/prometheus
2026-05-07 10:18:02.254 DEBUG [http-nio-8080-exec-1] AnonymousAuthenticationFilter requestId=34941b00-0e66-4839-a5ca-888bfcc52ce0 userId= method= uri= status= durationMs= - Set SecurityContextHolder to anonymous SecurityContext
2026-05-07 10:18:02.255 DEBUG [http-nio-8080-exec-1] FilterChainProxy requestId=34941b00-0e66-4839-a5ca-888bfcc52ce0 userId= method= uri= status= durationMs= - Secured GET /actuator/prometheus
2026-05-07 10:18:02.259 INFO  [http-nio-8080-exec-1] HttpRequestLoggingFilter requestId=34941b00-0e66-4839-a5ca-888bfcc52ce0 userId= method=GET uri=/actuator/prometheus status=200 durationMs=8 - HTTP request completed
2026-05-07 10:18:12.208 DEBUG [http-nio-8080-exec-2] FilterChainProxy requestId=832a4273-f05e-4a9a-9ae4-7f4984459658 userId= method= uri= status= durationMs= - Securing GET /actuator/prometheus
2026-05-07 10:18:12.210 DEBUG [http-nio-8080-exec-2] AnonymousAuthenticationFilter requestId=832a4273-f05e-4a9a-9ae4-7f4984459658 userId= method= uri= status= durationMs= - Set SecurityContextHolder to anonymous SecurityContext
2026-05-07 10:18:12.212 DEBUG [http-nio-8080-exec-2] FilterChainProxy requestId=832a4273-f05e-4a9a-9ae4-7f4984459658 userId= method= uri= status= durationMs= - Secured GET /actuator/prometheus
2026-05-07 10:18:12.216 INFO  [http-nio-8080-exec-2] HttpRequestLoggingFilter requestId=832a4273-f05e-4a9a-9ae4-7f4984459658 userId= method=GET uri=/actuator/prometheus status=200 durationMs=8 - HTTP request completed
2026-05-07 10:18:22.209 DEBUG [http-nio-8080-exec-3] FilterChainProxy requestId=55717c18-6c25-4377-8eb7-0e95854a36db userId= method= uri= status= durationMs= - Securing GET /actuator/prometheus
2026-05-07 10:18:22.212 DEBUG [http-nio-8080-exec-3] AnonymousAuthenticationFilter requestId=55717c18-6c25-4377-8eb7-0e95854a36db userId= method= uri= status= durationMs= - Set SecurityContextHolder to anonymous SecurityContext
2026-05-07 10:18:22.213 DEBUG [http-nio-8080-exec-3] FilterChainProxy requestId=55717c18-6c25-4377-8eb7-0e95854a36db userId= method= uri= status= durationMs= - Secured GET /actuator/prometheus
2026-05-07 10:18:22.217 INFO  [http-nio-8080-exec-3] HttpRequestLoggingFilter requestId=55717c18-6c25-4377-8eb7-0e95854a36db userId= method=GET uri=/actuator/prometheus status=200 durationMs=8 - HTTP request completed
2026-05-07 10:18:32.209 DEBUG [http-nio-8080-exec-4] FilterChainProxy requestId=fae82578-3999-4434-becd-1796f56cddeb userId= method= uri= status= durationMs= - Securing GET /actuator/prometheus
2026-05-07 10:18:32.212 DEBUG [http-nio-8080-exec-4] AnonymousAuthenticationFilter requestId=fae82578-3999-4434-becd-1796f56cddeb userId= method= uri= status= durationMs= - Set SecurityContextHolder to anonymous SecurityContext
2026-05-07 10:18:32.214 DEBUG [http-nio-8080-exec-4] FilterChainProxy requestId=fae82578-3999-4434-becd-1796f56cddeb userId= method= uri= status= durationMs= - Secured GET /actuator/prometheus
2026-05-07 10:18:32.219 INFO  [http-nio-8080-exec-4] HttpRequestLoggingFilter requestId=fae82578-3999-4434-becd-1796f56cddeb userId= method=GET uri=/actuator/prometheus status=200 durationMs=10 - HTTP request completed
2026-05-07 10:18:42.174 DEBUG [http-nio-8080-exec-5] FilterChainProxy requestId=cb2ecec7-2459-4d4a-8c87-26d0b611d669 userId= method= uri= status= durationMs= - Securing GET /actuator/prometheus
2026-05-07 10:18:42.177 DEBUG [http-nio-8080-exec-5] AnonymousAuthenticationFilter requestId=cb2ecec7-2459-4d4a-8c87-26d0b611d669 userId= method= uri= status= durationMs= - Set SecurityContextHolder to anonymous SecurityContext
2026-05-07 10:18:42.178 DEBUG [http-nio-8080-exec-5] FilterChainProxy requestId=cb2ecec7-2459-4d4a-8c87-26d0b611d669 userId= method= uri= status= durationMs= - Secured GET /actuator/prometheus
2026-05-07 10:18:42.183 INFO  [http-nio-8080-exec-5] HttpRequestLoggingFilter requestId=cb2ecec7-2459-4d4a-8c87-26d0b611d669 userId= method=GET uri=/actuator/prometheus status=200 durationMs=8 - HTTP request completed
2026-05-07 10:18:52.174 DEBUG [http-nio-8080-exec-6] FilterChainProxy requestId=e31ea411-9e13-4171-a455-1067ce083d6d userId= method= uri= status= durationMs= - Securing GET /actuator/prometheus
2026-05-07 10:18:52.176 DEBUG [http-nio-8080-exec-6] AnonymousAuthenticationFilter requestId=e31ea411-9e13-4171-a455-1067ce083d6d userId= method= uri= status= durationMs= - Set SecurityContextHolder to anonymous SecurityContext
2026-05-07 10:18:52.177 DEBUG [http-nio-8080-exec-6] FilterChainProxy requestId=e31ea411-9e13-4171-a455-1067ce083d6d userId= method= uri= status= durationMs= - Secured GET /actuator/prometheus
2026-05-07 10:18:52.181 INFO  [http-nio-8080-exec-6] HttpRequestLoggingFilter requestId=e31ea411-9e13-4171-a455-1067ce083d6d userId= method=GET uri=/actuator/prometheus status=200 durationMs=8 - HTTP request completed
2026-05-07 10:19:02.173 DEBUG [http-nio-8080-exec-7] FilterChainProxy requestId=fb165ed1-4d5a-44d0-919f-3b2ff0f24baa userId= method= uri= status= durationMs= - Securing GET /actuator/prometheus
2026-05-07 10:19:02.176 DEBUG [http-nio-8080-exec-7] AnonymousAuthenticationFilter requestId=fb165ed1-4d5a-44d0-919f-3b2ff0f24baa userId= method= uri= status= durationMs= - Set SecurityContextHolder to anonymous SecurityContext
2026-05-07 10:19:02.177 DEBUG [http-nio-8080-exec-7] FilterChainProxy requestId=fb165ed1-4d5a-44d0-919f-3b2ff0f24baa userId= method= uri= status= durationMs= - Secured GET /actuator/prometheus
2026-05-07 10:19:02.181 INFO  [http-nio-8080-exec-7] HttpRequestLoggingFilter requestId=fb165ed1-4d5a-44d0-919f-3b2ff0f24baa userId= method=GET uri=/actuator/prometheus status=200 durationMs=8 - HTTP request completed
2026-05-07 10:19:12.138 DEBUG [http-nio-8080-exec-8] FilterChainProxy requestId=4234e229-4bf4-4493-a9c7-7e854c0c8455 userId= method= uri= status= durationMs= - Securing GET /actuator/prometheus
2026-05-07 10:19:12.140 DEBUG [http-nio-8080-exec-8] AnonymousAuthenticationFilter requestId=4234e229-4bf4-4493-a9c7-7e854c0c8455 userId= method= uri= status= durationMs= - Set SecurityContextHolder to anonymous SecurityContext
2026-05-07 10:19:12.142 DEBUG [http-nio-8080-exec-8] FilterChainProxy requestId=4234e229-4bf4-4493-a9c7-7e854c0c8455 userId= method= uri= status= durationMs= - Secured GET /actuator/prometheus
2026-05-07 10:19:12.146 INFO  [http-nio-8080-exec-8] HttpRequestLoggingFilter requestId=4234e229-4bf4-4493-a9c7-7e854c0c8455 userId= method=GET uri=/actuator/prometheus status=200 durationMs=8 - HTTP request completed
2026-05-07 10:19:22.138 DEBUG [http-nio-8080-exec-9] FilterChainProxy requestId=01bd2964-c121-487f-8f84-fbce3d0fb61e userId= method= uri= status= durationMs= - Securing GET /actuator/prometheus
2026-05-07 10:19:22.140 DEBUG [http-nio-8080-exec-9] AnonymousAuthenticationFilter requestId=01bd2964-c121-487f-8f84-fbce3d0fb61e userId= method= uri= status= durationMs= - Set SecurityContextHolder to anonymous SecurityContext
2026-05-07 10:19:22.141 DEBUG [http-nio-8080-exec-9] FilterChainProxy requestId=01bd2964-c121-487f-8f84-fbce3d0fb61e userId= method= uri= status= durationMs= - Secured GET /actuator/prometheus
2026-05-07 10:19:22.146 INFO  [http-nio-8080-exec-9] HttpRequestLoggingFilter requestId=01bd2964-c121-487f-8f84-fbce3d0fb61e userId= method=GET uri=/actuator/prometheus status=200 durationMs=8 - HTTP request completed
2026-05-07 10:19:32.139 DEBUG [http-nio-8080-exec-10] FilterChainProxy requestId=7d67f0a1-84d1-4934-88a4-36d630006817 userId= method= uri= status= durationMs= - Securing GET /actuator/prometheus
2026-05-07 10:19:32.141 DEBUG [http-nio-8080-exec-10] AnonymousAuthenticationFilter requestId=7d67f0a1-84d1-4934-88a4-36d630006817 userId= method= uri= status= durationMs= - Set SecurityContextHolder to anonymous SecurityContext
2026-05-07 10:19:32.143 DEBUG [http-nio-8080-exec-10] FilterChainProxy requestId=7d67f0a1-84d1-4934-88a4-36d630006817 userId= method= uri= status= durationMs= - Secured GET /actuator/prometheus
2026-05-07 10:19:32.148 INFO  [http-nio-8080-exec-10] HttpRequestLoggingFilter requestId=7d67f0a1-84d1-4934-88a4-36d630006817 userId= method=GET uri=/actuator/prometheus status=200 durationMs=9 - HTTP request completed
2026-05-07 10:19:42.102 DEBUG [http-nio-8080-exec-1] FilterChainProxy requestId=ae5d7d98-24fd-4276-9eee-d1d5f40f0abe userId= method= uri= status= durationMs= - Securing GET /actuator/prometheus
2026-05-07 10:19:42.104 DEBUG [http-nio-8080-exec-1] AnonymousAuthenticationFilter requestId=ae5d7d98-24fd-4276-9eee-d1d5f40f0abe userId= method= uri= status= durationMs= - Set SecurityContextHolder to anonymous SecurityContext
2026-05-07 10:19:42.105 DEBUG [http-nio-8080-exec-1] FilterChainProxy requestId=ae5d7d98-24fd-4276-9eee-d1d5f40f0abe userId= method= uri= status= durationMs= - Secured GET /actuator/prometheus
2026-05-07 10:19:42.109 INFO  [http-nio-8080-exec-1] HttpRequestLoggingFilter requestId=ae5d7d98-24fd-4276-9eee-d1d5f40f0abe userId= method=GET uri=/actuator/prometheus status=200 durationMs=7 - HTTP request completed
2026-05-07 10:19:52.102 DEBUG [http-nio-8080-exec-2] FilterChainProxy requestId=ad9fa7a5-cbe4-4715-8197-3eff50be09e2 userId= method= uri= status= durationMs= - Securing GET /actuator/prometheus
2026-05-07 10:19:52.104 DEBUG [http-nio-8080-exec-2] AnonymousAuthenticationFilter requestId=ad9fa7a5-cbe4-4715-8197-3eff50be09e2 userId= method= uri= status= durationMs= - Set SecurityContextHolder to anonymous SecurityContext
2026-05-07 10:19:52.105 DEBUG [http-nio-8080-exec-2] FilterChainProxy requestId=ad9fa7a5-cbe4-4715-8197-3eff50be09e2 userId= method= uri= status= durationMs= - Secured GET /actuator/prometheus
2026-05-07 10:19:52.109 INFO  [http-nio-8080-exec-2] HttpRequestLoggingFilter requestId=ad9fa7a5-cbe4-4715-8197-3eff50be09e2 userId= method=GET uri=/actuator/prometheus status=200 durationMs=8 - HTTP request completed
2026-05-07 10:20:02.103 DEBUG [http-nio-8080-exec-3] FilterChainProxy requestId=c1c9ac47-fef1-482c-b656-f757fe574a87 userId= method= uri= status= durationMs= - Securing GET /actuator/prometheus
2026-05-07 10:20:02.105 DEBUG [http-nio-8080-exec-3] AnonymousAuthenticationFilter requestId=c1c9ac47-fef1-482c-b656-f757fe574a87 userId= method= uri= status= durationMs= - Set SecurityContextHolder to anonymous SecurityContext
2026-05-07 10:20:02.107 DEBUG [http-nio-8080-exec-3] FilterChainProxy requestId=c1c9ac47-fef1-482c-b656-f757fe574a87 userId= method= uri= status= durationMs= - Secured GET /actuator/prometheus
2026-05-07 10:20:02.111 INFO  [http-nio-8080-exec-3] HttpRequestLoggingFilter requestId=c1c9ac47-fef1-482c-b656-f757fe574a87 userId= method=GET uri=/actuator/prometheus status=200 durationMs=9 - HTTP request completed
2026-05-07 10:20:10.192 INFO  [scheduling-1] MarketRefreshScheduler requestId= userId= method= uri= status= durationMs= - Market refresh scheduler tick started
2026-05-07 10:20:10.221 INFO  [scheduling-1] MarketHistoryMaintenanceService requestId= userId= method= uri= status= durationMs= - marketBackfillJobStarted providerSource=BIST, symbol=KOZAL
2026-05-07 10:20:10.231 INFO  [scheduling-1] MarketHistoryBackfillService requestId= userId= method= uri= status= durationMs= - Market history backfill started: source=BIST, lookbackDays=365, symbolCount=1
2026-05-07 10:20:10.232 INFO  [scheduling-1] ProviderOrchestrationService requestId= userId= method= uri= status= durationMs= - Market provider orchestration started: providerCount=3, sourceFilter=BIST
2026-05-07 10:20:10.233 INFO  [scheduling-1] ProviderOrchestrationService requestId= userId= method= uri= status= durationMs= - Market provider skipped by supports: providerSource=BINANCE, requestSource=BIST
2026-05-07 10:20:10.233 INFO  [scheduling-1] ProviderOrchestrationService requestId= userId= method= uri= status= durationMs= - Market provider refresh started: source=BIST
2026-05-07 10:20:10.236 INFO  [scheduling-1] BistMarketDataProvider requestId= userId= method= uri= status= durationMs= - Market provider registry resolved: providerSource=BIST, registryMappingCount=30, resolvedSymbols=[THYAO.IS, ASELS.IS, GARAN.IS, AKBNK.IS, BIMAS.IS, KCHOL.IS, SAHOL.IS, EREGL.IS, TUPRS.IS, FROTO.IS, SISE.IS, PETKM.IS, PGSUS.IS, TTKOM.IS, KOZAL.IS, ISCTR.IS, YKBNK.IS, HALKB.IS, VAKBN.IS, TCELL.IS, ARCLK.IS, TOASO.IS, DOHOL.IS, ENKAI.IS, MGROS.IS, GUBRF.IS, HEKTS.IS, KRDMD.IS, SASA.IS, ULKER.IS], fallbackToYaml=true
2026-05-07 10:20:10.237 INFO  [scheduling-1] YahooClient requestId= userId= method= uri= status= durationMs= - BIST Yahoo history request started: symbol=KOZAL.IS, startDate=2025-05-08, endDate=2026-05-07
2026-05-07 10:20:10.525 WARN  [scheduling-1] YahooClient requestId= userId= method= uri= status= durationMs= - BIST Yahoo history request failed: symbol=KOZAL.IS, error=404 Not Found on GET request for "https://query1.finance.yahoo.com/v8/finance/chart/KOZAL.IS": "{"chart":{"result":null,"error":{"code":"Not Found","description":"No data found, symbol may be delisted"}}}"
org.springframework.web.client.HttpClientErrorException$NotFound: 404 Not Found on GET request for "https://query1.finance.yahoo.com/v8/finance/chart/KOZAL.IS": "{"chart":{"result":null,"error":{"code":"Not Found","description":"No data found, symbol may be delisted"}}}"
	at org.springframework.web.client.HttpClientErrorException.create(HttpClientErrorException.java:112)
	at org.springframework.web.client.DefaultResponseErrorHandler.handleError(DefaultResponseErrorHandler.java:186)
	at org.springframework.web.client.DefaultResponseErrorHandler.handleError(DefaultResponseErrorHandler.java:147)
	at org.springframework.web.client.RestTemplate.handleResponse(RestTemplate.java:953)
	at org.springframework.web.client.RestTemplate.doExecute(RestTemplate.java:902)
	at org.springframework.web.client.RestTemplate.execute(RestTemplate.java:841)
	at org.springframework.web.client.RestTemplate.exchange(RestTemplate.java:702)
	at com.emrehalli.financeportal.market.provider.bist.client.YahooClient.fetchDailyHistory(YahooClient.java:82)
	at com.emrehalli.financeportal.market.provider.bist.BistMarketDataProvider.lambda$fetchHistoryRecords$0(BistMarketDataProvider.java:188)
	at java.base/java.util.stream.ReferencePipeline$7$1.accept(Unknown Source)
	at java.base/java.util.AbstractList$RandomAccessSpliterator.forEachRemaining(Unknown Source)
	at java.base/java.util.stream.AbstractPipeline.copyInto(Unknown Source)
	at java.base/java.util.stream.AbstractPipeline.wrapAndCopyInto(Unknown Source)
	at java.base/java.util.stream.AbstractPipeline.evaluate(Unknown Source)
	at java.base/java.util.stream.AbstractPipeline.evaluateToArrayNode(Unknown Source)
	at java.base/java.util.stream.ReferencePipeline.toArray(Unknown Source)
	at java.base/java.util.stream.ReferencePipeline.toArray(Unknown Source)
	at java.base/java.util.stream.ReferencePipeline.toList(Unknown Source)
	at com.emrehalli.financeportal.market.provider.bist.BistMarketDataProvider.fetchHistoryRecords(BistMarketDataProvider.java:190)
	at com.emrehalli.financeportal.market.provider.bist.BistMarketDataProvider.fetch(BistMarketDataProvider.java:126)
	at com.emrehalli.financeportal.market.service.ProviderOrchestrationService.fetchProviderQuotes(ProviderOrchestrationService.java:64)
	at com.emrehalli.financeportal.market.service.ProviderOrchestrationService.lambda$fetchQuoteResults$2(ProviderOrchestrationService.java:46)
	at java.base/java.util.stream.ReferencePipeline$3$1.accept(Unknown Source)
	at java.base/java.util.stream.ReferencePipeline$2$1.accept(Unknown Source)
	at java.base/java.util.ArrayList$ArrayListSpliterator.forEachRemaining(Unknown Source)
	at java.base/java.util.stream.AbstractPipeline.copyInto(Unknown Source)
	at java.base/java.util.stream.AbstractPipeline.wrapAndCopyInto(Unknown Source)
	at java.base/java.util.stream.AbstractPipeline.evaluate(Unknown Source)
	at java.base/java.util.stream.AbstractPipeline.evaluateToArrayNode(Unknown Source)
	at java.base/java.util.stream.ReferencePipeline.toArray(Unknown Source)
	at java.base/java.util.stream.ReferencePipeline.toArray(Unknown Source)
	at java.base/java.util.stream.ReferencePipeline.toList(Unknown Source)
	at com.emrehalli.financeportal.market.service.ProviderOrchestrationService.fetchQuoteResults(ProviderOrchestrationService.java:47)
	at com.emrehalli.financeportal.market.service.MarketHistoryBackfillService.backfill(MarketHistoryBackfillService.java:43)
	at com.emrehalli.financeportal.market.service.MarketHistoryMaintenanceService.backfillSymbol(MarketHistoryMaintenanceService.java:78)
	at com.emrehalli.financeportal.market.service.MarketHistoryMaintenanceService.backfillMissingHistory(MarketHistoryMaintenanceService.java:68)
	at com.emrehalli.financeportal.market.service.MarketHistoryMaintenanceService.runIfDue(MarketHistoryMaintenanceService.java:50)
	at com.emrehalli.financeportal.market.scheduler.MarketRefreshScheduler.refreshMarketQuotes(MarketRefreshScheduler.java:31)
	at java.base/jdk.internal.reflect.DirectMethodHandleAccessor.invoke(Unknown Source)
	at java.base/java.lang.reflect.Method.invoke(Unknown Source)
	at org.springframework.scheduling.support.ScheduledMethodRunnable.runInternal(ScheduledMethodRunnable.java:130)
	at org.springframework.scheduling.support.ScheduledMethodRunnable.lambda$run$2(ScheduledMethodRunnable.java:124)
	at io.micrometer.observation.Observation.observe(Observation.java:498)
	at org.springframework.scheduling.support.ScheduledMethodRunnable.run(ScheduledMethodRunnable.java:124)
	at org.springframework.scheduling.config.Task$OutcomeTrackingRunnable.run(Task.java:87)
	at org.springframework.scheduling.support.DelegatingErrorHandlingRunnable.run(DelegatingErrorHandlingRunnable.java:54)
	at java.base/java.util.concurrent.Executors$RunnableAdapter.call(Unknown Source)
	at java.base/java.util.concurrent.FutureTask.runAndReset(Unknown Source)
	at java.base/java.util.concurrent.ScheduledThreadPoolExecutor$ScheduledFutureTask.run(Unknown Source)
	at java.base/java.util.concurrent.ThreadPoolExecutor.runWorker(Unknown Source)
	at java.base/java.util.concurrent.ThreadPoolExecutor$Worker.run(Unknown Source)
	at java.base/java.lang.Thread.run(Unknown Source)
2026-05-07 10:20:10.527 INFO  [scheduling-1] BistMarketDataProvider requestId= userId= method= uri= status= durationMs= - BIST provider history fetch completed: requestedSymbolCount=1, historyRecordCount=0
2026-05-07 10:20:10.527 INFO  [scheduling-1] ProviderOrchestrationService requestId= userId= method= uri= status= durationMs=294 - Market provider refresh completed: source=BIST, quoteCount=0, historyRecordCount=0, durationMs=294
2026-05-07 10:20:10.528 INFO  [scheduling-1] EvdsMarketDataProvider requestId= userId= method= uri= status= durationMs= - EVDS provider supports evaluated: supported=false, enabled=true, requestSource=BIST
2026-05-07 10:20:10.528 INFO  [scheduling-1] ProviderOrchestrationService requestId= userId= method= uri= status= durationMs= - Market provider skipped by supports: providerSource=EVDS, requestSource=BIST
2026-05-07 10:20:10.529 INFO  [scheduling-1] MarketHistoryService requestId= userId= method= uri= status= durationMs= - Market history persistence candidates: source=BIST, receivedCount=0, validatedCount=0, candidateCount=0
2026-05-07 10:20:10.529 INFO  [scheduling-1] MarketHistoryService requestId= userId= method= uri= status= durationMs= - Market history persistence pre-insert: source=BIST, candidateCount=0, insertableCount=0
2026-05-07 10:20:10.530 INFO  [scheduling-1] MarketHistoryService requestId= userId= method= uri= status= durationMs= - Market history persistence completed: source=BIST, received=0, saved=0, skippedDuplicate=0
2026-05-07 10:20:10.530 INFO  [scheduling-1] MarketHistoryBackfillService requestId= userId= method= uri= status= durationMs= - Market history backfill completed: source=BIST, lookbackDays=365, symbolCount=1
2026-05-07 10:20:10.535 INFO  [scheduling-1] MarketHistoryMaintenanceService requestId= userId= method= uri= status= durationMs= - marketBackfillCompleted providerSource=BIST, symbol=KOZAL, fetchedCount=0, savedCount=0
2026-05-07 10:20:10.536 INFO  [scheduling-1] MarketHistoryMaintenanceService requestId= userId= method= uri= status= durationMs= - Market backfill DB stats: providerSource=BIST, symbol=KOZAL, count=0, minPriceDate=null, maxPriceDate=null, distinctPriceCount=0
2026-05-07 10:20:10.556 INFO  [scheduling-1] MarketRefreshCoordinator requestId= userId= method= uri= status= durationMs= - Market refresh coordinator evaluating providers: sources=[BINANCE, BIST, EVDS]
2026-05-07 10:20:10.557 INFO  [scheduling-1] MarketRefreshCoordinator requestId= userId= method= uri= status= durationMs= - Market provider due refresh started: source=BINANCE
2026-05-07 10:20:10.558 INFO  [scheduling-1] ProviderOrchestrationService requestId= userId= method= uri= status= durationMs= - Market provider orchestration started: providerCount=3, sourceFilter=BINANCE
2026-05-07 10:20:10.559 INFO  [scheduling-1] ProviderOrchestrationService requestId= userId= method= uri= status= durationMs= - Market provider refresh started: source=BINANCE
2026-05-07 10:20:10.561 INFO  [scheduling-1] BinanceMarketDataProvider requestId= userId= method= uri= status= durationMs= - Market provider registry resolved: providerSource=BINANCE, registryMappingCount=8, resolvedSymbols=[BTCUSDT, ETHUSDT, BNBUSDT, SOLUSDT, XRPUSDT, ADAUSDT, AVAXUSDT, DOGEUSDT], fallbackToYaml=true
2026-05-07 10:20:10.562 INFO  [scheduling-1] BinanceClient requestId= userId= method= uri= status= durationMs= - Binance client request started: symbolCount=8, uri=https://api.binance.com/api/v3/ticker/24hr?symbols=%5B%22BTCUSDT%22,%22ETHUSDT%22,%22BNBUSDT%22,%22SOLUSDT%22,%22XRPUSDT%22,%22ADAUSDT%22,%22AVAXUSDT%22,%22DOGEUSDT%22%5D
2026-05-07 10:20:10.890 INFO  [scheduling-1] BinanceClient requestId= userId= method= uri= status= durationMs= - Binance client request completed: quoteCount=8
2026-05-07 10:20:10.892 INFO  [scheduling-1] BinanceMarketDataProvider requestId= userId= method= uri= status= durationMs= - Binance provider fetch completed: requestedSymbolCount=8, quoteCount=8, historyRecordCount=0
2026-05-07 10:20:10.893 INFO  [scheduling-1] ProviderOrchestrationService requestId= userId= method= uri= status= durationMs=334 - Market provider refresh completed: source=BINANCE, quoteCount=8, historyRecordCount=0, durationMs=334
2026-05-07 10:20:10.894 INFO  [scheduling-1] ProviderOrchestrationService requestId= userId= method= uri= status= durationMs= - Market provider skipped by supports: providerSource=BIST, requestSource=BINANCE
2026-05-07 10:20:10.894 INFO  [scheduling-1] EvdsMarketDataProvider requestId= userId= method= uri= status= durationMs= - EVDS provider supports evaluated: supported=false, enabled=true, requestSource=BINANCE
2026-05-07 10:20:10.895 INFO  [scheduling-1] ProviderOrchestrationService requestId= userId= method= uri= status= durationMs= - Market provider skipped by supports: providerSource=EVDS, requestSource=BINANCE
2026-05-07 10:20:10.896 INFO  [scheduling-1] MarketCacheTtlPolicy requestId= userId= method= uri= status= durationMs= - Market cache ttl resolved: source=BINANCE, ttl=PT2M
2026-05-07 10:20:10.896 INFO  [scheduling-1] MarketCacheService requestId= userId= method= uri= status= durationMs= - Market cache write: source=BINANCE, key=market:quotes:source:BINANCE, ttl=PT2M
2026-05-07 10:20:10.897 INFO  [scheduling-1] MarketCacheTtlPolicy requestId= userId= method= uri= status= durationMs= - Market cache ttl resolved: source=BINANCE, ttl=PT2M
2026-05-07 10:20:10.898 INFO  [scheduling-1] MarketCacheService requestId= userId= method= uri= status= durationMs= - Market cache write: source=BINANCE, key=market:quotes:symbol:BTCUSDT, ttl=PT2M
2026-05-07 10:20:10.898 INFO  [scheduling-1] MarketCacheTtlPolicy requestId= userId= method= uri= status= durationMs= - Market cache ttl resolved: source=BINANCE, ttl=PT2M
2026-05-07 10:20:10.899 INFO  [scheduling-1] MarketCacheService requestId= userId= method= uri= status= durationMs= - Market cache write: source=BINANCE, key=market:quotes:symbol:ETHUSDT, ttl=PT2M
2026-05-07 10:20:10.899 INFO  [scheduling-1] MarketCacheTtlPolicy requestId= userId= method= uri= status= durationMs= - Market cache ttl resolved: source=BINANCE, ttl=PT2M
2026-05-07 10:20:10.900 INFO  [scheduling-1] MarketCacheService requestId= userId= method= uri= status= durationMs= - Market cache write: source=BINANCE, key=market:quotes:symbol:BNBUSDT, ttl=PT2M
2026-05-07 10:20:10.901 INFO  [scheduling-1] MarketCacheTtlPolicy requestId= userId= method= uri= status= durationMs= - Market cache ttl resolved: source=BINANCE, ttl=PT2M
2026-05-07 10:20:10.901 INFO  [scheduling-1] MarketCacheService requestId= userId= method= uri= status= durationMs= - Market cache write: source=BINANCE, key=market:quotes:symbol:ADAUSDT, ttl=PT2M
2026-05-07 10:20:10.902 INFO  [scheduling-1] MarketCacheTtlPolicy requestId= userId= method= uri= status= durationMs= - Market cache ttl resolved: source=BINANCE, ttl=PT2M
2026-05-07 10:20:10.902 INFO  [scheduling-1] MarketCacheService requestId= userId= method= uri= status= durationMs= - Market cache write: source=BINANCE, key=market:quotes:symbol:XRPUSDT, ttl=PT2M
2026-05-07 10:20:10.903 INFO  [scheduling-1] MarketCacheTtlPolicy requestId= userId= method= uri= status= durationMs= - Market cache ttl resolved: source=BINANCE, ttl=PT2M
2026-05-07 10:20:10.903 INFO  [scheduling-1] MarketCacheService requestId= userId= method= uri= status= durationMs= - Market cache write: source=BINANCE, key=market:quotes:symbol:DOGEUSDT, ttl=PT2M
2026-05-07 10:20:10.904 INFO  [scheduling-1] MarketCacheTtlPolicy requestId= userId= method= uri= status= durationMs= - Market cache ttl resolved: source=BINANCE, ttl=PT2M
2026-05-07 10:20:10.905 INFO  [scheduling-1] MarketCacheService requestId= userId= method= uri= status= durationMs= - Market cache write: source=BINANCE, key=market:quotes:symbol:SOLUSDT, ttl=PT2M
2026-05-07 10:20:10.906 INFO  [scheduling-1] MarketCacheTtlPolicy requestId= userId= method= uri= status= durationMs= - Market cache ttl resolved: source=BINANCE, ttl=PT2M
2026-05-07 10:20:10.906 INFO  [scheduling-1] MarketCacheService requestId= userId= method= uri= status= durationMs= - Market cache write: source=BINANCE, key=market:quotes:symbol:AVAXUSDT, ttl=PT2M
2026-05-07 10:20:10.907 INFO  [scheduling-1] MarketHistoryService requestId= userId= method= uri= status= durationMs= - Market history persistence candidates: source=BINANCE, receivedCount=0, validatedCount=0, candidateCount=0
2026-05-07 10:20:10.908 INFO  [scheduling-1] MarketHistoryService requestId= userId= method= uri= status= durationMs= - Market history persistence pre-insert: source=BINANCE, candidateCount=0, insertableCount=0
2026-05-07 10:20:10.908 INFO  [scheduling-1] MarketHistoryService requestId= userId= method= uri= status= durationMs= - Market history persistence completed: source=BINANCE, received=0, saved=0, skippedDuplicate=0
2026-05-07 10:20:10.911 INFO  [scheduling-1] MarketCacheTtlPolicy requestId= userId= method= uri= status= durationMs= - Market cache ttl resolved: source=ALL, ttl=PT30M
2026-05-07 10:20:10.912 INFO  [scheduling-1] MarketCacheService requestId= userId= method= uri= status= durationMs= - Market cache write: source=ALL, key=market:quotes:all, ttl=PT30M
2026-05-07 10:20:10.912 INFO  [scheduling-1] MarketCacheTtlPolicy requestId= userId= method= uri= status= durationMs= - Market cache ttl resolved: source=BINANCE, ttl=PT2M
2026-05-07 10:20:10.913 INFO  [scheduling-1] MarketCacheService requestId= userId= method= uri= status= durationMs= - Market cache write: source=BINANCE, key=market:quotes:symbol:BTCUSDT, ttl=PT2M
2026-05-07 10:20:10.914 INFO  [scheduling-1] MarketCacheTtlPolicy requestId= userId= method= uri= status= durationMs= - Market cache ttl resolved: source=BINANCE, ttl=PT2M
2026-05-07 10:20:10.915 INFO  [scheduling-1] MarketCacheService requestId= userId= method= uri= status= durationMs= - Market cache write: source=BINANCE, key=market:quotes:symbol:ETHUSDT, ttl=PT2M
2026-05-07 10:20:10.916 INFO  [scheduling-1] MarketCacheTtlPolicy requestId= userId= method= uri= status= durationMs= - Market cache ttl resolved: source=BINANCE, ttl=PT2M
2026-05-07 10:20:10.916 INFO  [scheduling-1] MarketCacheService requestId= userId= method= uri= status= durationMs= - Market cache write: source=BINANCE, key=market:quotes:symbol:BNBUSDT, ttl=PT2M
2026-05-07 10:20:10.917 INFO  [scheduling-1] MarketCacheTtlPolicy requestId= userId= method= uri= status= durationMs= - Market cache ttl resolved: source=BINANCE, ttl=PT2M
2026-05-07 10:20:10.917 INFO  [scheduling-1] MarketCacheService requestId= userId= method= uri= status= durationMs= - Market cache write: source=BINANCE, key=market:quotes:symbol:ADAUSDT, ttl=PT2M
2026-05-07 10:20:10.918 INFO  [scheduling-1] MarketCacheTtlPolicy requestId= userId= method= uri= status= durationMs= - Market cache ttl resolved: source=BINANCE, ttl=PT2M
2026-05-07 10:20:10.918 INFO  [scheduling-1] MarketCacheService requestId= userId= method= uri= status= durationMs= - Market cache write: source=BINANCE, key=market:quotes:symbol:XRPUSDT, ttl=PT2M
2026-05-07 10:20:10.919 INFO  [scheduling-1] MarketCacheTtlPolicy requestId= userId= method= uri= status= durationMs= - Market cache ttl resolved: source=BINANCE, ttl=PT2M
2026-05-07 10:20:10.919 INFO  [scheduling-1] MarketCacheService requestId= userId= method= uri= status= durationMs= - Market cache write: source=BINANCE, key=market:quotes:symbol:DOGEUSDT, ttl=PT2M
2026-05-07 10:20:10.920 INFO  [scheduling-1] MarketCacheTtlPolicy requestId= userId= method= uri= status= durationMs= - Market cache ttl resolved: source=BINANCE, ttl=PT2M
2026-05-07 10:20:10.921 INFO  [scheduling-1] MarketCacheService requestId= userId= method= uri= status= durationMs= - Market cache write: source=BINANCE, key=market:quotes:symbol:SOLUSDT, ttl=PT2M
2026-05-07 10:20:10.922 INFO  [scheduling-1] MarketCacheTtlPolicy requestId= userId= method= uri= status= durationMs= - Market cache ttl resolved: source=BINANCE, ttl=PT2M
2026-05-07 10:20:10.922 INFO  [scheduling-1] MarketCacheService requestId= userId= method= uri= status= durationMs= - Market cache write: source=BINANCE, key=market:quotes:symbol:AVAXUSDT, ttl=PT2M
2026-05-07 10:20:10.923 INFO  [scheduling-1] MarketCacheTtlPolicy requestId= userId= method= uri= status= durationMs= - Market cache ttl resolved: source=BIST, ttl=PT24H
2026-05-07 10:20:10.924 INFO  [scheduling-1] MarketCacheService requestId= userId= method= uri= status= durationMs= - Market cache write: source=BIST, key=market:quotes:symbol:THYAO, ttl=PT24H
2026-05-07 10:20:10.924 INFO  [scheduling-1] MarketCacheTtlPolicy requestId= userId= method= uri= status= durationMs= - Market cache ttl resolved: source=BIST, ttl=PT24H
2026-05-07 10:20:10.925 INFO  [scheduling-1] MarketCacheService requestId= userId= method= uri= status= durationMs= - Market cache write: source=BIST, key=market:quotes:symbol:ASELS, ttl=PT24H
2026-05-07 10:20:10.926 INFO  [scheduling-1] MarketCacheTtlPolicy requestId= userId= method= uri= status= durationMs= - Market cache ttl resolved: source=BIST, ttl=PT24H
2026-05-07 10:20:10.926 INFO  [scheduling-1] MarketCacheService requestId= userId= method= uri= status= durationMs= - Market cache write: source=BIST, key=market:quotes:symbol:GARAN, ttl=PT24H
2026-05-07 10:20:10.927 INFO  [scheduling-1] MarketCacheTtlPolicy requestId= userId= method= uri= status= durationMs= - Market cache ttl resolved: source=BIST, ttl=PT24H
2026-05-07 10:20:10.927 INFO  [scheduling-1] MarketCacheService requestId= userId= method= uri= status= durationMs= - Market cache write: source=BIST, key=market:quotes:symbol:AKBNK, ttl=PT24H
2026-05-07 10:20:10.929 INFO  [scheduling-1] MarketCacheTtlPolicy requestId= userId= method= uri= status= durationMs= - Market cache ttl resolved: source=BIST, ttl=PT24H
2026-05-07 10:20:10.929 INFO  [scheduling-1] MarketCacheService requestId= userId= method= uri= status= durationMs= - Market cache write: source=BIST, key=market:quotes:symbol:BIMAS, ttl=PT24H
2026-05-07 10:20:10.930 INFO  [scheduling-1] MarketCacheTtlPolicy requestId= userId= method= uri= status= durationMs= - Market cache ttl resolved: source=BIST, ttl=PT24H
2026-05-07 10:20:10.931 INFO  [scheduling-1] MarketCacheService requestId= userId= method= uri= status= durationMs= - Market cache write: source=BIST, key=market:quotes:symbol:KCHOL, ttl=PT24H
2026-05-07 10:20:10.931 INFO  [scheduling-1] MarketCacheTtlPolicy requestId= userId= method= uri= status= durationMs= - Market cache ttl resolved: source=BIST, ttl=PT24H
2026-05-07 10:20:10.932 INFO  [scheduling-1] MarketCacheService requestId= userId= method= uri= status= durationMs= - Market cache write: source=BIST, key=market:quotes:symbol:SAHOL, ttl=PT24H
2026-05-07 10:20:10.933 INFO  [scheduling-1] MarketCacheTtlPolicy requestId= userId= method= uri= status= durationMs= - Market cache ttl resolved: source=BIST, ttl=PT24H
2026-05-07 10:20:10.933 INFO  [scheduling-1] MarketCacheService requestId= userId= method= uri= status= durationMs= - Market cache write: source=BIST, key=market:quotes:symbol:EREGL, ttl=PT24H
2026-05-07 10:20:10.934 INFO  [scheduling-1] MarketCacheTtlPolicy requestId= userId= method= uri= status= durationMs= - Market cache ttl resolved: source=BIST, ttl=PT24H
2026-05-07 10:20:10.934 INFO  [scheduling-1] MarketCacheService requestId= userId= method= uri= status= durationMs= - Market cache write: source=BIST, key=market:quotes:symbol:TUPRS, ttl=PT24H
2026-05-07 10:20:10.935 INFO  [scheduling-1] MarketCacheTtlPolicy requestId= userId= method= uri= status= durationMs= - Market cache ttl resolved: source=BIST, ttl=PT24H
2026-05-07 10:20:10.936 INFO  [scheduling-1] MarketCacheService requestId= userId= method= uri= status= durationMs= - Market cache write: source=BIST, key=market:quotes:symbol:FROTO, ttl=PT24H
2026-05-07 10:20:10.936 INFO  [scheduling-1] MarketCacheTtlPolicy requestId= userId= method= uri= status= durationMs= - Market cache ttl resolved: source=BIST, ttl=PT24H
2026-05-07 10:20:10.937 INFO  [scheduling-1] MarketCacheService requestId= userId= method= uri= status= durationMs= - Market cache write: source=BIST, key=market:quotes:symbol:SISE, ttl=PT24H
2026-05-07 10:20:10.938 INFO  [scheduling-1] MarketCacheTtlPolicy requestId= userId= method= uri= status= durationMs= - Market cache ttl resolved: source=BIST, ttl=PT24H
2026-05-07 10:20:10.938 INFO  [scheduling-1] MarketCacheService requestId= userId= method= uri= status= durationMs= - Market cache write: source=BIST, key=market:quotes:symbol:PETKM, ttl=PT24H
2026-05-07 10:20:10.939 INFO  [scheduling-1] MarketCacheTtlPolicy requestId= userId= method= uri= status= durationMs= - Market cache ttl resolved: source=BIST, ttl=PT24H
2026-05-07 10:20:10.939 INFO  [scheduling-1] MarketCacheService requestId= userId= method= uri= status= durationMs= - Market cache write: source=BIST, key=market:quotes:symbol:PGSUS, ttl=PT24H
2026-05-07 10:20:10.940 INFO  [scheduling-1] MarketCacheTtlPolicy requestId= userId= method= uri= status= durationMs= - Market cache ttl resolved: source=BIST, ttl=PT24H
2026-05-07 10:20:10.940 INFO  [scheduling-1] MarketCacheService requestId= userId= method= uri= status= durationMs= - Market cache write: source=BIST, key=market:quotes:symbol:TTKOM, ttl=PT24H
2026-05-07 10:20:10.941 INFO  [scheduling-1] MarketCacheTtlPolicy requestId= userId= method= uri= status= durationMs= - Market cache ttl resolved: source=BIST, ttl=PT24H
2026-05-07 10:20:10.942 INFO  [scheduling-1] MarketCacheService requestId= userId= method= uri= status= durationMs= - Market cache write: source=BIST, key=market:quotes:symbol:ISCTR, ttl=PT24H
2026-05-07 10:20:10.943 INFO  [scheduling-1] MarketCacheTtlPolicy requestId= userId= method= uri= status= durationMs= - Market cache ttl resolved: source=BIST, ttl=PT24H
2026-05-07 10:20:10.943 INFO  [scheduling-1] MarketCacheService requestId= userId= method= uri= status= durationMs= - Market cache write: source=BIST, key=market:quotes:symbol:YKBNK, ttl=PT24H
2026-05-07 10:20:10.944 INFO  [scheduling-1] MarketCacheTtlPolicy requestId= userId= method= uri= status= durationMs= - Market cache ttl resolved: source=BIST, ttl=PT24H
2026-05-07 10:20:10.944 INFO  [scheduling-1] MarketCacheService requestId= userId= method= uri= status= durationMs= - Market cache write: source=BIST, key=market:quotes:symbol:HALKB, ttl=PT24H
2026-05-07 10:20:10.945 INFO  [scheduling-1] MarketCacheTtlPolicy requestId= userId= method= uri= status= durationMs= - Market cache ttl resolved: source=BIST, ttl=PT24H
2026-05-07 10:20:10.946 INFO  [scheduling-1] MarketCacheService requestId= userId= method= uri= status= durationMs= - Market cache write: source=BIST, key=market:quotes:symbol:VAKBN, ttl=PT24H
2026-05-07 10:20:10.946 INFO  [scheduling-1] MarketCacheTtlPolicy requestId= userId= method= uri= status= durationMs= - Market cache ttl resolved: source=BIST, ttl=PT24H
2026-05-07 10:20:10.947 INFO  [scheduling-1] MarketCacheService requestId= userId= method= uri= status= durationMs= - Market cache write: source=BIST, key=market:quotes:symbol:TCELL, ttl=PT24H
2026-05-07 10:20:10.947 INFO  [scheduling-1] MarketCacheTtlPolicy requestId= userId= method= uri= status= durationMs= - Market cache ttl resolved: source=EVDS, ttl=PT6H
2026-05-07 10:20:10.948 INFO  [scheduling-1] MarketCacheService requestId= userId= method= uri= status= durationMs= - Market cache write: source=EVDS, key=market:quotes:symbol:USDTRY, ttl=PT6H
2026-05-07 10:20:10.949 INFO  [scheduling-1] MarketCacheTtlPolicy requestId= userId= method= uri= status= durationMs= - Market cache ttl resolved: source=EVDS, ttl=PT6H
2026-05-07 10:20:10.949 INFO  [scheduling-1] MarketCacheService requestId= userId= method= uri= status= durationMs= - Market cache write: source=EVDS, key=market:quotes:symbol:EURTRY, ttl=PT6H
2026-05-07 10:20:10.950 INFO  [scheduling-1] MarketCacheTtlPolicy requestId= userId= method= uri= status= durationMs= - Market cache ttl resolved: source=EVDS, ttl=PT6H
2026-05-07 10:20:10.951 INFO  [scheduling-1] MarketCacheService requestId= userId= method= uri= status= durationMs= - Market cache write: source=EVDS, key=market:quotes:symbol:GBPTRY, ttl=PT6H
2026-05-07 10:20:10.952 INFO  [scheduling-1] MarketCacheTtlPolicy requestId= userId= method= uri= status= durationMs= - Market cache ttl resolved: source=EVDS, ttl=PT6H
2026-05-07 10:20:10.952 INFO  [scheduling-1] MarketCacheService requestId= userId= method= uri= status= durationMs= - Market cache write: source=EVDS, key=market:quotes:symbol:CHFTRY, ttl=PT6H
2026-05-07 10:20:10.953 INFO  [scheduling-1] MarketCacheTtlPolicy requestId= userId= method= uri= status= durationMs= - Market cache ttl resolved: source=EVDS, ttl=PT6H
2026-05-07 10:20:10.954 INFO  [scheduling-1] MarketCacheService requestId= userId= method= uri= status= durationMs= - Market cache write: source=EVDS, key=market:quotes:symbol:JPYTRY, ttl=PT6H
2026-05-07 10:20:10.954 INFO  [scheduling-1] MarketCacheTtlPolicy requestId= userId= method= uri= status= durationMs= - Market cache ttl resolved: source=EVDS, ttl=PT6H
2026-05-07 10:20:10.955 INFO  [scheduling-1] MarketCacheService requestId= userId= method= uri= status= durationMs= - Market cache write: source=EVDS, key=market:quotes:symbol:AUDTRY, ttl=PT6H
2026-05-07 10:20:10.955 INFO  [scheduling-1] MarketCacheTtlPolicy requestId= userId= method= uri= status= durationMs= - Market cache ttl resolved: source=EVDS, ttl=PT6H
2026-05-07 10:20:10.956 INFO  [scheduling-1] MarketCacheService requestId= userId= method= uri= status= durationMs= - Market cache write: source=EVDS, key=market:quotes:symbol:CNYTRY, ttl=PT6H
2026-05-07 10:20:10.957 INFO  [scheduling-1] MarketCacheTtlPolicy requestId= userId= method= uri= status= durationMs= - Market cache ttl resolved: source=EVDS, ttl=PT6H
2026-05-07 10:20:10.957 INFO  [scheduling-1] MarketCacheService requestId= userId= method= uri= status= durationMs= - Market cache write: source=EVDS, key=market:quotes:symbol:NOKTRY, ttl=PT6H
2026-05-07 10:20:10.958 INFO  [scheduling-1] MarketCacheTtlPolicy requestId= userId= method= uri= status= durationMs= - Market cache ttl resolved: source=EVDS, ttl=PT6H
2026-05-07 10:20:10.958 INFO  [scheduling-1] MarketCacheService requestId= userId= method= uri= status= durationMs= - Market cache write: source=EVDS, key=market:quotes:symbol:SEKTRY, ttl=PT6H
2026-05-07 10:20:10.959 INFO  [scheduling-1] MarketCacheTtlPolicy requestId= userId= method= uri= status= durationMs= - Market cache ttl resolved: source=EVDS, ttl=PT6H
2026-05-07 10:20:10.959 INFO  [scheduling-1] MarketCacheService requestId= userId= method= uri= status= durationMs= - Market cache write: source=EVDS, key=market:quotes:symbol:DKKTRY, ttl=PT6H
2026-05-07 10:20:10.960 INFO  [scheduling-1] MarketCacheTtlPolicy requestId= userId= method= uri= status= durationMs= - Market cache ttl resolved: source=EVDS, ttl=PT6H
2026-05-07 10:20:10.960 INFO  [scheduling-1] MarketCacheService requestId= userId= method= uri= status= durationMs= - Market cache write: source=EVDS, key=market:quotes:symbol:SARTRY, ttl=PT6H
2026-05-07 10:20:10.961 INFO  [scheduling-1] MarketRefreshService requestId= userId= method= uri= status= durationMs= - Market refresh completed: processedQuoteCount=8, historyRecordCount=0, aggregateQuoteCount=38, failedProviderCount=0
2026-05-07 10:20:10.961 INFO  [scheduling-1] MarketRefreshCoordinator requestId= userId= method= uri= status= durationMs= - Market provider refresh completed: source=BINANCE, quoteCount=8
2026-05-07 10:20:10.962 INFO  [scheduling-1] MarketRefreshCoordinator requestId= userId= method= uri= status= durationMs= - Market provider skipped: source=BIST, reason=not-due, refreshMinutes=30
2026-05-07 10:20:10.962 INFO  [scheduling-1] MarketRefreshCoordinator requestId= userId= method= uri= status= durationMs= - Market provider due refresh started: source=EVDS
2026-05-07 10:20:10.962 INFO  [scheduling-1] ProviderOrchestrationService requestId= userId= method= uri= status= durationMs= - Market provider orchestration started: providerCount=3, sourceFilter=EVDS
2026-05-07 10:20:10.963 INFO  [scheduling-1] ProviderOrchestrationService requestId= userId= method= uri= status= durationMs= - Market provider skipped by supports: providerSource=BINANCE, requestSource=EVDS
2026-05-07 10:20:10.963 INFO  [scheduling-1] ProviderOrchestrationService requestId= userId= method= uri= status= durationMs= - Market provider skipped by supports: providerSource=BIST, requestSource=EVDS
2026-05-07 10:20:10.963 INFO  [scheduling-1] EvdsMarketDataProvider requestId= userId= method= uri= status= durationMs= - EVDS provider supports evaluated: supported=true, enabled=true, requestSource=EVDS
2026-05-07 10:20:10.964 INFO  [scheduling-1] ProviderOrchestrationService requestId= userId= method= uri= status= durationMs= - Market provider refresh started: source=EVDS
2026-05-07 10:20:10.966 INFO  [scheduling-1] EvdsMarketDataProvider requestId= userId= method= uri= status= durationMs= - Market provider registry resolved: providerSource=EVDS, registryMappingCount=11, resolvedSymbols=[TP.DK.USD.A, TP.DK.EUR.A, TP.DK.GBP.A, TP.DK.CHF.A, TP.DK.JPY.A, TP.DK.AUD.A, TP.DK.CNY.A.YTL, TP.DK.NOK.A, TP.DK.SEK.A, TP.DK.DKK.A, TP.DK.SAR.A], fallbackToYaml=true
2026-05-07 10:20:10.967 INFO  [scheduling-1] EvdsMarketDataProvider requestId= userId= method= uri= status= durationMs= - EVDS provider fetch started: symbolCount=11, seriesCodes=[TP.DK.USD.A, TP.DK.EUR.A, TP.DK.GBP.A, TP.DK.CHF.A, TP.DK.JPY.A, TP.DK.AUD.A, TP.DK.CNY.A.YTL, TP.DK.NOK.A, TP.DK.SEK.A, TP.DK.DKK.A, TP.DK.SAR.A]
2026-05-07 10:20:10.968 INFO  [scheduling-1] EvdsClient requestId= userId= method= uri= status= durationMs= - EVDS client request started: seriesCount=11, startDate=2026-04-30, endDate=2026-05-07
2026-05-07 10:20:11.290 INFO  [scheduling-1] EvdsClient requestId= userId= method= uri= status= durationMs= - EVDS client response received: status=200 OK, contentType=application/json;charset=UTF-8
2026-05-07 10:20:11.292 INFO  [scheduling-1] EvdsClient requestId= userId= method= uri= status= durationMs= - EVDS client request completed: recordCount=8
2026-05-07 10:20:11.294 INFO  [scheduling-1] EvdsMarketDataProvider requestId= userId= method= uri= status= durationMs= - EVDS provider fetch completed: quoteCount=11, historyRecordCount=55
2026-05-07 10:20:11.295 INFO  [scheduling-1] ProviderOrchestrationService requestId= userId= method= uri= status= durationMs=330 - Market provider refresh completed: source=EVDS, quoteCount=11, historyRecordCount=55, durationMs=330
2026-05-07 10:20:11.295 INFO  [scheduling-1] MarketCacheTtlPolicy requestId= userId= method= uri= status= durationMs= - Market cache ttl resolved: source=EVDS, ttl=PT6H
2026-05-07 10:20:11.295 INFO  [scheduling-1] MarketCacheService requestId= userId= method= uri= status= durationMs= - Market cache write: source=EVDS, key=market:quotes:source:EVDS, ttl=PT6H
2026-05-07 10:20:11.297 INFO  [scheduling-1] MarketCacheTtlPolicy requestId= userId= method= uri= status= durationMs= - Market cache ttl resolved: source=EVDS, ttl=PT6H
2026-05-07 10:20:11.297 INFO  [scheduling-1] MarketCacheService requestId= userId= method= uri= status= durationMs= - Market cache write: source=EVDS, key=market:quotes:symbol:USDTRY, ttl=PT6H
2026-05-07 10:20:11.298 INFO  [scheduling-1] MarketCacheTtlPolicy requestId= userId= method= uri= status= durationMs= - Market cache ttl resolved: source=EVDS, ttl=PT6H
2026-05-07 10:20:11.299 INFO  [scheduling-1] MarketCacheService requestId= userId= method= uri= status= durationMs= - Market cache write: source=EVDS, key=market:quotes:symbol:EURTRY, ttl=PT6H
2026-05-07 10:20:11.300 INFO  [scheduling-1] MarketCacheTtlPolicy requestId= userId= method= uri= status= durationMs= - Market cache ttl resolved: source=EVDS, ttl=PT6H
2026-05-07 10:20:11.300 INFO  [scheduling-1] MarketCacheService requestId= userId= method= uri= status= durationMs= - Market cache write: source=EVDS, key=market:quotes:symbol:GBPTRY, ttl=PT6H
2026-05-07 10:20:11.301 INFO  [scheduling-1] MarketCacheTtlPolicy requestId= userId= method= uri= status= durationMs= - Market cache ttl resolved: source=EVDS, ttl=PT6H
2026-05-07 10:20:11.301 INFO  [scheduling-1] MarketCacheService requestId= userId= method= uri= status= durationMs= - Market cache write: source=EVDS, key=market:quotes:symbol:CHFTRY, ttl=PT6H
2026-05-07 10:20:11.302 INFO  [scheduling-1] MarketCacheTtlPolicy requestId= userId= method= uri= status= durationMs= - Market cache ttl resolved: source=EVDS, ttl=PT6H
2026-05-07 10:20:11.302 INFO  [scheduling-1] MarketCacheService requestId= userId= method= uri= status= durationMs= - Market cache write: source=EVDS, key=market:quotes:symbol:JPYTRY, ttl=PT6H
2026-05-07 10:20:11.303 INFO  [scheduling-1] MarketCacheTtlPolicy requestId= userId= method= uri= status= durationMs= - Market cache ttl resolved: source=EVDS, ttl=PT6H
2026-05-07 10:20:11.304 INFO  [scheduling-1] MarketCacheService requestId= userId= method= uri= status= durationMs= - Market cache write: source=EVDS, key=market:quotes:symbol:AUDTRY, ttl=PT6H
2026-05-07 10:20:11.304 INFO  [scheduling-1] MarketCacheTtlPolicy requestId= userId= method= uri= status= durationMs= - Market cache ttl resolved: source=EVDS, ttl=PT6H
2026-05-07 10:20:11.305 INFO  [scheduling-1] MarketCacheService requestId= userId= method= uri= status= durationMs= - Market cache write: source=EVDS, key=market:quotes:symbol:CNYTRY, ttl=PT6H
2026-05-07 10:20:11.306 INFO  [scheduling-1] MarketCacheTtlPolicy requestId= userId= method= uri= status= durationMs= - Market cache ttl resolved: source=EVDS, ttl=PT6H
2026-05-07 10:20:11.306 INFO  [scheduling-1] MarketCacheService requestId= userId= method= uri= status= durationMs= - Market cache write: source=EVDS, key=market:quotes:symbol:NOKTRY, ttl=PT6H
2026-05-07 10:20:11.307 INFO  [scheduling-1] MarketCacheTtlPolicy requestId= userId= method= uri= status= durationMs= - Market cache ttl resolved: source=EVDS, ttl=PT6H
2026-05-07 10:20:11.307 INFO  [scheduling-1] MarketCacheService requestId= userId= method= uri= status= durationMs= - Market cache write: source=EVDS, key=market:quotes:symbol:SEKTRY, ttl=PT6H
2026-05-07 10:20:11.308 INFO  [scheduling-1] MarketCacheTtlPolicy requestId= userId= method= uri= status= durationMs= - Market cache ttl resolved: source=EVDS, ttl=PT6H
2026-05-07 10:20:11.309 INFO  [scheduling-1] MarketCacheService requestId= userId= method= uri= status= durationMs= - Market cache write: source=EVDS, key=market:quotes:symbol:DKKTRY, ttl=PT6H
2026-05-07 10:20:11.310 INFO  [scheduling-1] MarketCacheTtlPolicy requestId= userId= method= uri= status= durationMs= - Market cache ttl resolved: source=EVDS, ttl=PT6H
2026-05-07 10:20:11.310 INFO  [scheduling-1] MarketCacheService requestId= userId= method= uri= status= durationMs= - Market cache write: source=EVDS, key=market:quotes:symbol:SARTRY, ttl=PT6H
2026-05-07 10:20:11.312 INFO  [scheduling-1] MarketHistoryService requestId= userId= method= uri= status= durationMs= - Market history persistence candidates: source=EVDS, receivedCount=55, validatedCount=55, candidateCount=55
2026-05-07 10:20:11.315 INFO  [scheduling-1] MarketHistoryService requestId= userId= method= uri= status= durationMs= - Market history persistence pre-insert: source=EVDS, candidateCount=55, insertableCount=0
2026-05-07 10:20:11.316 INFO  [scheduling-1] MarketHistoryService requestId= userId= method= uri= status= durationMs= - Market history persistence completed: source=EVDS, received=55, saved=0, skippedDuplicate=55
2026-05-07 10:20:11.319 INFO  [scheduling-1] MarketCacheTtlPolicy requestId= userId= method= uri= status= durationMs= - Market cache ttl resolved: source=ALL, ttl=PT30M
2026-05-07 10:20:11.319 INFO  [scheduling-1] MarketCacheService requestId= userId= method= uri= status= durationMs= - Market cache write: source=ALL, key=market:quotes:all, ttl=PT30M
2026-05-07 10:20:11.321 INFO  [scheduling-1] MarketCacheTtlPolicy requestId= userId= method= uri= status= durationMs= - Market cache ttl resolved: source=BINANCE, ttl=PT2M
2026-05-07 10:20:11.321 INFO  [scheduling-1] MarketCacheService requestId= userId= method= uri= status= durationMs= - Market cache write: source=BINANCE, key=market:quotes:symbol:BTCUSDT, ttl=PT2M
2026-05-07 10:20:11.322 INFO  [scheduling-1] MarketCacheTtlPolicy requestId= userId= method= uri= status= durationMs= - Market cache ttl resolved: source=BINANCE, ttl=PT2M
2026-05-07 10:20:11.322 INFO  [scheduling-1] MarketCacheService requestId= userId= method= uri= status= durationMs= - Market cache write: source=BINANCE, key=market:quotes:symbol:ETHUSDT, ttl=PT2M
2026-05-07 10:20:11.323 INFO  [scheduling-1] MarketCacheTtlPolicy requestId= userId= method= uri= status= durationMs= - Market cache ttl resolved: source=BINANCE, ttl=PT2M
2026-05-07 10:20:11.324 INFO  [scheduling-1] MarketCacheService requestId= userId= method= uri= status= durationMs= - Market cache write: source=BINANCE, key=market:quotes:symbol:BNBUSDT, ttl=PT2M
2026-05-07 10:20:11.325 INFO  [scheduling-1] MarketCacheTtlPolicy requestId= userId= method= uri= status= durationMs= - Market cache ttl resolved: source=BINANCE, ttl=PT2M
2026-05-07 10:20:11.325 INFO  [scheduling-1] MarketCacheService requestId= userId= method= uri= status= durationMs= - Market cache write: source=BINANCE, key=market:quotes:symbol:ADAUSDT, ttl=PT2M
2026-05-07 10:20:11.326 INFO  [scheduling-1] MarketCacheTtlPolicy requestId= userId= method= uri= status= durationMs= - Market cache ttl resolved: source=BINANCE, ttl=PT2M
2026-05-07 10:20:11.327 INFO  [scheduling-1] MarketCacheService requestId= userId= method= uri= status= durationMs= - Market cache write: source=BINANCE, key=market:quotes:symbol:XRPUSDT, ttl=PT2M
2026-05-07 10:20:11.327 INFO  [scheduling-1] MarketCacheTtlPolicy requestId= userId= method= uri= status= durationMs= - Market cache ttl resolved: source=BINANCE, ttl=PT2M
2026-05-07 10:20:11.328 INFO  [scheduling-1] MarketCacheService requestId= userId= method= uri= status= durationMs= - Market cache write: source=BINANCE, key=market:quotes:symbol:DOGEUSDT, ttl=PT2M
2026-05-07 10:20:11.329 INFO  [scheduling-1] MarketCacheTtlPolicy requestId= userId= method= uri= status= durationMs= - Market cache ttl resolved: source=BINANCE, ttl=PT2M
2026-05-07 10:20:11.329 INFO  [scheduling-1] MarketCacheService requestId= userId= method= uri= status= durationMs= - Market cache write: source=BINANCE, key=market:quotes:symbol:SOLUSDT, ttl=PT2M
2026-05-07 10:20:11.330 INFO  [scheduling-1] MarketCacheTtlPolicy requestId= userId= method= uri= status= durationMs= - Market cache ttl resolved: source=BINANCE, ttl=PT2M
2026-05-07 10:20:11.330 INFO  [scheduling-1] MarketCacheService requestId= userId= method= uri= status= durationMs= - Market cache write: source=BINANCE, key=market:quotes:symbol:AVAXUSDT, ttl=PT2M
2026-05-07 10:20:11.331 INFO  [scheduling-1] MarketCacheTtlPolicy requestId= userId= method= uri= status= durationMs= - Market cache ttl resolved: source=BIST, ttl=PT24H
2026-05-07 10:20:11.332 INFO  [scheduling-1] MarketCacheService requestId= userId= method= uri= status= durationMs= - Market cache write: source=BIST, key=market:quotes:symbol:THYAO, ttl=PT24H
2026-05-07 10:20:11.332 INFO  [scheduling-1] MarketCacheTtlPolicy requestId= userId= method= uri= status= durationMs= - Market cache ttl resolved: source=BIST, ttl=PT24H
2026-05-07 10:20:11.333 INFO  [scheduling-1] MarketCacheService requestId= userId= method= uri= status= durationMs= - Market cache write: source=BIST, key=market:quotes:symbol:ASELS, ttl=PT24H
2026-05-07 10:20:11.334 INFO  [scheduling-1] MarketCacheTtlPolicy requestId= userId= method= uri= status= durationMs= - Market cache ttl resolved: source=BIST, ttl=PT24H
2026-05-07 10:20:11.334 INFO  [scheduling-1] MarketCacheService requestId= userId= method= uri= status= durationMs= - Market cache write: source=BIST, key=market:quotes:symbol:GARAN, ttl=PT24H
2026-05-07 10:20:11.335 INFO  [scheduling-1] MarketCacheTtlPolicy requestId= userId= method= uri= status= durationMs= - Market cache ttl resolved: source=BIST, ttl=PT24H
2026-05-07 10:20:11.335 INFO  [scheduling-1] MarketCacheService requestId= userId= method= uri= status= durationMs= - Market cache write: source=BIST, key=market:quotes:symbol:AKBNK, ttl=PT24H
2026-05-07 10:20:11.336 INFO  [scheduling-1] MarketCacheTtlPolicy requestId= userId= method= uri= status= durationMs= - Market cache ttl resolved: source=BIST, ttl=PT24H
2026-05-07 10:20:11.336 INFO  [scheduling-1] MarketCacheService requestId= userId= method= uri= status= durationMs= - Market cache write: source=BIST, key=market:quotes:symbol:BIMAS, ttl=PT24H
2026-05-07 10:20:11.337 INFO  [scheduling-1] MarketCacheTtlPolicy requestId= userId= method= uri= status= durationMs= - Market cache ttl resolved: source=BIST, ttl=PT24H
2026-05-07 10:20:11.337 INFO  [scheduling-1] MarketCacheService requestId= userId= method= uri= status= durationMs= - Market cache write: source=BIST, key=market:quotes:symbol:KCHOL, ttl=PT24H
2026-05-07 10:20:11.339 INFO  [scheduling-1] MarketCacheTtlPolicy requestId= userId= method= uri= status= durationMs= - Market cache ttl resolved: source=BIST, ttl=PT24H
2026-05-07 10:20:11.340 INFO  [scheduling-1] MarketCacheService requestId= userId= method= uri= status= durationMs= - Market cache write: source=BIST, key=market:quotes:symbol:SAHOL, ttl=PT24H
2026-05-07 10:20:11.341 INFO  [scheduling-1] MarketCacheTtlPolicy requestId= userId= method= uri= status= durationMs= - Market cache ttl resolved: source=BIST, ttl=PT24H
2026-05-07 10:20:11.341 INFO  [scheduling-1] MarketCacheService requestId= userId= method= uri= status= durationMs= - Market cache write: source=BIST, key=market:quotes:symbol:EREGL, ttl=PT24H
2026-05-07 10:20:11.342 INFO  [scheduling-1] MarketCacheTtlPolicy requestId= userId= method= uri= status= durationMs= - Market cache ttl resolved: source=BIST, ttl=PT24H
2026-05-07 10:20:11.342 INFO  [scheduling-1] MarketCacheService requestId= userId= method= uri= status= durationMs= - Market cache write: source=BIST, key=market:quotes:symbol:TUPRS, ttl=PT24H
2026-05-07 10:20:11.343 INFO  [scheduling-1] MarketCacheTtlPolicy requestId= userId= method= uri= status= durationMs= - Market cache ttl resolved: source=BIST, ttl=PT24H
2026-05-07 10:20:11.344 INFO  [scheduling-1] MarketCacheService requestId= userId= method= uri= status= durationMs= - Market cache write: source=BIST, key=market:quotes:symbol:FROTO, ttl=PT24H
2026-05-07 10:20:11.344 INFO  [scheduling-1] MarketCacheTtlPolicy requestId= userId= method= uri= status= durationMs= - Market cache ttl resolved: source=BIST, ttl=PT24H
2026-05-07 10:20:11.345 INFO  [scheduling-1] MarketCacheService requestId= userId= method= uri= status= durationMs= - Market cache write: source=BIST, key=market:quotes:symbol:SISE, ttl=PT24H
2026-05-07 10:20:11.346 INFO  [scheduling-1] MarketCacheTtlPolicy requestId= userId= method= uri= status= durationMs= - Market cache ttl resolved: source=BIST, ttl=PT24H
2026-05-07 10:20:11.346 INFO  [scheduling-1] MarketCacheService requestId= userId= method= uri= status= durationMs= - Market cache write: source=BIST, key=market:quotes:symbol:PETKM, ttl=PT24H
2026-05-07 10:20:11.348 INFO  [scheduling-1] MarketCacheTtlPolicy requestId= userId= method= uri= status= durationMs= - Market cache ttl resolved: source=BIST, ttl=PT24H
2026-05-07 10:20:11.348 INFO  [scheduling-1] MarketCacheService requestId= userId= method= uri= status= durationMs= - Market cache write: source=BIST, key=market:quotes:symbol:PGSUS, ttl=PT24H
2026-05-07 10:20:11.349 INFO  [scheduling-1] MarketCacheTtlPolicy requestId= userId= method= uri= status= durationMs= - Market cache ttl resolved: source=BIST, ttl=PT24H
2026-05-07 10:20:11.350 INFO  [scheduling-1] MarketCacheService requestId= userId= method= uri= status= durationMs= - Market cache write: source=BIST, key=market:quotes:symbol:TTKOM, ttl=PT24H
2026-05-07 10:20:11.351 INFO  [scheduling-1] MarketCacheTtlPolicy requestId= userId= method= uri= status= durationMs= - Market cache ttl resolved: source=BIST, ttl=PT24H
2026-05-07 10:20:11.352 INFO  [scheduling-1] MarketCacheService requestId= userId= method= uri= status= durationMs= - Market cache write: source=BIST, key=market:quotes:symbol:ISCTR, ttl=PT24H
2026-05-07 10:20:11.353 INFO  [scheduling-1] MarketCacheTtlPolicy requestId= userId= method= uri= status= durationMs= - Market cache ttl resolved: source=BIST, ttl=PT24H
2026-05-07 10:20:11.354 INFO  [scheduling-1] MarketCacheService requestId= userId= method= uri= status= durationMs= - Market cache write: source=BIST, key=market:quotes:symbol:YKBNK, ttl=PT24H
2026-05-07 10:20:11.355 INFO  [scheduling-1] MarketCacheTtlPolicy requestId= userId= method= uri= status= durationMs= - Market cache ttl resolved: source=BIST, ttl=PT24H
2026-05-07 10:20:11.355 INFO  [scheduling-1] MarketCacheService requestId= userId= method= uri= status= durationMs= - Market cache write: source=BIST, key=market:quotes:symbol:HALKB, ttl=PT24H
2026-05-07 10:20:11.356 INFO  [scheduling-1] MarketCacheTtlPolicy requestId= userId= method= uri= status= durationMs= - Market cache ttl resolved: source=BIST, ttl=PT24H
2026-05-07 10:20:11.356 INFO  [scheduling-1] MarketCacheService requestId= userId= method= uri= status= durationMs= - Market cache write: source=BIST, key=market:quotes:symbol:VAKBN, ttl=PT24H
2026-05-07 10:20:11.357 INFO  [scheduling-1] MarketCacheTtlPolicy requestId= userId= method= uri= status= durationMs= - Market cache ttl resolved: source=BIST, ttl=PT24H
2026-05-07 10:20:11.358 INFO  [scheduling-1] MarketCacheService requestId= userId= method= uri= status= durationMs= - Market cache write: source=BIST, key=market:quotes:symbol:TCELL, ttl=PT24H
2026-05-07 10:20:11.358 INFO  [scheduling-1] MarketCacheTtlPolicy requestId= userId= method= uri= status= durationMs= - Market cache ttl resolved: source=EVDS, ttl=PT6H
2026-05-07 10:20:11.359 INFO  [scheduling-1] MarketCacheService requestId= userId= method= uri= status= durationMs= - Market cache write: source=EVDS, key=market:quotes:symbol:USDTRY, ttl=PT6H
2026-05-07 10:20:11.360 INFO  [scheduling-1] MarketCacheTtlPolicy requestId= userId= method= uri= status= durationMs= - Market cache ttl resolved: source=EVDS, ttl=PT6H
2026-05-07 10:20:11.360 INFO  [scheduling-1] MarketCacheService requestId= userId= method= uri= status= durationMs= - Market cache write: source=EVDS, key=market:quotes:symbol:EURTRY, ttl=PT6H
2026-05-07 10:20:11.361 INFO  [scheduling-1] MarketCacheTtlPolicy requestId= userId= method= uri= status= durationMs= - Market cache ttl resolved: source=EVDS, ttl=PT6H
2026-05-07 10:20:11.361 INFO  [scheduling-1] MarketCacheService requestId= userId= method= uri= status= durationMs= - Market cache write: source=EVDS, key=market:quotes:symbol:GBPTRY, ttl=PT6H
2026-05-07 10:20:11.362 INFO  [scheduling-1] MarketCacheTtlPolicy requestId= userId= method= uri= status= durationMs= - Market cache ttl resolved: source=EVDS, ttl=PT6H
2026-05-07 10:20:11.362 INFO  [scheduling-1] MarketCacheService requestId= userId= method= uri= status= durationMs= - Market cache write: source=EVDS, key=market:quotes:symbol:CHFTRY, ttl=PT6H
2026-05-07 10:20:11.362 INFO  [scheduling-1] MarketCacheTtlPolicy requestId= userId= method= uri= status= durationMs= - Market cache ttl resolved: source=EVDS, ttl=PT6H
2026-05-07 10:20:11.363 INFO  [scheduling-1] MarketCacheService requestId= userId= method= uri= status= durationMs= - Market cache write: source=EVDS, key=market:quotes:symbol:JPYTRY, ttl=PT6H
2026-05-07 10:20:11.363 INFO  [scheduling-1] MarketCacheTtlPolicy requestId= userId= method= uri= status= durationMs= - Market cache ttl resolved: source=EVDS, ttl=PT6H
2026-05-07 10:20:11.364 INFO  [scheduling-1] MarketCacheService requestId= userId= method= uri= status= durationMs= - Market cache write: source=EVDS, key=market:quotes:symbol:AUDTRY, ttl=PT6H
2026-05-07 10:20:11.364 INFO  [scheduling-1] MarketCacheTtlPolicy requestId= userId= method= uri= status= durationMs= - Market cache ttl resolved: source=EVDS, ttl=PT6H
2026-05-07 10:20:11.365 INFO  [scheduling-1] MarketCacheService requestId= userId= method= uri= status= durationMs= - Market cache write: source=EVDS, key=market:quotes:symbol:CNYTRY, ttl=PT6H
2026-05-07 10:20:11.365 INFO  [scheduling-1] MarketCacheTtlPolicy requestId= userId= method= uri= status= durationMs= - Market cache ttl resolved: source=EVDS, ttl=PT6H
2026-05-07 10:20:11.366 INFO  [scheduling-1] MarketCacheService requestId= userId= method= uri= status= durationMs= - Market cache write: source=EVDS, key=market:quotes:symbol:NOKTRY, ttl=PT6H
2026-05-07 10:20:11.367 INFO  [scheduling-1] MarketCacheTtlPolicy requestId= userId= method= uri= status= durationMs= - Market cache ttl resolved: source=EVDS, ttl=PT6H
2026-05-07 10:20:11.367 INFO  [scheduling-1] MarketCacheService requestId= userId= method= uri= status= durationMs= - Market cache write: source=EVDS, key=market:quotes:symbol:SEKTRY, ttl=PT6H
2026-05-07 10:20:11.367 INFO  [scheduling-1] MarketCacheTtlPolicy requestId= userId= method= uri= status= durationMs= - Market cache ttl resolved: source=EVDS, ttl=PT6H
2026-05-07 10:20:11.368 INFO  [scheduling-1] MarketCacheService requestId= userId= method= uri= status= durationMs= - Market cache write: source=EVDS, key=market:quotes:symbol:DKKTRY, ttl=PT6H
2026-05-07 10:20:11.369 INFO  [scheduling-1] MarketCacheTtlPolicy requestId= userId= method= uri= status= durationMs= - Market cache ttl resolved: source=EVDS, ttl=PT6H
2026-05-07 10:20:11.369 INFO  [scheduling-1] MarketCacheService requestId= userId= method= uri= status= durationMs= - Market cache write: source=EVDS, key=market:quotes:symbol:SARTRY, ttl=PT6H
2026-05-07 10:20:11.370 INFO  [scheduling-1] MarketRefreshService requestId= userId= method= uri= status= durationMs= - Market refresh completed: processedQuoteCount=11, historyRecordCount=55, aggregateQuoteCount=38, failedProviderCount=0
2026-05-07 10:20:11.370 INFO  [scheduling-1] MarketRefreshCoordinator requestId= userId= method= uri= status= durationMs= - Market provider refresh completed: source=EVDS, quoteCount=11
2026-05-07 10:20:12.067 DEBUG [http-nio-8080-exec-4] FilterChainProxy requestId=4849b1ec-9780-4052-8d65-5cdde10138cf userId= method= uri= status= durationMs= - Securing GET /actuator/prometheus
2026-05-07 10:20:12.069 DEBUG [http-nio-8080-exec-4] AnonymousAuthenticationFilter requestId=4849b1ec-9780-4052-8d65-5cdde10138cf userId= method= uri= status= durationMs= - Set SecurityContextHolder to anonymous SecurityContext
2026-05-07 10:20:12.070 DEBUG [http-nio-8080-exec-4] FilterChainProxy requestId=4849b1ec-9780-4052-8d65-5cdde10138cf userId= method= uri= status= durationMs= - Secured GET /actuator/prometheus
2026-05-07 10:20:12.074 INFO  [http-nio-8080-exec-4] HttpRequestLoggingFilter requestId=4849b1ec-9780-4052-8d65-5cdde10138cf userId= method=GET uri=/actuator/prometheus status=200 durationMs=7 - HTTP request completed
2026-05-07 10:20:22.068 DEBUG [http-nio-8080-exec-5] FilterChainProxy requestId=cf060606-5018-42a1-a4bf-bd531204802d userId= method= uri= status= durationMs= - Securing GET /actuator/prometheus
2026-05-07 10:20:22.070 DEBUG [http-nio-8080-exec-5] AnonymousAuthenticationFilter requestId=cf060606-5018-42a1-a4bf-bd531204802d userId= method= uri= status= durationMs= - Set SecurityContextHolder to anonymous SecurityContext
2026-05-07 10:20:22.072 DEBUG [http-nio-8080-exec-5] FilterChainProxy requestId=cf060606-5018-42a1-a4bf-bd531204802d userId= method= uri= status= durationMs= - Secured GET /actuator/prometheus
2026-05-07 10:20:22.076 INFO  [http-nio-8080-exec-5] HttpRequestLoggingFilter requestId=cf060606-5018-42a1-a4bf-bd531204802d userId= method=GET uri=/actuator/prometheus status=200 durationMs=8 - HTTP request completed
2026-05-07 10:20:32.066 DEBUG [http-nio-8080-exec-6] FilterChainProxy requestId=67c343da-4ff0-4f49-853d-be1b3497bd97 userId= method= uri= status= durationMs= - Securing GET /actuator/prometheus
2026-05-07 10:20:32.068 DEBUG [http-nio-8080-exec-6] AnonymousAuthenticationFilter requestId=67c343da-4ff0-4f49-853d-be1b3497bd97 userId= method= uri= status= durationMs= - Set SecurityContextHolder to anonymous SecurityContext
2026-05-07 10:20:32.069 DEBUG [http-nio-8080-exec-6] FilterChainProxy requestId=67c343da-4ff0-4f49-853d-be1b3497bd97 userId= method= uri= status= durationMs= - Secured GET /actuator/prometheus
2026-05-07 10:20:32.073 INFO  [http-nio-8080-exec-6] HttpRequestLoggingFilter requestId=67c343da-4ff0-4f49-853d-be1b3497bd97 userId= method=GET uri=/actuator/prometheus status=200 durationMs=7 - HTTP request completed
2026-05-07 10:20:42.038 DEBUG [http-nio-8080-exec-7] FilterChainProxy requestId=bed3d702-67ef-49c9-b539-49a21dab72a6 userId= method= uri= status= durationMs= - Securing GET /actuator/prometheus
2026-05-07 10:20:42.040 DEBUG [http-nio-8080-exec-7] AnonymousAuthenticationFilter requestId=bed3d702-67ef-49c9-b539-49a21dab72a6 userId= method= uri= status= durationMs= - Set SecurityContextHolder to anonymous SecurityContext
2026-05-07 10:20:42.041 DEBUG [http-nio-8080-exec-7] FilterChainProxy requestId=bed3d702-67ef-49c9-b539-49a21dab72a6 userId= method= uri= status= durationMs= - Secured GET /actuator/prometheus
2026-05-07 10:20:42.045 INFO  [http-nio-8080-exec-7] HttpRequestLoggingFilter requestId=bed3d702-67ef-49c9-b539-49a21dab72a6 userId= method=GET uri=/actuator/prometheus status=200 durationMs=7 - HTTP request completed
2026-05-07 10:20:52.038 DEBUG [http-nio-8080-exec-8] FilterChainProxy requestId=c08a44ec-cc50-45cc-a02f-8ff0ddce3985 userId= method= uri= status= durationMs= - Securing GET /actuator/prometheus
2026-05-07 10:20:52.039 DEBUG [http-nio-8080-exec-8] AnonymousAuthenticationFilter requestId=c08a44ec-cc50-45cc-a02f-8ff0ddce3985 userId= method= uri= status= durationMs= - Set SecurityContextHolder to anonymous SecurityContext
2026-05-07 10:20:52.040 DEBUG [http-nio-8080-exec-8] FilterChainProxy requestId=c08a44ec-cc50-45cc-a02f-8ff0ddce3985 userId= method= uri= status= durationMs= - Secured GET /actuator/prometheus
2026-05-07 10:20:52.044 INFO  [http-nio-8080-exec-8] HttpRequestLoggingFilter requestId=c08a44ec-cc50-45cc-a02f-8ff0ddce3985 userId= method=GET uri=/actuator/prometheus status=200 durationMs=7 - HTTP request completed
2026-05-07 10:21:02.038 DEBUG [http-nio-8080-exec-9] FilterChainProxy requestId=7ec96579-2a6d-479b-8e97-bd61d3b82081 userId= method= uri= status= durationMs= - Securing GET /actuator/prometheus
2026-05-07 10:21:02.039 DEBUG [http-nio-8080-exec-9] AnonymousAuthenticationFilter requestId=7ec96579-2a6d-479b-8e97-bd61d3b82081 userId= method= uri= status= durationMs= - Set SecurityContextHolder to anonymous SecurityContext
2026-05-07 10:21:02.040 DEBUG [http-nio-8080-exec-9] FilterChainProxy requestId=7ec96579-2a6d-479b-8e97-bd61d3b82081 userId= method= uri= status= durationMs= - Secured GET /actuator/prometheus
2026-05-07 10:21:02.044 INFO  [http-nio-8080-exec-9] HttpRequestLoggingFilter requestId=7ec96579-2a6d-479b-8e97-bd61d3b82081 userId= method=GET uri=/actuator/prometheus status=200 durationMs=6 - HTTP request completed
2026-05-07 10:21:12.002 DEBUG [http-nio-8080-exec-10] FilterChainProxy requestId=b52ace4f-9e71-4d62-91b9-ddb5481cc619 userId= method= uri= status= durationMs= - Securing GET /actuator/prometheus
2026-05-07 10:21:12.004 DEBUG [http-nio-8080-exec-10] AnonymousAuthenticationFilter requestId=b52ace4f-9e71-4d62-91b9-ddb5481cc619 userId= method= uri= status= durationMs= - Set SecurityContextHolder to anonymous SecurityContext
2026-05-07 10:21:12.005 DEBUG [http-nio-8080-exec-10] FilterChainProxy requestId=b52ace4f-9e71-4d62-91b9-ddb5481cc619 userId= method= uri= status= durationMs= - Secured GET /actuator/prometheus
2026-05-07 10:21:12.008 INFO  [http-nio-8080-exec-10] HttpRequestLoggingFilter requestId=b52ace4f-9e71-4d62-91b9-ddb5481cc619 userId= method=GET uri=/actuator/prometheus status=200 durationMs=6 - HTTP request completed
2026-05-07 10:21:22.004 DEBUG [http-nio-8080-exec-1] FilterChainProxy requestId=df33df88-acbb-4a9a-ade4-9e975ee64669 userId= method= uri= status= durationMs= - Securing GET /actuator/prometheus
2026-05-07 10:21:22.006 DEBUG [http-nio-8080-exec-1] AnonymousAuthenticationFilter requestId=df33df88-acbb-4a9a-ade4-9e975ee64669 userId= method= uri= status= durationMs= - Set SecurityContextHolder to anonymous SecurityContext
2026-05-07 10:21:22.008 DEBUG [http-nio-8080-exec-1] FilterChainProxy requestId=df33df88-acbb-4a9a-ade4-9e975ee64669 userId= method= uri= status= durationMs= - Secured GET /actuator/prometheus
2026-05-07 10:21:22.011 INFO  [http-nio-8080-exec-1] HttpRequestLoggingFilter requestId=df33df88-acbb-4a9a-ade4-9e975ee64669 userId= method=GET uri=/actuator/prometheus status=200 durationMs=8 - HTTP request completed
2026-05-07 10:21:32.003 DEBUG [http-nio-8080-exec-2] FilterChainProxy requestId=815f1b5a-30d5-4f52-ad31-95fed5096bfa userId= method= uri= status= durationMs= - Securing GET /actuator/prometheus
2026-05-07 10:21:32.005 DEBUG [http-nio-8080-exec-2] AnonymousAuthenticationFilter requestId=815f1b5a-30d5-4f52-ad31-95fed5096bfa userId= method= uri= status= durationMs= - Set SecurityContextHolder to anonymous SecurityContext
2026-05-07 10:21:32.006 DEBUG [http-nio-8080-exec-2] FilterChainProxy requestId=815f1b5a-30d5-4f52-ad31-95fed5096bfa userId= method= uri= status= durationMs= - Secured GET /actuator/prometheus
2026-05-07 10:21:32.010 INFO  [http-nio-8080-exec-2] HttpRequestLoggingFilter requestId=815f1b5a-30d5-4f52-ad31-95fed5096bfa userId= method=GET uri=/actuator/prometheus status=200 durationMs=7 - HTTP request completed
2026-05-07 10:21:41.969 DEBUG [http-nio-8080-exec-3] FilterChainProxy requestId=f73c35a4-000b-4c50-8440-3f097c948ef4 userId= method= uri= status= durationMs= - Securing GET /actuator/prometheus
2026-05-07 10:21:41.970 DEBUG [http-nio-8080-exec-3] AnonymousAuthenticationFilter requestId=f73c35a4-000b-4c50-8440-3f097c948ef4 userId= method= uri= status= durationMs= - Set SecurityContextHolder to anonymous SecurityContext
2026-05-07 10:21:41.972 DEBUG [http-nio-8080-exec-3] FilterChainProxy requestId=f73c35a4-000b-4c50-8440-3f097c948ef4 userId= method= uri= status= durationMs= - Secured GET /actuator/prometheus
2026-05-07 10:21:41.975 INFO  [http-nio-8080-exec-3] HttpRequestLoggingFilter requestId=f73c35a4-000b-4c50-8440-3f097c948ef4 userId= method=GET uri=/actuator/prometheus status=200 durationMs=6 - HTTP request completed
2026-05-07 10:21:51.967 DEBUG [http-nio-8080-exec-4] FilterChainProxy requestId=b3ba21b8-f5bd-4fe5-b84f-fa28f910aed1 userId= method= uri= status= durationMs= - Securing GET /actuator/prometheus
2026-05-07 10:21:51.968 DEBUG [http-nio-8080-exec-4] AnonymousAuthenticationFilter requestId=b3ba21b8-f5bd-4fe5-b84f-fa28f910aed1 userId= method= uri= status= durationMs= - Set SecurityContextHolder to anonymous SecurityContext
2026-05-07 10:21:51.970 DEBUG [http-nio-8080-exec-4] FilterChainProxy requestId=b3ba21b8-f5bd-4fe5-b84f-fa28f910aed1 userId= method= uri= status= durationMs= - Secured GET /actuator/prometheus
2026-05-07 10:21:51.974 INFO  [http-nio-8080-exec-4] HttpRequestLoggingFilter requestId=b3ba21b8-f5bd-4fe5-b84f-fa28f910aed1 userId= method=GET uri=/actuator/prometheus status=200 durationMs=7 - HTTP request completed
2026-05-07 10:22:01.967 DEBUG [http-nio-8080-exec-5] FilterChainProxy requestId=2deab15d-735a-4670-899c-fd50c17eea9a userId= method= uri= status= durationMs= - Securing GET /actuator/prometheus
2026-05-07 10:22:01.969 DEBUG [http-nio-8080-exec-5] AnonymousAuthenticationFilter requestId=2deab15d-735a-4670-899c-fd50c17eea9a userId= method= uri= status= durationMs= - Set SecurityContextHolder to anonymous SecurityContext
2026-05-07 10:22:01.970 DEBUG [http-nio-8080-exec-5] FilterChainProxy requestId=2deab15d-735a-4670-899c-fd50c17eea9a userId= method= uri= status= durationMs= - Secured GET /actuator/prometheus
2026-05-07 10:22:01.974 INFO  [http-nio-8080-exec-5] HttpRequestLoggingFilter requestId=2deab15d-735a-4670-899c-fd50c17eea9a userId= method=GET uri=/actuator/prometheus status=200 durationMs=7 - HTTP request completed
2026-05-07 10:22:11.932 DEBUG [http-nio-8080-exec-6] FilterChainProxy requestId=6f4ae8a9-8452-4da6-9407-cf8056597191 userId= method= uri= status= durationMs= - Securing GET /actuator/prometheus
2026-05-07 10:22:11.934 DEBUG [http-nio-8080-exec-6] AnonymousAuthenticationFilter requestId=6f4ae8a9-8452-4da6-9407-cf8056597191 userId= method= uri= status= durationMs= - Set SecurityContextHolder to anonymous SecurityContext
2026-05-07 10:22:11.936 DEBUG [http-nio-8080-exec-6] FilterChainProxy requestId=6f4ae8a9-8452-4da6-9407-cf8056597191 userId= method= uri= status= durationMs= - Secured GET /actuator/prometheus
2026-05-07 10:22:11.940 INFO  [http-nio-8080-exec-6] HttpRequestLoggingFilter requestId=6f4ae8a9-8452-4da6-9407-cf8056597191 userId= method=GET uri=/actuator/prometheus status=200 durationMs=8 - HTTP request completed
2026-05-07 10:22:21.932 DEBUG [http-nio-8080-exec-7] FilterChainProxy requestId=8cef6011-6a10-4af4-b11e-381c917b57fc userId= method= uri= status= durationMs= - Securing GET /actuator/prometheus
2026-05-07 10:22:21.934 DEBUG [http-nio-8080-exec-7] AnonymousAuthenticationFilter requestId=8cef6011-6a10-4af4-b11e-381c917b57fc userId= method= uri= status= durationMs= - Set SecurityContextHolder to anonymous SecurityContext
2026-05-07 10:22:21.935 DEBUG [http-nio-8080-exec-7] FilterChainProxy requestId=8cef6011-6a10-4af4-b11e-381c917b57fc userId= method= uri= status= durationMs= - Secured GET /actuator/prometheus
2026-05-07 10:22:21.939 INFO  [http-nio-8080-exec-7] HttpRequestLoggingFilter requestId=8cef6011-6a10-4af4-b11e-381c917b57fc userId= method=GET uri=/actuator/prometheus status=200 durationMs=7 - HTTP request completed
2026-05-07 10:22:31.932 DEBUG [http-nio-8080-exec-8] FilterChainProxy requestId=0a432ef0-6918-46cd-9709-6fce7fd24104 userId= method= uri= status= durationMs= - Securing GET /actuator/prometheus
2026-05-07 10:22:31.934 DEBUG [http-nio-8080-exec-8] AnonymousAuthenticationFilter requestId=0a432ef0-6918-46cd-9709-6fce7fd24104 userId= method= uri= status= durationMs= - Set SecurityContextHolder to anonymous SecurityContext
2026-05-07 10:22:31.935 DEBUG [http-nio-8080-exec-8] FilterChainProxy requestId=0a432ef0-6918-46cd-9709-6fce7fd24104 userId= method= uri= status= durationMs= - Secured GET /actuator/prometheus
2026-05-07 10:22:31.939 INFO  [http-nio-8080-exec-8] HttpRequestLoggingFilter requestId=0a432ef0-6918-46cd-9709-6fce7fd24104 userId= method=GET uri=/actuator/prometheus status=200 durationMs=7 - HTTP request completed
2026-05-07 10:22:41.896 DEBUG [http-nio-8080-exec-9] FilterChainProxy requestId=831f8183-74e4-4aca-96f2-69c644631d65 userId= method= uri= status= durationMs= - Securing GET /actuator/prometheus
2026-05-07 10:22:41.898 DEBUG [http-nio-8080-exec-9] AnonymousAuthenticationFilter requestId=831f8183-74e4-4aca-96f2-69c644631d65 userId= method= uri= status= durationMs= - Set SecurityContextHolder to anonymous SecurityContext
2026-05-07 10:22:41.900 DEBUG [http-nio-8080-exec-9] FilterChainProxy requestId=831f8183-74e4-4aca-96f2-69c644631d65 userId= method= uri= status= durationMs= - Secured GET /actuator/prometheus
2026-05-07 10:22:41.904 INFO  [http-nio-8080-exec-9] HttpRequestLoggingFilter requestId=831f8183-74e4-4aca-96f2-69c644631d65 userId= method=GET uri=/actuator/prometheus status=200 durationMs=7 - HTTP request completed
2026-05-07 10:22:51.897 DEBUG [http-nio-8080-exec-10] FilterChainProxy requestId=2f1d5ff2-5a2b-4d1d-8ddd-30e7b47a8e1d userId= method= uri= status= durationMs= - Securing GET /actuator/prometheus
2026-05-07 10:22:51.899 DEBUG [http-nio-8080-exec-10] AnonymousAuthenticationFilter requestId=2f1d5ff2-5a2b-4d1d-8ddd-30e7b47a8e1d userId= method= uri= status= durationMs= - Set SecurityContextHolder to anonymous SecurityContext
2026-05-07 10:22:51.900 DEBUG [http-nio-8080-exec-10] FilterChainProxy requestId=2f1d5ff2-5a2b-4d1d-8ddd-30e7b47a8e1d userId= method= uri= status= durationMs= - Secured GET /actuator/prometheus
2026-05-07 10:22:51.905 INFO  [http-nio-8080-exec-10] HttpRequestLoggingFilter requestId=2f1d5ff2-5a2b-4d1d-8ddd-30e7b47a8e1d userId= method=GET uri=/actuator/prometheus status=200 durationMs=8 - HTTP request completed
2026-05-07 10:23:01.897 DEBUG [http-nio-8080-exec-1] FilterChainProxy requestId=9ad45f4e-fc58-4b99-802a-3bdf7c11d3d8 userId= method= uri= status= durationMs= - Securing GET /actuator/prometheus
2026-05-07 10:23:01.899 DEBUG [http-nio-8080-exec-1] AnonymousAuthenticationFilter requestId=9ad45f4e-fc58-4b99-802a-3bdf7c11d3d8 userId= method= uri= status= durationMs= - Set SecurityContextHolder to anonymous SecurityContext
2026-05-07 10:23:01.900 DEBUG [http-nio-8080-exec-1] FilterChainProxy requestId=9ad45f4e-fc58-4b99-802a-3bdf7c11d3d8 userId= method= uri= status= durationMs= - Secured GET /actuator/prometheus
2026-05-07 10:23:01.905 INFO  [http-nio-8080-exec-1] HttpRequestLoggingFilter requestId=9ad45f4e-fc58-4b99-802a-3bdf7c11d3d8 userId= method=GET uri=/actuator/prometheus status=200 durationMs=8 - HTTP request completed
2026-05-07 10:23:11.866 DEBUG [http-nio-8080-exec-2] FilterChainProxy requestId=0961a811-d16c-4156-a91b-35aba356dfef userId= method= uri= status= durationMs= - Securing GET /actuator/prometheus
2026-05-07 10:23:11.869 DEBUG [http-nio-8080-exec-2] AnonymousAuthenticationFilter requestId=0961a811-d16c-4156-a91b-35aba356dfef userId= method= uri= status= durationMs= - Set SecurityContextHolder to anonymous SecurityContext
2026-05-07 10:23:11.870 DEBUG [http-nio-8080-exec-2] FilterChainProxy requestId=0961a811-d16c-4156-a91b-35aba356dfef userId= method= uri= status= durationMs= - Secured GET /actuator/prometheus
2026-05-07 10:23:11.875 INFO  [http-nio-8080-exec-2] HttpRequestLoggingFilter requestId=0961a811-d16c-4156-a91b-35aba356dfef userId= method=GET uri=/actuator/prometheus status=200 durationMs=10 - HTTP request completed
2026-05-07 10:23:21.862 DEBUG [http-nio-8080-exec-3] FilterChainProxy requestId=1039efbc-189e-4928-8cb3-761cca0dba2f userId= method= uri= status= durationMs= - Securing GET /actuator/prometheus
2026-05-07 10:23:21.864 DEBUG [http-nio-8080-exec-3] AnonymousAuthenticationFilter requestId=1039efbc-189e-4928-8cb3-761cca0dba2f userId= method= uri= status= durationMs= - Set SecurityContextHolder to anonymous SecurityContext
2026-05-07 10:23:21.866 DEBUG [http-nio-8080-exec-3] FilterChainProxy requestId=1039efbc-189e-4928-8cb3-761cca0dba2f userId= method= uri= status= durationMs= - Secured GET /actuator/prometheus
2026-05-07 10:23:21.871 INFO  [http-nio-8080-exec-3] HttpRequestLoggingFilter requestId=1039efbc-189e-4928-8cb3-761cca0dba2f userId= method=GET uri=/actuator/prometheus status=200 durationMs=9 - HTTP request completed
2026-05-07 10:23:31.862 DEBUG [http-nio-8080-exec-4] FilterChainProxy requestId=c03fd531-08ff-4c1b-bd56-adefea1710fe userId= method= uri= status= durationMs= - Securing GET /actuator/prometheus
2026-05-07 10:23:31.864 DEBUG [http-nio-8080-exec-4] AnonymousAuthenticationFilter requestId=c03fd531-08ff-4c1b-bd56-adefea1710fe userId= method= uri= status= durationMs= - Set SecurityContextHolder to anonymous SecurityContext
2026-05-07 10:23:31.865 DEBUG [http-nio-8080-exec-4] FilterChainProxy requestId=c03fd531-08ff-4c1b-bd56-adefea1710fe userId= method= uri= status= durationMs= - Secured GET /actuator/prometheus
2026-05-07 10:23:31.869 INFO  [http-nio-8080-exec-4] HttpRequestLoggingFilter requestId=c03fd531-08ff-4c1b-bd56-adefea1710fe userId= method=GET uri=/actuator/prometheus status=200 durationMs=7 - HTTP request completed
2026-05-07 10:23:41.828 DEBUG [http-nio-8080-exec-5] FilterChainProxy requestId=7b6d289e-8f87-4a48-8d6f-cda4a314c3cc userId= method= uri= status= durationMs= - Securing GET /actuator/prometheus
2026-05-07 10:23:41.829 DEBUG [http-nio-8080-exec-5] AnonymousAuthenticationFilter requestId=7b6d289e-8f87-4a48-8d6f-cda4a314c3cc userId= method= uri= status= durationMs= - Set SecurityContextHolder to anonymous SecurityContext
2026-05-07 10:23:41.831 DEBUG [http-nio-8080-exec-5] FilterChainProxy requestId=7b6d289e-8f87-4a48-8d6f-cda4a314c3cc userId= method= uri= status= durationMs= - Secured GET /actuator/prometheus
2026-05-07 10:23:41.836 INFO  [http-nio-8080-exec-5] HttpRequestLoggingFilter requestId=7b6d289e-8f87-4a48-8d6f-cda4a314c3cc userId= method=GET uri=/actuator/prometheus status=200 durationMs=9 - HTTP request completed
2026-05-07 10:23:51.827 DEBUG [http-nio-8080-exec-6] FilterChainProxy requestId=0814ce79-42c2-401e-8674-2e7ea36c5c4a userId= method= uri= status= durationMs= - Securing GET /actuator/prometheus
2026-05-07 10:23:51.829 DEBUG [http-nio-8080-exec-6] AnonymousAuthenticationFilter requestId=0814ce79-42c2-401e-8674-2e7ea36c5c4a userId= method= uri= status= durationMs= - Set SecurityContextHolder to anonymous SecurityContext
2026-05-07 10:23:51.831 DEBUG [http-nio-8080-exec-6] FilterChainProxy requestId=0814ce79-42c2-401e-8674-2e7ea36c5c4a userId= method= uri= status= durationMs= - Secured GET /actuator/prometheus
2026-05-07 10:23:51.836 INFO  [http-nio-8080-exec-6] HttpRequestLoggingFilter requestId=0814ce79-42c2-401e-8674-2e7ea36c5c4a userId= method=GET uri=/actuator/prometheus status=200 durationMs=9 - HTTP request completed
2026-05-07 10:24:01.827 DEBUG [http-nio-8080-exec-7] FilterChainProxy requestId=50df797b-3feb-4156-9fcc-e6abd7360b0e userId= method= uri= status= durationMs= - Securing GET /actuator/prometheus
2026-05-07 10:24:01.829 DEBUG [http-nio-8080-exec-7] AnonymousAuthenticationFilter requestId=50df797b-3feb-4156-9fcc-e6abd7360b0e userId= method= uri= status= durationMs= - Set SecurityContextHolder to anonymous SecurityContext
2026-05-07 10:24:01.831 DEBUG [http-nio-8080-exec-7] FilterChainProxy requestId=50df797b-3feb-4156-9fcc-e6abd7360b0e userId= method= uri= status= durationMs= - Secured GET /actuator/prometheus
2026-05-07 10:24:01.836 INFO  [http-nio-8080-exec-7] HttpRequestLoggingFilter requestId=50df797b-3feb-4156-9fcc-e6abd7360b0e userId= method=GET uri=/actuator/prometheus status=200 durationMs=8 - HTTP request completed
2026-05-07 10:24:11.792 DEBUG [http-nio-8080-exec-8] FilterChainProxy requestId=b44ba9f2-714f-4d43-8d33-651df7316e95 userId= method= uri= status= durationMs= - Securing GET /actuator/prometheus
2026-05-07 10:24:11.794 DEBUG [http-nio-8080-exec-8] AnonymousAuthenticationFilter requestId=b44ba9f2-714f-4d43-8d33-651df7316e95 userId= method= uri= status= durationMs= - Set SecurityContextHolder to anonymous SecurityContext
2026-05-07 10:24:11.795 DEBUG [http-nio-8080-exec-8] FilterChainProxy requestId=b44ba9f2-714f-4d43-8d33-651df7316e95 userId= method= uri= status= durationMs= - Secured GET /actuator/prometheus
2026-05-07 10:24:11.800 INFO  [http-nio-8080-exec-8] HttpRequestLoggingFilter requestId=b44ba9f2-714f-4d43-8d33-651df7316e95 userId= method=GET uri=/actuator/prometheus status=200 durationMs=9 - HTTP request completed
2026-05-07 10:24:21.791 DEBUG [http-nio-8080-exec-9] FilterChainProxy requestId=ca424d9e-9928-431b-a2d0-b08bdce20d28 userId= method= uri= status= durationMs= - Securing GET /actuator/prometheus
2026-05-07 10:24:21.793 DEBUG [http-nio-8080-exec-9] AnonymousAuthenticationFilter requestId=ca424d9e-9928-431b-a2d0-b08bdce20d28 userId= method= uri= status= durationMs= - Set SecurityContextHolder to anonymous SecurityContext
2026-05-07 10:24:21.794 DEBUG [http-nio-8080-exec-9] FilterChainProxy requestId=ca424d9e-9928-431b-a2d0-b08bdce20d28 userId= method= uri= status= durationMs= - Secured GET /actuator/prometheus
2026-05-07 10:24:21.798 INFO  [http-nio-8080-exec-9] HttpRequestLoggingFilter requestId=ca424d9e-9928-431b-a2d0-b08bdce20d28 userId= method=GET uri=/actuator/prometheus status=200 durationMs=7 - HTTP request completed
2026-05-07 10:24:31.792 DEBUG [http-nio-8080-exec-10] FilterChainProxy requestId=ad66e80c-7d4d-46cf-9387-ac514cca9f85 userId= method= uri= status= durationMs= - Securing GET /actuator/prometheus
2026-05-07 10:24:31.794 DEBUG [http-nio-8080-exec-10] AnonymousAuthenticationFilter requestId=ad66e80c-7d4d-46cf-9387-ac514cca9f85 userId= method= uri= status= durationMs= - Set SecurityContextHolder to anonymous SecurityContext
2026-05-07 10:24:31.796 DEBUG [http-nio-8080-exec-10] FilterChainProxy requestId=ad66e80c-7d4d-46cf-9387-ac514cca9f85 userId= method= uri= status= durationMs= - Secured GET /actuator/prometheus
2026-05-07 10:24:31.800 INFO  [http-nio-8080-exec-10] HttpRequestLoggingFilter requestId=ad66e80c-7d4d-46cf-9387-ac514cca9f85 userId= method=GET uri=/actuator/prometheus status=200 durationMs=8 - HTTP request completed
2026-05-07 10:24:41.756 DEBUG [http-nio-8080-exec-1] FilterChainProxy requestId=ef212986-30a9-4f6e-9ec4-d97ae2962730 userId= method= uri= status= durationMs= - Securing GET /actuator/prometheus
2026-05-07 10:24:41.758 DEBUG [http-nio-8080-exec-1] AnonymousAuthenticationFilter requestId=ef212986-30a9-4f6e-9ec4-d97ae2962730 userId= method= uri= status= durationMs= - Set SecurityContextHolder to anonymous SecurityContext
2026-05-07 10:24:41.759 DEBUG [http-nio-8080-exec-1] FilterChainProxy requestId=ef212986-30a9-4f6e-9ec4-d97ae2962730 userId= method= uri= status= durationMs= - Secured GET /actuator/prometheus
2026-05-07 10:24:41.764 INFO  [http-nio-8080-exec-1] HttpRequestLoggingFilter requestId=ef212986-30a9-4f6e-9ec4-d97ae2962730 userId= method=GET uri=/actuator/prometheus status=200 durationMs=8 - HTTP request completed
2026-05-07 10:24:51.755 DEBUG [http-nio-8080-exec-2] FilterChainProxy requestId=90eb6c99-808d-4aa8-937d-df195e1f0921 userId= method= uri= status= durationMs= - Securing GET /actuator/prometheus
2026-05-07 10:24:51.756 DEBUG [http-nio-8080-exec-2] AnonymousAuthenticationFilter requestId=90eb6c99-808d-4aa8-937d-df195e1f0921 userId= method= uri= status= durationMs= - Set SecurityContextHolder to anonymous SecurityContext
2026-05-07 10:24:51.757 DEBUG [http-nio-8080-exec-2] FilterChainProxy requestId=90eb6c99-808d-4aa8-937d-df195e1f0921 userId= method= uri= status= durationMs= - Secured GET /actuator/prometheus
2026-05-07 10:24:51.761 INFO  [http-nio-8080-exec-2] HttpRequestLoggingFilter requestId=90eb6c99-808d-4aa8-937d-df195e1f0921 userId= method=GET uri=/actuator/prometheus status=200 durationMs=6 - HTTP request completed
2026-05-07 10:25:01.755 DEBUG [http-nio-8080-exec-3] FilterChainProxy requestId=7f43e9fc-1f52-43de-8ba2-1136909e2ddd userId= method= uri= status= durationMs= - Securing GET /actuator/prometheus
2026-05-07 10:25:01.757 DEBUG [http-nio-8080-exec-3] AnonymousAuthenticationFilter requestId=7f43e9fc-1f52-43de-8ba2-1136909e2ddd userId= method= uri= status= durationMs= - Set SecurityContextHolder to anonymous SecurityContext
2026-05-07 10:25:01.758 DEBUG [http-nio-8080-exec-3] FilterChainProxy requestId=7f43e9fc-1f52-43de-8ba2-1136909e2ddd userId= method= uri= status= durationMs= - Secured GET /actuator/prometheus
2026-05-07 10:25:01.762 INFO  [http-nio-8080-exec-3] HttpRequestLoggingFilter requestId=7f43e9fc-1f52-43de-8ba2-1136909e2ddd userId= method=GET uri=/actuator/prometheus status=200 durationMs=6 - HTTP request completed
2026-05-07 10:25:11.026 INFO  [scheduling-1] MarketRefreshScheduler requestId= userId= method= uri= status= durationMs= - Market refresh scheduler tick started
2026-05-07 10:25:11.056 INFO  [scheduling-1] MarketRefreshCoordinator requestId= userId= method= uri= status= durationMs= - Market refresh coordinator evaluating providers: sources=[BINANCE, BIST, EVDS]
2026-05-07 10:25:11.058 INFO  [scheduling-1] MarketRefreshCoordinator requestId= userId= method= uri= status= durationMs= - Market provider due refresh started: source=BINANCE
2026-05-07 10:25:11.059 INFO  [scheduling-1] ProviderOrchestrationService requestId= userId= method= uri= status= durationMs= - Market provider orchestration started: providerCount=3, sourceFilter=BINANCE
2026-05-07 10:25:11.060 INFO  [scheduling-1] ProviderOrchestrationService requestId= userId= method= uri= status= durationMs= - Market provider refresh started: source=BINANCE
2026-05-07 10:25:11.063 INFO  [scheduling-1] BinanceMarketDataProvider requestId= userId= method= uri= status= durationMs= - Market provider registry resolved: providerSource=BINANCE, registryMappingCount=8, resolvedSymbols=[BTCUSDT, ETHUSDT, BNBUSDT, SOLUSDT, XRPUSDT, ADAUSDT, AVAXUSDT, DOGEUSDT], fallbackToYaml=true
2026-05-07 10:25:11.064 INFO  [scheduling-1] BinanceClient requestId= userId= method= uri= status= durationMs= - Binance client request started: symbolCount=8, uri=https://api.binance.com/api/v3/ticker/24hr?symbols=%5B%22BTCUSDT%22,%22ETHUSDT%22,%22BNBUSDT%22,%22SOLUSDT%22,%22XRPUSDT%22,%22ADAUSDT%22,%22AVAXUSDT%22,%22DOGEUSDT%22%5D
2026-05-07 10:25:11.399 INFO  [scheduling-1] BinanceClient requestId= userId= method= uri= status= durationMs= - Binance client request completed: quoteCount=8
2026-05-07 10:25:11.401 INFO  [scheduling-1] BinanceMarketDataProvider requestId= userId= method= uri= status= durationMs= - Binance provider fetch completed: requestedSymbolCount=8, quoteCount=8, historyRecordCount=0
2026-05-07 10:25:11.402 INFO  [scheduling-1] ProviderOrchestrationService requestId= userId= method= uri= status= durationMs=341 - Market provider refresh completed: source=BINANCE, quoteCount=8, historyRecordCount=0, durationMs=341
2026-05-07 10:25:11.402 INFO  [scheduling-1] ProviderOrchestrationService requestId= userId= method= uri= status= durationMs= - Market provider skipped by supports: providerSource=BIST, requestSource=BINANCE
2026-05-07 10:25:11.403 INFO  [scheduling-1] EvdsMarketDataProvider requestId= userId= method= uri= status= durationMs= - EVDS provider supports evaluated: supported=false, enabled=true, requestSource=BINANCE
2026-05-07 10:25:11.404 INFO  [scheduling-1] ProviderOrchestrationService requestId= userId= method= uri= status= durationMs= - Market provider skipped by supports: providerSource=EVDS, requestSource=BINANCE
2026-05-07 10:25:11.405 INFO  [scheduling-1] MarketCacheTtlPolicy requestId= userId= method= uri= status= durationMs= - Market cache ttl resolved: source=BINANCE, ttl=PT2M
2026-05-07 10:25:11.405 INFO  [scheduling-1] MarketCacheService requestId= userId= method= uri= status= durationMs= - Market cache write: source=BINANCE, key=market:quotes:source:BINANCE, ttl=PT2M
2026-05-07 10:25:11.407 INFO  [scheduling-1] MarketCacheTtlPolicy requestId= userId= method= uri= status= durationMs= - Market cache ttl resolved: source=BINANCE, ttl=PT2M
2026-05-07 10:25:11.407 INFO  [scheduling-1] MarketCacheService requestId= userId= method= uri= status= durationMs= - Market cache write: source=BINANCE, key=market:quotes:symbol:BTCUSDT, ttl=PT2M
2026-05-07 10:25:11.408 INFO  [scheduling-1] MarketCacheTtlPolicy requestId= userId= method= uri= status= durationMs= - Market cache ttl resolved: source=BINANCE, ttl=PT2M
2026-05-07 10:25:11.409 INFO  [scheduling-1] MarketCacheService requestId= userId= method= uri= status= durationMs= - Market cache write: source=BINANCE, key=market:quotes:symbol:ETHUSDT, ttl=PT2M
2026-05-07 10:25:11.410 INFO  [scheduling-1] MarketCacheTtlPolicy requestId= userId= method= uri= status= durationMs= - Market cache ttl resolved: source=BINANCE, ttl=PT2M
2026-05-07 10:25:11.411 INFO  [scheduling-1] MarketCacheService requestId= userId= method= uri= status= durationMs= - Market cache write: source=BINANCE, key=market:quotes:symbol:BNBUSDT, ttl=PT2M
2026-05-07 10:25:11.411 INFO  [scheduling-1] MarketCacheTtlPolicy requestId= userId= method= uri= status= durationMs= - Market cache ttl resolved: source=BINANCE, ttl=PT2M
2026-05-07 10:25:11.412 INFO  [scheduling-1] MarketCacheService requestId= userId= method= uri= status= durationMs= - Market cache write: source=BINANCE, key=market:quotes:symbol:ADAUSDT, ttl=PT2M
2026-05-07 10:25:11.412 INFO  [scheduling-1] MarketCacheTtlPolicy requestId= userId= method= uri= status= durationMs= - Market cache ttl resolved: source=BINANCE, ttl=PT2M
2026-05-07 10:25:11.413 INFO  [scheduling-1] MarketCacheService requestId= userId= method= uri= status= durationMs= - Market cache write: source=BINANCE, key=market:quotes:symbol:XRPUSDT, ttl=PT2M
2026-05-07 10:25:11.414 INFO  [scheduling-1] MarketCacheTtlPolicy requestId= userId= method= uri= status= durationMs= - Market cache ttl resolved: source=BINANCE, ttl=PT2M
2026-05-07 10:25:11.414 INFO  [scheduling-1] MarketCacheService requestId= userId= method= uri= status= durationMs= - Market cache write: source=BINANCE, key=market:quotes:symbol:DOGEUSDT, ttl=PT2M
2026-05-07 10:25:11.415 INFO  [scheduling-1] MarketCacheTtlPolicy requestId= userId= method= uri= status= durationMs= - Market cache ttl resolved: source=BINANCE, ttl=PT2M
2026-05-07 10:25:11.416 INFO  [scheduling-1] MarketCacheService requestId= userId= method= uri= status= durationMs= - Market cache write: source=BINANCE, key=market:quotes:symbol:SOLUSDT, ttl=PT2M
2026-05-07 10:25:11.416 INFO  [scheduling-1] MarketCacheTtlPolicy requestId= userId= method= uri= status= durationMs= - Market cache ttl resolved: source=BINANCE, ttl=PT2M
2026-05-07 10:25:11.417 INFO  [scheduling-1] MarketCacheService requestId= userId= method= uri= status= durationMs= - Market cache write: source=BINANCE, key=market:quotes:symbol:AVAXUSDT, ttl=PT2M
2026-05-07 10:25:11.418 INFO  [scheduling-1] MarketHistoryService requestId= userId= method= uri= status= durationMs= - Market history persistence candidates: source=BINANCE, receivedCount=0, validatedCount=0, candidateCount=0
2026-05-07 10:25:11.419 INFO  [scheduling-1] MarketHistoryService requestId= userId= method= uri= status= durationMs= - Market history persistence pre-insert: source=BINANCE, candidateCount=0, insertableCount=0
2026-05-07 10:25:11.419 INFO  [scheduling-1] MarketHistoryService requestId= userId= method= uri= status= durationMs= - Market history persistence completed: source=BINANCE, received=0, saved=0, skippedDuplicate=0
2026-05-07 10:25:11.422 INFO  [scheduling-1] MarketCacheTtlPolicy requestId= userId= method= uri= status= durationMs= - Market cache ttl resolved: source=ALL, ttl=PT30M
2026-05-07 10:25:11.423 INFO  [scheduling-1] MarketCacheService requestId= userId= method= uri= status= durationMs= - Market cache write: source=ALL, key=market:quotes:all, ttl=PT30M
2026-05-07 10:25:11.424 INFO  [scheduling-1] MarketCacheTtlPolicy requestId= userId= method= uri= status= durationMs= - Market cache ttl resolved: source=BINANCE, ttl=PT2M
2026-05-07 10:25:11.424 INFO  [scheduling-1] MarketCacheService requestId= userId= method= uri= status= durationMs= - Market cache write: source=BINANCE, key=market:quotes:symbol:BTCUSDT, ttl=PT2M
2026-05-07 10:25:11.425 INFO  [scheduling-1] MarketCacheTtlPolicy requestId= userId= method= uri= status= durationMs= - Market cache ttl resolved: source=BINANCE, ttl=PT2M
2026-05-07 10:25:11.425 INFO  [scheduling-1] MarketCacheService requestId= userId= method= uri= status= durationMs= - Market cache write: source=BINANCE, key=market:quotes:symbol:ETHUSDT, ttl=PT2M
2026-05-07 10:25:11.426 INFO  [scheduling-1] MarketCacheTtlPolicy requestId= userId= method= uri= status= durationMs= - Market cache ttl resolved: source=BINANCE, ttl=PT2M
2026-05-07 10:25:11.427 INFO  [scheduling-1] MarketCacheService requestId= userId= method= uri= status= durationMs= - Market cache write: source=BINANCE, key=market:quotes:symbol:BNBUSDT, ttl=PT2M
2026-05-07 10:25:11.428 INFO  [scheduling-1] MarketCacheTtlPolicy requestId= userId= method= uri= status= durationMs= - Market cache ttl resolved: source=BINANCE, ttl=PT2M
2026-05-07 10:25:11.428 INFO  [scheduling-1] MarketCacheService requestId= userId= method= uri= status= durationMs= - Market cache write: source=BINANCE, key=market:quotes:symbol:ADAUSDT, ttl=PT2M
2026-05-07 10:25:11.429 INFO  [scheduling-1] MarketCacheTtlPolicy requestId= userId= method= uri= status= durationMs= - Market cache ttl resolved: source=BINANCE, ttl=PT2M
2026-05-07 10:25:11.429 INFO  [scheduling-1] MarketCacheService requestId= userId= method= uri= status= durationMs= - Market cache write: source=BINANCE, key=market:quotes:symbol:XRPUSDT, ttl=PT2M
2026-05-07 10:25:11.430 INFO  [scheduling-1] MarketCacheTtlPolicy requestId= userId= method= uri= status= durationMs= - Market cache ttl resolved: source=BINANCE, ttl=PT2M
2026-05-07 10:25:11.430 INFO  [scheduling-1] MarketCacheService requestId= userId= method= uri= status= durationMs= - Market cache write: source=BINANCE, key=market:quotes:symbol:DOGEUSDT, ttl=PT2M
2026-05-07 10:25:11.431 INFO  [scheduling-1] MarketCacheTtlPolicy requestId= userId= method= uri= status= durationMs= - Market cache ttl resolved: source=BINANCE, ttl=PT2M
2026-05-07 10:25:11.431 INFO  [scheduling-1] MarketCacheService requestId= userId= method= uri= status= durationMs= - Market cache write: source=BINANCE, key=market:quotes:symbol:SOLUSDT, ttl=PT2M
2026-05-07 10:25:11.432 INFO  [scheduling-1] MarketCacheTtlPolicy requestId= userId= method= uri= status= durationMs= - Market cache ttl resolved: source=BINANCE, ttl=PT2M
2026-05-07 10:25:11.432 INFO  [scheduling-1] MarketCacheService requestId= userId= method= uri= status= durationMs= - Market cache write: source=BINANCE, key=market:quotes:symbol:AVAXUSDT, ttl=PT2M
2026-05-07 10:25:11.433 INFO  [scheduling-1] MarketCacheTtlPolicy requestId= userId= method= uri= status= durationMs= - Market cache ttl resolved: source=BIST, ttl=PT24H
2026-05-07 10:25:11.433 INFO  [scheduling-1] MarketCacheService requestId= userId= method= uri= status= durationMs= - Market cache write: source=BIST, key=market:quotes:symbol:THYAO, ttl=PT24H
2026-05-07 10:25:11.434 INFO  [scheduling-1] MarketCacheTtlPolicy requestId= userId= method= uri= status= durationMs= - Market cache ttl resolved: source=BIST, ttl=PT24H
2026-05-07 10:25:11.434 INFO  [scheduling-1] MarketCacheService requestId= userId= method= uri= status= durationMs= - Market cache write: source=BIST, key=market:quotes:symbol:ASELS, ttl=PT24H
2026-05-07 10:25:11.435 INFO  [scheduling-1] MarketCacheTtlPolicy requestId= userId= method= uri= status= durationMs= - Market cache ttl resolved: source=BIST, ttl=PT24H
2026-05-07 10:25:11.435 INFO  [scheduling-1] MarketCacheService requestId= userId= method= uri= status= durationMs= - Market cache write: source=BIST, key=market:quotes:symbol:GARAN, ttl=PT24H
2026-05-07 10:25:11.436 INFO  [scheduling-1] MarketCacheTtlPolicy requestId= userId= method= uri= status= durationMs= - Market cache ttl resolved: source=BIST, ttl=PT24H
2026-05-07 10:25:11.436 INFO  [scheduling-1] MarketCacheService requestId= userId= method= uri= status= durationMs= - Market cache write: source=BIST, key=market:quotes:symbol:AKBNK, ttl=PT24H
2026-05-07 10:25:11.437 INFO  [scheduling-1] MarketCacheTtlPolicy requestId= userId= method= uri= status= durationMs= - Market cache ttl resolved: source=BIST, ttl=PT24H
2026-05-07 10:25:11.438 INFO  [scheduling-1] MarketCacheService requestId= userId= method= uri= status= durationMs= - Market cache write: source=BIST, key=market:quotes:symbol:BIMAS, ttl=PT24H
2026-05-07 10:25:11.438 INFO  [scheduling-1] MarketCacheTtlPolicy requestId= userId= method= uri= status= durationMs= - Market cache ttl resolved: source=BIST, ttl=PT24H
2026-05-07 10:25:11.439 INFO  [scheduling-1] MarketCacheService requestId= userId= method= uri= status= durationMs= - Market cache write: source=BIST, key=market:quotes:symbol:KCHOL, ttl=PT24H
2026-05-07 10:25:11.439 INFO  [scheduling-1] MarketCacheTtlPolicy requestId= userId= method= uri= status= durationMs= - Market cache ttl resolved: source=BIST, ttl=PT24H
2026-05-07 10:25:11.440 INFO  [scheduling-1] MarketCacheService requestId= userId= method= uri= status= durationMs= - Market cache write: source=BIST, key=market:quotes:symbol:SAHOL, ttl=PT24H
2026-05-07 10:25:11.441 INFO  [scheduling-1] MarketCacheTtlPolicy requestId= userId= method= uri= status= durationMs= - Market cache ttl resolved: source=BIST, ttl=PT24H
2026-05-07 10:25:11.441 INFO  [scheduling-1] MarketCacheService requestId= userId= method= uri= status= durationMs= - Market cache write: source=BIST, key=market:quotes:symbol:EREGL, ttl=PT24H
2026-05-07 10:25:11.442 INFO  [scheduling-1] MarketCacheTtlPolicy requestId= userId= method= uri= status= durationMs= - Market cache ttl resolved: source=BIST, ttl=PT24H
2026-05-07 10:25:11.442 INFO  [scheduling-1] MarketCacheService requestId= userId= method= uri= status= durationMs= - Market cache write: source=BIST, key=market:quotes:symbol:TUPRS, ttl=PT24H
2026-05-07 10:25:11.443 INFO  [scheduling-1] MarketCacheTtlPolicy requestId= userId= method= uri= status= durationMs= - Market cache ttl resolved: source=BIST, ttl=PT24H
2026-05-07 10:25:11.443 INFO  [scheduling-1] MarketCacheService requestId= userId= method= uri= status= durationMs= - Market cache write: source=BIST, key=market:quotes:symbol:FROTO, ttl=PT24H
2026-05-07 10:25:11.444 INFO  [scheduling-1] MarketCacheTtlPolicy requestId= userId= method= uri= status= durationMs= - Market cache ttl resolved: source=BIST, ttl=PT24H
2026-05-07 10:25:11.444 INFO  [scheduling-1] MarketCacheService requestId= userId= method= uri= status= durationMs= - Market cache write: source=BIST, key=market:quotes:symbol:SISE, ttl=PT24H
2026-05-07 10:25:11.445 INFO  [scheduling-1] MarketCacheTtlPolicy requestId= userId= method= uri= status= durationMs= - Market cache ttl resolved: source=BIST, ttl=PT24H
2026-05-07 10:25:11.445 INFO  [scheduling-1] MarketCacheService requestId= userId= method= uri= status= durationMs= - Market cache write: source=BIST, key=market:quotes:symbol:PETKM, ttl=PT24H
2026-05-07 10:25:11.446 INFO  [scheduling-1] MarketCacheTtlPolicy requestId= userId= method= uri= status= durationMs= - Market cache ttl resolved: source=BIST, ttl=PT24H
2026-05-07 10:25:11.446 INFO  [scheduling-1] MarketCacheService requestId= userId= method= uri= status= durationMs= - Market cache write: source=BIST, key=market:quotes:symbol:PGSUS, ttl=PT24H
2026-05-07 10:25:11.447 INFO  [scheduling-1] MarketCacheTtlPolicy requestId= userId= method= uri= status= durationMs= - Market cache ttl resolved: source=BIST, ttl=PT24H
2026-05-07 10:25:11.448 INFO  [scheduling-1] MarketCacheService requestId= userId= method= uri= status= durationMs= - Market cache write: source=BIST, key=market:quotes:symbol:TTKOM, ttl=PT24H
2026-05-07 10:25:11.449 INFO  [scheduling-1] MarketCacheTtlPolicy requestId= userId= method= uri= status= durationMs= - Market cache ttl resolved: source=BIST, ttl=PT24H
2026-05-07 10:25:11.449 INFO  [scheduling-1] MarketCacheService requestId= userId= method= uri= status= durationMs= - Market cache write: source=BIST, key=market:quotes:symbol:ISCTR, ttl=PT24H
2026-05-07 10:25:11.450 INFO  [scheduling-1] MarketCacheTtlPolicy requestId= userId= method= uri= status= durationMs= - Market cache ttl resolved: source=BIST, ttl=PT24H
2026-05-07 10:25:11.450 INFO  [scheduling-1] MarketCacheService requestId= userId= method= uri= status= durationMs= - Market cache write: source=BIST, key=market:quotes:symbol:YKBNK, ttl=PT24H
2026-05-07 10:25:11.451 INFO  [scheduling-1] MarketCacheTtlPolicy requestId= userId= method= uri= status= durationMs= - Market cache ttl resolved: source=BIST, ttl=PT24H
2026-05-07 10:25:11.451 INFO  [scheduling-1] MarketCacheService requestId= userId= method= uri= status= durationMs= - Market cache write: source=BIST, key=market:quotes:symbol:HALKB, ttl=PT24H
2026-05-07 10:25:11.452 INFO  [scheduling-1] MarketCacheTtlPolicy requestId= userId= method= uri= status= durationMs= - Market cache ttl resolved: source=BIST, ttl=PT24H
2026-05-07 10:25:11.453 INFO  [scheduling-1] MarketCacheService requestId= userId= method= uri= status= durationMs= - Market cache write: source=BIST, key=market:quotes:symbol:VAKBN, ttl=PT24H
2026-05-07 10:25:11.454 INFO  [scheduling-1] MarketCacheTtlPolicy requestId= userId= method= uri= status= durationMs= - Market cache ttl resolved: source=BIST, ttl=PT24H
2026-05-07 10:25:11.454 INFO  [scheduling-1] MarketCacheService requestId= userId= method= uri= status= durationMs= - Market cache write: source=BIST, key=market:quotes:symbol:TCELL, ttl=PT24H
2026-05-07 10:25:11.455 INFO  [scheduling-1] MarketCacheTtlPolicy requestId= userId= method= uri= status= durationMs= - Market cache ttl resolved: source=EVDS, ttl=PT6H
2026-05-07 10:25:11.456 INFO  [scheduling-1] MarketCacheService requestId= userId= method= uri= status= durationMs= - Market cache write: source=EVDS, key=market:quotes:symbol:USDTRY, ttl=PT6H
2026-05-07 10:25:11.457 INFO  [scheduling-1] MarketCacheTtlPolicy requestId= userId= method= uri= status= durationMs= - Market cache ttl resolved: source=EVDS, ttl=PT6H
2026-05-07 10:25:11.458 INFO  [scheduling-1] MarketCacheService requestId= userId= method= uri= status= durationMs= - Market cache write: source=EVDS, key=market:quotes:symbol:EURTRY, ttl=PT6H
2026-05-07 10:25:11.458 INFO  [scheduling-1] MarketCacheTtlPolicy requestId= userId= method= uri= status= durationMs= - Market cache ttl resolved: source=EVDS, ttl=PT6H
2026-05-07 10:25:11.459 INFO  [scheduling-1] MarketCacheService requestId= userId= method= uri= status= durationMs= - Market cache write: source=EVDS, key=market:quotes:symbol:GBPTRY, ttl=PT6H
2026-05-07 10:25:11.460 INFO  [scheduling-1] MarketCacheTtlPolicy requestId= userId= method= uri= status= durationMs= - Market cache ttl resolved: source=EVDS, ttl=PT6H
2026-05-07 10:25:11.460 INFO  [scheduling-1] MarketCacheService requestId= userId= method= uri= status= durationMs= - Market cache write: source=EVDS, key=market:quotes:symbol:CHFTRY, ttl=PT6H
2026-05-07 10:25:11.461 INFO  [scheduling-1] MarketCacheTtlPolicy requestId= userId= method= uri= status= durationMs= - Market cache ttl resolved: source=EVDS, ttl=PT6H
2026-05-07 10:25:11.462 INFO  [scheduling-1] MarketCacheService requestId= userId= method= uri= status= durationMs= - Market cache write: source=EVDS, key=market:quotes:symbol:JPYTRY, ttl=PT6H
2026-05-07 10:25:11.463 INFO  [scheduling-1] MarketCacheTtlPolicy requestId= userId= method= uri= status= durationMs= - Market cache ttl resolved: source=EVDS, ttl=PT6H
2026-05-07 10:25:11.463 INFO  [scheduling-1] MarketCacheService requestId= userId= method= uri= status= durationMs= - Market cache write: source=EVDS, key=market:quotes:symbol:AUDTRY, ttl=PT6H
2026-05-07 10:25:11.464 INFO  [scheduling-1] MarketCacheTtlPolicy requestId= userId= method= uri= status= durationMs= - Market cache ttl resolved: source=EVDS, ttl=PT6H
2026-05-07 10:25:11.464 INFO  [scheduling-1] MarketCacheService requestId= userId= method= uri= status= durationMs= - Market cache write: source=EVDS, key=market:quotes:symbol:CNYTRY, ttl=PT6H
2026-05-07 10:25:11.465 INFO  [scheduling-1] MarketCacheTtlPolicy requestId= userId= method= uri= status= durationMs= - Market cache ttl resolved: source=EVDS, ttl=PT6H
2026-05-07 10:25:11.466 INFO  [scheduling-1] MarketCacheService requestId= userId= method= uri= status= durationMs= - Market cache write: source=EVDS, key=market:quotes:symbol:NOKTRY, ttl=PT6H
2026-05-07 10:25:11.466 INFO  [scheduling-1] MarketCacheTtlPolicy requestId= userId= method= uri= status= durationMs= - Market cache ttl resolved: source=EVDS, ttl=PT6H
2026-05-07 10:25:11.466 INFO  [scheduling-1] MarketCacheService requestId= userId= method= uri= status= durationMs= - Market cache write: source=EVDS, key=market:quotes:symbol:SEKTRY, ttl=PT6H
2026-05-07 10:25:11.467 INFO  [scheduling-1] MarketCacheTtlPolicy requestId= userId= method= uri= status= durationMs= - Market cache ttl resolved: source=EVDS, ttl=PT6H
2026-05-07 10:25:11.467 INFO  [scheduling-1] MarketCacheService requestId= userId= method= uri= status= durationMs= - Market cache write: source=EVDS, key=market:quotes:symbol:DKKTRY, ttl=PT6H
2026-05-07 10:25:11.468 INFO  [scheduling-1] MarketCacheTtlPolicy requestId= userId= method= uri= status= durationMs= - Market cache ttl resolved: source=EVDS, ttl=PT6H
2026-05-07 10:25:11.469 INFO  [scheduling-1] MarketCacheService requestId= userId= method= uri= status= durationMs= - Market cache write: source=EVDS, key=market:quotes:symbol:SARTRY, ttl=PT6H
2026-05-07 10:25:11.470 INFO  [scheduling-1] MarketRefreshService requestId= userId= method= uri= status= durationMs= - Market refresh completed: processedQuoteCount=8, historyRecordCount=0, aggregateQuoteCount=38, failedProviderCount=0
2026-05-07 10:25:11.470 INFO  [scheduling-1] MarketRefreshCoordinator requestId= userId= method= uri= status= durationMs= - Market provider refresh completed: source=BINANCE, quoteCount=8
2026-05-07 10:25:11.471 INFO  [scheduling-1] MarketRefreshCoordinator requestId= userId= method= uri= status= durationMs= - Market provider skipped: source=BIST, reason=not-due, refreshMinutes=30
2026-05-07 10:25:11.471 INFO  [scheduling-1] MarketRefreshCoordinator requestId= userId= method= uri= status= durationMs= - Market provider skipped: source=EVDS, reason=not-due, refreshMinutes=15
2026-05-07 10:25:11.722 DEBUG [http-nio-8080-exec-4] FilterChainProxy requestId=be056531-fb85-4399-8a02-157ede38024f userId= method= uri= status= durationMs= - Securing GET /actuator/prometheus
2026-05-07 10:25:11.723 DEBUG [http-nio-8080-exec-4] AnonymousAuthenticationFilter requestId=be056531-fb85-4399-8a02-157ede38024f userId= method= uri= status= durationMs= - Set SecurityContextHolder to anonymous SecurityContext
2026-05-07 10:25:11.725 DEBUG [http-nio-8080-exec-4] FilterChainProxy requestId=be056531-fb85-4399-8a02-157ede38024f userId= method= uri= status= durationMs= - Secured GET /actuator/prometheus
2026-05-07 10:25:11.729 INFO  [http-nio-8080-exec-4] HttpRequestLoggingFilter requestId=be056531-fb85-4399-8a02-157ede38024f userId= method=GET uri=/actuator/prometheus status=200 durationMs=7 - HTTP request completed
2026-05-07 10:25:21.723 DEBUG [http-nio-8080-exec-5] FilterChainProxy requestId=74c60c46-034a-4565-8499-b180d49604b1 userId= method= uri= status= durationMs= - Securing GET /actuator/prometheus
2026-05-07 10:25:21.725 DEBUG [http-nio-8080-exec-5] AnonymousAuthenticationFilter requestId=74c60c46-034a-4565-8499-b180d49604b1 userId= method= uri= status= durationMs= - Set SecurityContextHolder to anonymous SecurityContext
2026-05-07 10:25:21.727 DEBUG [http-nio-8080-exec-5] FilterChainProxy requestId=74c60c46-034a-4565-8499-b180d49604b1 userId= method= uri= status= durationMs= - Secured GET /actuator/prometheus
2026-05-07 10:25:21.731 INFO  [http-nio-8080-exec-5] HttpRequestLoggingFilter requestId=74c60c46-034a-4565-8499-b180d49604b1 userId= method=GET uri=/actuator/prometheus status=200 durationMs=8 - HTTP request completed
2026-05-07 10:25:31.723 DEBUG [http-nio-8080-exec-6] FilterChainProxy requestId=501e8660-7e6d-4169-af16-b870f36bf5ce userId= method= uri= status= durationMs= - Securing GET /actuator/prometheus
2026-05-07 10:25:31.725 DEBUG [http-nio-8080-exec-6] AnonymousAuthenticationFilter requestId=501e8660-7e6d-4169-af16-b870f36bf5ce userId= method= uri= status= durationMs= - Set SecurityContextHolder to anonymous SecurityContext
2026-05-07 10:25:31.727 DEBUG [http-nio-8080-exec-6] FilterChainProxy requestId=501e8660-7e6d-4169-af16-b870f36bf5ce userId= method= uri= status= durationMs= - Secured GET /actuator/prometheus
2026-05-07 10:25:31.731 INFO  [http-nio-8080-exec-6] HttpRequestLoggingFilter requestId=501e8660-7e6d-4169-af16-b870f36bf5ce userId= method=GET uri=/actuator/prometheus status=200 durationMs=8 - HTTP request completed
2026-05-07 10:25:41.688 DEBUG [http-nio-8080-exec-7] FilterChainProxy requestId=f86d901c-f065-40b8-b9b9-7ee312fb7712 userId= method= uri= status= durationMs= - Securing GET /actuator/prometheus
2026-05-07 10:25:41.690 DEBUG [http-nio-8080-exec-7] AnonymousAuthenticationFilter requestId=f86d901c-f065-40b8-b9b9-7ee312fb7712 userId= method= uri= status= durationMs= - Set SecurityContextHolder to anonymous SecurityContext
2026-05-07 10:25:41.692 DEBUG [http-nio-8080-exec-7] FilterChainProxy requestId=f86d901c-f065-40b8-b9b9-7ee312fb7712 userId= method= uri= status= durationMs= - Secured GET /actuator/prometheus
2026-05-07 10:25:41.697 INFO  [http-nio-8080-exec-7] HttpRequestLoggingFilter requestId=f86d901c-f065-40b8-b9b9-7ee312fb7712 userId= method=GET uri=/actuator/prometheus status=200 durationMs=9 - HTTP request completed
2026-05-07 10:25:51.688 DEBUG [http-nio-8080-exec-8] FilterChainProxy requestId=b1b2c542-2a37-46e3-b230-176fa5c98a78 userId= method= uri= status= durationMs= - Securing GET /actuator/prometheus
2026-05-07 10:25:51.690 DEBUG [http-nio-8080-exec-8] AnonymousAuthenticationFilter requestId=b1b2c542-2a37-46e3-b230-176fa5c98a78 userId= method= uri= status= durationMs= - Set SecurityContextHolder to anonymous SecurityContext
2026-05-07 10:25:51.692 DEBUG [http-nio-8080-exec-8] FilterChainProxy requestId=b1b2c542-2a37-46e3-b230-176fa5c98a78 userId= method= uri= status= durationMs= - Secured GET /actuator/prometheus
2026-05-07 10:25:51.696 INFO  [http-nio-8080-exec-8] HttpRequestLoggingFilter requestId=b1b2c542-2a37-46e3-b230-176fa5c98a78 userId= method=GET uri=/actuator/prometheus status=200 durationMs=8 - HTTP request completed
2026-05-07 10:26:01.689 DEBUG [http-nio-8080-exec-9] FilterChainProxy requestId=8fa11752-2192-45a3-bd92-c830fa3c1f26 userId= method= uri= status= durationMs= - Securing GET /actuator/prometheus
2026-05-07 10:26:01.691 DEBUG [http-nio-8080-exec-9] AnonymousAuthenticationFilter requestId=8fa11752-2192-45a3-bd92-c830fa3c1f26 userId= method= uri= status= durationMs= - Set SecurityContextHolder to anonymous SecurityContext
2026-05-07 10:26:01.693 DEBUG [http-nio-8080-exec-9] FilterChainProxy requestId=8fa11752-2192-45a3-bd92-c830fa3c1f26 userId= method= uri= status= durationMs= - Secured GET /actuator/prometheus
2026-05-07 10:26:01.698 INFO  [http-nio-8080-exec-9] HttpRequestLoggingFilter requestId=8fa11752-2192-45a3-bd92-c830fa3c1f26 userId= method=GET uri=/actuator/prometheus status=200 durationMs=9 - HTTP request completed
2026-05-07 10:26:11.653 DEBUG [http-nio-8080-exec-10] FilterChainProxy requestId=700fbeb5-bdb0-4fb8-b18d-765588743b3b userId= method= uri= status= durationMs= - Securing GET /actuator/prometheus
2026-05-07 10:26:11.655 DEBUG [http-nio-8080-exec-10] AnonymousAuthenticationFilter requestId=700fbeb5-bdb0-4fb8-b18d-765588743b3b userId= method= uri= status= durationMs= - Set SecurityContextHolder to anonymous SecurityContext
2026-05-07 10:26:11.656 DEBUG [http-nio-8080-exec-10] FilterChainProxy requestId=700fbeb5-bdb0-4fb8-b18d-765588743b3b userId= method= uri= status= durationMs= - Secured GET /actuator/prometheus
2026-05-07 10:26:11.661 INFO  [http-nio-8080-exec-10] HttpRequestLoggingFilter requestId=700fbeb5-bdb0-4fb8-b18d-765588743b3b userId= method=GET uri=/actuator/prometheus status=200 durationMs=8 - HTTP request completed
2026-05-07 10:26:21.653 DEBUG [http-nio-8080-exec-1] FilterChainProxy requestId=1e3091e7-1152-49fa-8333-9748060da322 userId= method= uri= status= durationMs= - Securing GET /actuator/prometheus
2026-05-07 10:26:21.655 DEBUG [http-nio-8080-exec-1] AnonymousAuthenticationFilter requestId=1e3091e7-1152-49fa-8333-9748060da322 userId= method= uri= status= durationMs= - Set SecurityContextHolder to anonymous SecurityContext
2026-05-07 10:26:21.657 DEBUG [http-nio-8080-exec-1] FilterChainProxy requestId=1e3091e7-1152-49fa-8333-9748060da322 userId= method= uri= status= durationMs= - Secured GET /actuator/prometheus
2026-05-07 10:26:21.661 INFO  [http-nio-8080-exec-1] HttpRequestLoggingFilter requestId=1e3091e7-1152-49fa-8333-9748060da322 userId= method=GET uri=/actuator/prometheus status=200 durationMs=8 - HTTP request completed
2026-05-07 10:26:31.653 DEBUG [http-nio-8080-exec-2] FilterChainProxy requestId=fa0011dd-ebac-46e8-b97b-170910b64dd9 userId= method= uri= status= durationMs= - Securing GET /actuator/prometheus
2026-05-07 10:26:31.654 DEBUG [http-nio-8080-exec-2] AnonymousAuthenticationFilter requestId=fa0011dd-ebac-46e8-b97b-170910b64dd9 userId= method= uri= status= durationMs= - Set SecurityContextHolder to anonymous SecurityContext
2026-05-07 10:26:31.656 DEBUG [http-nio-8080-exec-2] FilterChainProxy requestId=fa0011dd-ebac-46e8-b97b-170910b64dd9 userId= method= uri= status= durationMs= - Secured GET /actuator/prometheus
2026-05-07 10:26:31.660 INFO  [http-nio-8080-exec-2] HttpRequestLoggingFilter requestId=fa0011dd-ebac-46e8-b97b-170910b64dd9 userId= method=GET uri=/actuator/prometheus status=200 durationMs=7 - HTTP request completed
2026-05-07 10:26:41.619 DEBUG [http-nio-8080-exec-3] FilterChainProxy requestId=aedaaca8-2685-41ca-bf90-7fe80ad5521e userId= method= uri= status= durationMs= - Securing GET /actuator/prometheus
2026-05-07 10:26:41.621 DEBUG [http-nio-8080-exec-3] AnonymousAuthenticationFilter requestId=aedaaca8-2685-41ca-bf90-7fe80ad5521e userId= method= uri= status= durationMs= - Set SecurityContextHolder to anonymous SecurityContext
2026-05-07 10:26:41.622 DEBUG [http-nio-8080-exec-3] FilterChainProxy requestId=aedaaca8-2685-41ca-bf90-7fe80ad5521e userId= method= uri= status= durationMs= - Secured GET /actuator/prometheus
2026-05-07 10:26:41.626 INFO  [http-nio-8080-exec-3] HttpRequestLoggingFilter requestId=aedaaca8-2685-41ca-bf90-7fe80ad5521e userId= method=GET uri=/actuator/prometheus status=200 durationMs=8 - HTTP request completed
2026-05-07 10:26:51.619 DEBUG [http-nio-8080-exec-4] FilterChainProxy requestId=52670dea-ac66-4a4c-a529-269b700584a4 userId= method= uri= status= durationMs= - Securing GET /actuator/prometheus
2026-05-07 10:26:51.621 DEBUG [http-nio-8080-exec-4] AnonymousAuthenticationFilter requestId=52670dea-ac66-4a4c-a529-269b700584a4 userId= method= uri= status= durationMs= - Set SecurityContextHolder to anonymous SecurityContext
2026-05-07 10:26:51.623 DEBUG [http-nio-8080-exec-4] FilterChainProxy requestId=52670dea-ac66-4a4c-a529-269b700584a4 userId= method= uri= status= durationMs= - Secured GET /actuator/prometheus
2026-05-07 10:26:51.627 INFO  [http-nio-8080-exec-4] HttpRequestLoggingFilter requestId=52670dea-ac66-4a4c-a529-269b700584a4 userId= method=GET uri=/actuator/prometheus status=200 durationMs=8 - HTTP request completed
2026-05-07 10:27:01.618 DEBUG [http-nio-8080-exec-5] FilterChainProxy requestId=26ab8a6f-9ce9-48d0-aec5-f5102eecf207 userId= method= uri= status= durationMs= - Securing GET /actuator/prometheus
2026-05-07 10:27:01.620 DEBUG [http-nio-8080-exec-5] AnonymousAuthenticationFilter requestId=26ab8a6f-9ce9-48d0-aec5-f5102eecf207 userId= method= uri= status= durationMs= - Set SecurityContextHolder to anonymous SecurityContext
2026-05-07 10:27:01.622 DEBUG [http-nio-8080-exec-5] FilterChainProxy requestId=26ab8a6f-9ce9-48d0-aec5-f5102eecf207 userId= method= uri= status= durationMs= - Secured GET /actuator/prometheus
2026-05-07 10:27:01.626 INFO  [http-nio-8080-exec-5] HttpRequestLoggingFilter requestId=26ab8a6f-9ce9-48d0-aec5-f5102eecf207 userId= method=GET uri=/actuator/prometheus status=200 durationMs=8 - HTTP request completed
2026-05-07 10:27:11.583 DEBUG [http-nio-8080-exec-6] FilterChainProxy requestId=bf1ff8df-77ac-483f-beea-31928221e2c3 userId= method= uri= status= durationMs= - Securing GET /actuator/prometheus
2026-05-07 10:27:11.585 DEBUG [http-nio-8080-exec-6] AnonymousAuthenticationFilter requestId=bf1ff8df-77ac-483f-beea-31928221e2c3 userId= method= uri= status= durationMs= - Set SecurityContextHolder to anonymous SecurityContext
2026-05-07 10:27:11.587 DEBUG [http-nio-8080-exec-6] FilterChainProxy requestId=bf1ff8df-77ac-483f-beea-31928221e2c3 userId= method= uri= status= durationMs= - Secured GET /actuator/prometheus
2026-05-07 10:27:11.592 INFO  [http-nio-8080-exec-6] HttpRequestLoggingFilter requestId=bf1ff8df-77ac-483f-beea-31928221e2c3 userId= method=GET uri=/actuator/prometheus status=200 durationMs=10 - HTTP request completed
2026-05-07 10:27:21.584 DEBUG [http-nio-8080-exec-7] FilterChainProxy requestId=ffee6a22-df3d-4972-850e-53cc825e8c64 userId= method= uri= status= durationMs= - Securing GET /actuator/prometheus
2026-05-07 10:27:21.585 DEBUG [http-nio-8080-exec-7] AnonymousAuthenticationFilter requestId=ffee6a22-df3d-4972-850e-53cc825e8c64 userId= method= uri= status= durationMs= - Set SecurityContextHolder to anonymous SecurityContext
2026-05-07 10:27:21.587 DEBUG [http-nio-8080-exec-7] FilterChainProxy requestId=ffee6a22-df3d-4972-850e-53cc825e8c64 userId= method= uri= status= durationMs= - Secured GET /actuator/prometheus
2026-05-07 10:27:21.592 INFO  [http-nio-8080-exec-7] HttpRequestLoggingFilter requestId=ffee6a22-df3d-4972-850e-53cc825e8c64 userId= method=GET uri=/actuator/prometheus status=200 durationMs=8 - HTTP request completed
2026-05-07 10:27:31.583 DEBUG [http-nio-8080-exec-8] FilterChainProxy requestId=e85ab508-d90c-40b6-8784-e42a663e4d29 userId= method= uri= status= durationMs= - Securing GET /actuator/prometheus
2026-05-07 10:27:31.584 DEBUG [http-nio-8080-exec-8] AnonymousAuthenticationFilter requestId=e85ab508-d90c-40b6-8784-e42a663e4d29 userId= method= uri= status= durationMs= - Set SecurityContextHolder to anonymous SecurityContext
2026-05-07 10:27:31.586 DEBUG [http-nio-8080-exec-8] FilterChainProxy requestId=e85ab508-d90c-40b6-8784-e42a663e4d29 userId= method= uri= status= durationMs= - Secured GET /actuator/prometheus
2026-05-07 10:27:31.590 INFO  [http-nio-8080-exec-8] HttpRequestLoggingFilter requestId=e85ab508-d90c-40b6-8784-e42a663e4d29 userId= method=GET uri=/actuator/prometheus status=200 durationMs=7 - HTTP request completed
2026-05-07 10:27:41.549 DEBUG [http-nio-8080-exec-9] FilterChainProxy requestId=1465b521-a156-438d-a32d-5ccf784a7041 userId= method= uri= status= durationMs= - Securing GET /actuator/prometheus
2026-05-07 10:27:41.551 DEBUG [http-nio-8080-exec-9] AnonymousAuthenticationFilter requestId=1465b521-a156-438d-a32d-5ccf784a7041 userId= method= uri= status= durationMs= - Set SecurityContextHolder to anonymous SecurityContext
2026-05-07 10:27:41.553 DEBUG [http-nio-8080-exec-9] FilterChainProxy requestId=1465b521-a156-438d-a32d-5ccf784a7041 userId= method= uri= status= durationMs= - Secured GET /actuator/prometheus
2026-05-07 10:27:41.557 INFO  [http-nio-8080-exec-9] HttpRequestLoggingFilter requestId=1465b521-a156-438d-a32d-5ccf784a7041 userId= method=GET uri=/actuator/prometheus status=200 durationMs=8 - HTTP request completed
2026-05-07 10:27:51.548 DEBUG [http-nio-8080-exec-10] FilterChainProxy requestId=40c92568-b135-4a76-b4a2-165b8c9dfa39 userId= method= uri= status= durationMs= - Securing GET /actuator/prometheus
2026-05-07 10:27:51.551 DEBUG [http-nio-8080-exec-10] AnonymousAuthenticationFilter requestId=40c92568-b135-4a76-b4a2-165b8c9dfa39 userId= method= uri= status= durationMs= - Set SecurityContextHolder to anonymous SecurityContext
2026-05-07 10:27:51.553 DEBUG [http-nio-8080-exec-10] FilterChainProxy requestId=40c92568-b135-4a76-b4a2-165b8c9dfa39 userId= method= uri= status= durationMs= - Secured GET /actuator/prometheus
2026-05-07 10:27:51.558 INFO  [http-nio-8080-exec-10] HttpRequestLoggingFilter requestId=40c92568-b135-4a76-b4a2-165b8c9dfa39 userId= method=GET uri=/actuator/prometheus status=200 durationMs=10 - HTTP request completed
2026-05-07 10:28:01.548 DEBUG [http-nio-8080-exec-1] FilterChainProxy requestId=890ecffd-34fe-424d-95a1-ffc0518e886f userId= method= uri= status= durationMs= - Securing GET /actuator/prometheus
2026-05-07 10:28:01.551 DEBUG [http-nio-8080-exec-1] AnonymousAuthenticationFilter requestId=890ecffd-34fe-424d-95a1-ffc0518e886f userId= method= uri= status= durationMs= - Set SecurityContextHolder to anonymous SecurityContext
2026-05-07 10:28:01.553 DEBUG [http-nio-8080-exec-1] FilterChainProxy requestId=890ecffd-34fe-424d-95a1-ffc0518e886f userId= method= uri= status= durationMs= - Secured GET /actuator/prometheus
2026-05-07 10:28:01.557 INFO  [http-nio-8080-exec-1] HttpRequestLoggingFilter requestId=890ecffd-34fe-424d-95a1-ffc0518e886f userId= method=GET uri=/actuator/prometheus status=200 durationMs=9 - HTTP request completed
2026-05-07 10:28:11.512 DEBUG [http-nio-8080-exec-2] FilterChainProxy requestId=895f0679-0e6f-4008-878f-3d668b51be15 userId= method= uri= status= durationMs= - Securing GET /actuator/prometheus
2026-05-07 10:28:11.513 DEBUG [http-nio-8080-exec-2] AnonymousAuthenticationFilter requestId=895f0679-0e6f-4008-878f-3d668b51be15 userId= method= uri= status= durationMs= - Set SecurityContextHolder to anonymous SecurityContext
2026-05-07 10:28:11.514 DEBUG [http-nio-8080-exec-2] FilterChainProxy requestId=895f0679-0e6f-4008-878f-3d668b51be15 userId= method= uri= status= durationMs= - Secured GET /actuator/prometheus
2026-05-07 10:28:11.518 INFO  [http-nio-8080-exec-2] HttpRequestLoggingFilter requestId=895f0679-0e6f-4008-878f-3d668b51be15 userId= method=GET uri=/actuator/prometheus status=200 durationMs=6 - HTTP request completed
2026-05-07 10:28:21.513 DEBUG [http-nio-8080-exec-3] FilterChainProxy requestId=8be2364b-49f1-4007-b990-69fa951aa569 userId= method= uri= status= durationMs= - Securing GET /actuator/prometheus
2026-05-07 10:28:21.515 DEBUG [http-nio-8080-exec-3] AnonymousAuthenticationFilter requestId=8be2364b-49f1-4007-b990-69fa951aa569 userId= method= uri= status= durationMs= - Set SecurityContextHolder to anonymous SecurityContext
2026-05-07 10:28:21.517 DEBUG [http-nio-8080-exec-3] FilterChainProxy requestId=8be2364b-49f1-4007-b990-69fa951aa569 userId= method= uri= status= durationMs= - Secured GET /actuator/prometheus
2026-05-07 10:28:21.522 INFO  [http-nio-8080-exec-3] HttpRequestLoggingFilter requestId=8be2364b-49f1-4007-b990-69fa951aa569 userId= method=GET uri=/actuator/prometheus status=200 durationMs=9 - HTTP request completed
2026-05-07 10:28:31.512 DEBUG [http-nio-8080-exec-4] FilterChainProxy requestId=dd5734c7-f1d8-4811-b980-610182d75cfd userId= method= uri= status= durationMs= - Securing GET /actuator/prometheus
2026-05-07 10:28:31.514 DEBUG [http-nio-8080-exec-4] AnonymousAuthenticationFilter requestId=dd5734c7-f1d8-4811-b980-610182d75cfd userId= method= uri= status= durationMs= - Set SecurityContextHolder to anonymous SecurityContext
2026-05-07 10:28:31.515 DEBUG [http-nio-8080-exec-4] FilterChainProxy requestId=dd5734c7-f1d8-4811-b980-610182d75cfd userId= method= uri= status= durationMs= - Secured GET /actuator/prometheus
2026-05-07 10:28:31.520 INFO  [http-nio-8080-exec-4] HttpRequestLoggingFilter requestId=dd5734c7-f1d8-4811-b980-610182d75cfd userId= method=GET uri=/actuator/prometheus status=200 durationMs=7 - HTTP request completed
2026-05-07 10:28:41.478 DEBUG [http-nio-8080-exec-5] FilterChainProxy requestId=378f8f1d-f6e0-4acd-be73-e8bcf342c615 userId= method= uri= status= durationMs= - Securing GET /actuator/prometheus
2026-05-07 10:28:41.479 DEBUG [http-nio-8080-exec-5] AnonymousAuthenticationFilter requestId=378f8f1d-f6e0-4acd-be73-e8bcf342c615 userId= method= uri= status= durationMs= - Set SecurityContextHolder to anonymous SecurityContext
2026-05-07 10:28:41.480 DEBUG [http-nio-8080-exec-5] FilterChainProxy requestId=378f8f1d-f6e0-4acd-be73-e8bcf342c615 userId= method= uri= status= durationMs= - Secured GET /actuator/prometheus
2026-05-07 10:28:41.484 INFO  [http-nio-8080-exec-5] HttpRequestLoggingFilter requestId=378f8f1d-f6e0-4acd-be73-e8bcf342c615 userId= method=GET uri=/actuator/prometheus status=200 durationMs=6 - HTTP request completed
2026-05-07 10:28:51.479 DEBUG [http-nio-8080-exec-6] FilterChainProxy requestId=f76a2c48-d2b5-4558-93d4-7d36ce65a165 userId= method= uri= status= durationMs= - Securing GET /actuator/prometheus
2026-05-07 10:28:51.481 DEBUG [http-nio-8080-exec-6] AnonymousAuthenticationFilter requestId=f76a2c48-d2b5-4558-93d4-7d36ce65a165 userId= method= uri= status= durationMs= - Set SecurityContextHolder to anonymous SecurityContext
2026-05-07 10:28:51.482 DEBUG [http-nio-8080-exec-6] FilterChainProxy requestId=f76a2c48-d2b5-4558-93d4-7d36ce65a165 userId= method= uri= status= durationMs= - Secured GET /actuator/prometheus
2026-05-07 10:28:51.486 INFO  [http-nio-8080-exec-6] HttpRequestLoggingFilter requestId=f76a2c48-d2b5-4558-93d4-7d36ce65a165 userId= method=GET uri=/actuator/prometheus status=200 durationMs=7 - HTTP request completed
2026-05-07 10:29:01.479 DEBUG [http-nio-8080-exec-7] FilterChainProxy requestId=335bea20-87aa-4649-91c1-a41109813bac userId= method= uri= status= durationMs= - Securing GET /actuator/prometheus
2026-05-07 10:29:01.481 DEBUG [http-nio-8080-exec-7] AnonymousAuthenticationFilter requestId=335bea20-87aa-4649-91c1-a41109813bac userId= method= uri= status= durationMs= - Set SecurityContextHolder to anonymous SecurityContext
2026-05-07 10:29:01.482 DEBUG [http-nio-8080-exec-7] FilterChainProxy requestId=335bea20-87aa-4649-91c1-a41109813bac userId= method= uri= status= durationMs= - Secured GET /actuator/prometheus
2026-05-07 10:29:01.487 INFO  [http-nio-8080-exec-7] HttpRequestLoggingFilter requestId=335bea20-87aa-4649-91c1-a41109813bac userId= method=GET uri=/actuator/prometheus status=200 durationMs=9 - HTTP request completed
2026-05-07 10:29:11.443 DEBUG [http-nio-8080-exec-8] FilterChainProxy requestId=8a08efd2-ddde-49af-b070-9c2458c4378b userId= method= uri= status= durationMs= - Securing GET /actuator/prometheus
2026-05-07 10:29:11.445 DEBUG [http-nio-8080-exec-8] AnonymousAuthenticationFilter requestId=8a08efd2-ddde-49af-b070-9c2458c4378b userId= method= uri= status= durationMs= - Set SecurityContextHolder to anonymous SecurityContext
2026-05-07 10:29:11.447 DEBUG [http-nio-8080-exec-8] FilterChainProxy requestId=8a08efd2-ddde-49af-b070-9c2458c4378b userId= method= uri= status= durationMs= - Secured GET /actuator/prometheus
2026-05-07 10:29:11.451 INFO  [http-nio-8080-exec-8] HttpRequestLoggingFilter requestId=8a08efd2-ddde-49af-b070-9c2458c4378b userId= method=GET uri=/actuator/prometheus status=200 durationMs=9 - HTTP request completed
2026-05-07 10:29:21.443 DEBUG [http-nio-8080-exec-9] FilterChainProxy requestId=8297c871-bdbe-4909-b3f0-0abe0070a917 userId= method= uri= status= durationMs= - Securing GET /actuator/prometheus
2026-05-07 10:29:21.446 DEBUG [http-nio-8080-exec-9] AnonymousAuthenticationFilter requestId=8297c871-bdbe-4909-b3f0-0abe0070a917 userId= method= uri= status= durationMs= - Set SecurityContextHolder to anonymous SecurityContext
2026-05-07 10:29:21.447 DEBUG [http-nio-8080-exec-9] FilterChainProxy requestId=8297c871-bdbe-4909-b3f0-0abe0070a917 userId= method= uri= status= durationMs= - Secured GET /actuator/prometheus
2026-05-07 10:29:21.452 INFO  [http-nio-8080-exec-9] HttpRequestLoggingFilter requestId=8297c871-bdbe-4909-b3f0-0abe0070a917 userId= method=GET uri=/actuator/prometheus status=200 durationMs=10 - HTTP request completed
2026-05-07 10:29:31.442 DEBUG [http-nio-8080-exec-10] FilterChainProxy requestId=b6d314d0-148a-4e32-9689-f7b65265d73a userId= method= uri= status= durationMs= - Securing GET /actuator/prometheus
2026-05-07 10:29:31.444 DEBUG [http-nio-8080-exec-10] AnonymousAuthenticationFilter requestId=b6d314d0-148a-4e32-9689-f7b65265d73a userId= method= uri= status= durationMs= - Set SecurityContextHolder to anonymous SecurityContext
2026-05-07 10:29:31.446 DEBUG [http-nio-8080-exec-10] FilterChainProxy requestId=b6d314d0-148a-4e32-9689-f7b65265d73a userId= method= uri= status= durationMs= - Secured GET /actuator/prometheus
2026-05-07 10:29:31.450 INFO  [http-nio-8080-exec-10] HttpRequestLoggingFilter requestId=b6d314d0-148a-4e32-9689-f7b65265d73a userId= method=GET uri=/actuator/prometheus status=200 durationMs=9 - HTTP request completed
2026-05-07 10:29:41.406 DEBUG [http-nio-8080-exec-1] FilterChainProxy requestId=e4708b06-0c8e-4eab-9a21-6eeb551d8443 userId= method= uri= status= durationMs= - Securing GET /actuator/prometheus
2026-05-07 10:29:41.408 DEBUG [http-nio-8080-exec-1] AnonymousAuthenticationFilter requestId=e4708b06-0c8e-4eab-9a21-6eeb551d8443 userId= method= uri= status= durationMs= - Set SecurityContextHolder to anonymous SecurityContext
2026-05-07 10:29:41.410 DEBUG [http-nio-8080-exec-1] FilterChainProxy requestId=e4708b06-0c8e-4eab-9a21-6eeb551d8443 userId= method= uri= status= durationMs= - Secured GET /actuator/prometheus
2026-05-07 10:29:41.414 INFO  [http-nio-8080-exec-1] HttpRequestLoggingFilter requestId=e4708b06-0c8e-4eab-9a21-6eeb551d8443 userId= method=GET uri=/actuator/prometheus status=200 durationMs=8 - HTTP request completed
2026-05-07 10:29:51.406 DEBUG [http-nio-8080-exec-2] FilterChainProxy requestId=7594fdfa-ff8b-4cfe-90e7-bc0e1e9d15e9 userId= method= uri= status= durationMs= - Securing GET /actuator/prometheus
2026-05-07 10:29:51.408 DEBUG [http-nio-8080-exec-2] AnonymousAuthenticationFilter requestId=7594fdfa-ff8b-4cfe-90e7-bc0e1e9d15e9 userId= method= uri= status= durationMs= - Set SecurityContextHolder to anonymous SecurityContext
2026-05-07 10:29:51.410 DEBUG [http-nio-8080-exec-2] FilterChainProxy requestId=7594fdfa-ff8b-4cfe-90e7-bc0e1e9d15e9 userId= method= uri= status= durationMs= - Secured GET /actuator/prometheus
2026-05-07 10:29:51.414 INFO  [http-nio-8080-exec-2] HttpRequestLoggingFilter requestId=7594fdfa-ff8b-4cfe-90e7-bc0e1e9d15e9 userId= method=GET uri=/actuator/prometheus status=200 durationMs=9 - HTTP request completed
2026-05-07 10:29:57.999 INFO  [scheduling-1] NewsScheduler requestId= userId= method= uri= status= durationMs= - Scheduled FINNHUB news sync started
2026-05-07 10:29:58.002 INFO  [scheduling-1] FinnhubClient requestId= userId= method= uri= status= durationMs= - Sending Finnhub request to endpoint: general-news
2026-05-07 10:29:58.003 DEBUG [scheduling-1] FinnhubClient requestId= userId= method= uri= status= durationMs= - Finnhub request prepared. endpoint=general-news, category=general
2026-05-07 10:29:58.238 INFO  [scheduling-1] FinnhubClient requestId= userId= method= uri= status= durationMs= - Finnhub response received. Endpoint: general-news, count: 100
2026-05-07 10:29:58.250 INFO  [scheduling-1] NewsService requestId= userId= method= uri= status= durationMs= - News persistence completed. provider: FINNHUB, fetched: 100, valid: 100, invalid: 0, duplicate: 0, existing: 100, saved: 0, invalidBecauseMissingTitle: 0, invalidBecauseMissingUrl: 0, invalidBecauseMissingSource: 0, invalidBecauseMissingExternalId: 0, invalidBecauseMissingDate: 0
2026-05-07 10:29:58.251 INFO  [scheduling-1] NewsService requestId= userId= method= uri= status= durationMs=248 - News sync stats. provider: FINNHUB, fetched: 100, valid: 100, invalid: 0, duplicate: 0, existing: 100, saved: 0, parseSuccessRatio: 1.00, durationMs: 248
2026-05-07 10:29:58.253 INFO  [scheduling-1] NewsScheduler requestId= userId= method= uri= status= durationMs= - Scheduled FINNHUB sync completed. provider: FINNHUB, fetched: 100, saved: 0, existing: 100, invalid: 0
2026-05-07 10:29:58.254 INFO  [scheduling-1] NewsScheduler requestId= userId= method= uri= status= durationMs= - Scheduled INVESTING_RSS news sync started
2026-05-07 10:29:58.461 INFO  [scheduling-1] InvestingRssNewsClient requestId= userId= method= uri= status= durationMs= - Investing feed parsed. url: https://www.investing.com/rss/news_14.rss, fetched: 10
2026-05-07 10:29:58.472 INFO  [scheduling-1] NewsService requestId= userId= method= uri= status= durationMs= - News persistence completed. provider: INVESTING_RSS, fetched: 10, valid: 10, invalid: 0, duplicate: 0, existing: 8, saved: 2, invalidBecauseMissingTitle: 0, invalidBecauseMissingUrl: 0, invalidBecauseMissingSource: 0, invalidBecauseMissingExternalId: 0, invalidBecauseMissingDate: 0
2026-05-07 10:29:58.473 INFO  [scheduling-1] NewsService requestId= userId= method= uri= status= durationMs=218 - News sync stats. provider: INVESTING_RSS, fetched: 10, valid: 10, invalid: 0, duplicate: 0, existing: 8, saved: 2, parseSuccessRatio: 1.00, durationMs: 218
2026-05-07 10:29:58.476 INFO  [scheduling-1] NewsScheduler requestId= userId= method= uri= status= durationMs= - Scheduled INVESTING_RSS sync completed. provider: INVESTING_RSS, fetched: 10, saved: 2, existing: 8, invalid: 0
2026-05-07 10:30:01.407 DEBUG [http-nio-8080-exec-3] FilterChainProxy requestId=6aa3f52f-2ade-477d-8033-6d729c03c4bc userId= method= uri= status= durationMs= - Securing GET /actuator/prometheus
2026-05-07 10:30:01.409 DEBUG [http-nio-8080-exec-3] AnonymousAuthenticationFilter requestId=6aa3f52f-2ade-477d-8033-6d729c03c4bc userId= method= uri= status= durationMs= - Set SecurityContextHolder to anonymous SecurityContext
2026-05-07 10:30:01.411 DEBUG [http-nio-8080-exec-3] FilterChainProxy requestId=6aa3f52f-2ade-477d-8033-6d729c03c4bc userId= method= uri= status= durationMs= - Secured GET /actuator/prometheus
2026-05-07 10:30:01.425 INFO  [http-nio-8080-exec-3] HttpRequestLoggingFilter requestId=6aa3f52f-2ade-477d-8033-6d729c03c4bc userId= method=GET uri=/actuator/prometheus status=200 durationMs=19 - HTTP request completed
2026-05-07 10:30:11.121 INFO  [scheduling-1] MarketRefreshScheduler requestId= userId= method= uri= status= durationMs= - Market refresh scheduler tick started
2026-05-07 10:30:11.151 INFO  [scheduling-1] MarketRefreshCoordinator requestId= userId= method= uri= status= durationMs= - Market refresh coordinator evaluating providers: sources=[BINANCE, BIST, EVDS]
2026-05-07 10:30:11.152 INFO  [scheduling-1] MarketRefreshCoordinator requestId= userId= method= uri= status= durationMs= - Market provider due refresh started: source=BINANCE
2026-05-07 10:30:11.153 INFO  [scheduling-1] ProviderOrchestrationService requestId= userId= method= uri= status= durationMs= - Market provider orchestration started: providerCount=3, sourceFilter=BINANCE
2026-05-07 10:30:11.153 INFO  [scheduling-1] ProviderOrchestrationService requestId= userId= method= uri= status= durationMs= - Market provider refresh started: source=BINANCE
2026-05-07 10:30:11.156 INFO  [scheduling-1] BinanceMarketDataProvider requestId= userId= method= uri= status= durationMs= - Market provider registry resolved: providerSource=BINANCE, registryMappingCount=8, resolvedSymbols=[BTCUSDT, ETHUSDT, BNBUSDT, SOLUSDT, XRPUSDT, ADAUSDT, AVAXUSDT, DOGEUSDT], fallbackToYaml=true
2026-05-07 10:30:11.157 INFO  [scheduling-1] BinanceClient requestId= userId= method= uri= status= durationMs= - Binance client request started: symbolCount=8, uri=https://api.binance.com/api/v3/ticker/24hr?symbols=%5B%22BTCUSDT%22,%22ETHUSDT%22,%22BNBUSDT%22,%22SOLUSDT%22,%22XRPUSDT%22,%22ADAUSDT%22,%22AVAXUSDT%22,%22DOGEUSDT%22%5D
2026-05-07 10:30:11.371 DEBUG [http-nio-8080-exec-4] FilterChainProxy requestId=0e00fdcf-07e5-43cb-8531-a68b8bc41876 userId= method= uri= status= durationMs= - Securing GET /actuator/prometheus
2026-05-07 10:30:11.372 DEBUG [http-nio-8080-exec-4] AnonymousAuthenticationFilter requestId=0e00fdcf-07e5-43cb-8531-a68b8bc41876 userId= method= uri= status= durationMs= - Set SecurityContextHolder to anonymous SecurityContext
2026-05-07 10:30:11.374 DEBUG [http-nio-8080-exec-4] FilterChainProxy requestId=0e00fdcf-07e5-43cb-8531-a68b8bc41876 userId= method= uri= status= durationMs= - Secured GET /actuator/prometheus
2026-05-07 10:30:11.379 INFO  [http-nio-8080-exec-4] HttpRequestLoggingFilter requestId=0e00fdcf-07e5-43cb-8531-a68b8bc41876 userId= method=GET uri=/actuator/prometheus status=200 durationMs=8 - HTTP request completed
2026-05-07 10:30:11.484 INFO  [scheduling-1] BinanceClient requestId= userId= method= uri= status= durationMs= - Binance client request completed: quoteCount=8
2026-05-07 10:30:11.486 INFO  [scheduling-1] BinanceMarketDataProvider requestId= userId= method= uri= status= durationMs= - Binance provider fetch completed: requestedSymbolCount=8, quoteCount=8, historyRecordCount=0
2026-05-07 10:30:11.487 INFO  [scheduling-1] ProviderOrchestrationService requestId= userId= method= uri= status= durationMs=333 - Market provider refresh completed: source=BINANCE, quoteCount=8, historyRecordCount=0, durationMs=333
2026-05-07 10:30:11.488 INFO  [scheduling-1] ProviderOrchestrationService requestId= userId= method= uri= status= durationMs= - Market provider skipped by supports: providerSource=BIST, requestSource=BINANCE
2026-05-07 10:30:11.488 INFO  [scheduling-1] EvdsMarketDataProvider requestId= userId= method= uri= status= durationMs= - EVDS provider supports evaluated: supported=false, enabled=true, requestSource=BINANCE
2026-05-07 10:30:11.489 INFO  [scheduling-1] ProviderOrchestrationService requestId= userId= method= uri= status= durationMs= - Market provider skipped by supports: providerSource=EVDS, requestSource=BINANCE
2026-05-07 10:30:11.489 INFO  [scheduling-1] MarketCacheTtlPolicy requestId= userId= method= uri= status= durationMs= - Market cache ttl resolved: source=BINANCE, ttl=PT2M
2026-05-07 10:30:11.490 INFO  [scheduling-1] MarketCacheService requestId= userId= method= uri= status= durationMs= - Market cache write: source=BINANCE, key=market:quotes:source:BINANCE, ttl=PT2M
2026-05-07 10:30:11.491 INFO  [scheduling-1] MarketCacheTtlPolicy requestId= userId= method= uri= status= durationMs= - Market cache ttl resolved: source=BINANCE, ttl=PT2M
2026-05-07 10:30:11.492 INFO  [scheduling-1] MarketCacheService requestId= userId= method= uri= status= durationMs= - Market cache write: source=BINANCE, key=market:quotes:symbol:BTCUSDT, ttl=PT2M
2026-05-07 10:30:11.493 INFO  [scheduling-1] MarketCacheTtlPolicy requestId= userId= method= uri= status= durationMs= - Market cache ttl resolved: source=BINANCE, ttl=PT2M
2026-05-07 10:30:11.493 INFO  [scheduling-1] MarketCacheService requestId= userId= method= uri= status= durationMs= - Market cache write: source=BINANCE, key=market:quotes:symbol:ETHUSDT, ttl=PT2M
2026-05-07 10:30:11.494 INFO  [scheduling-1] MarketCacheTtlPolicy requestId= userId= method= uri= status= durationMs= - Market cache ttl resolved: source=BINANCE, ttl=PT2M
2026-05-07 10:30:11.494 INFO  [scheduling-1] MarketCacheService requestId= userId= method= uri= status= durationMs= - Market cache write: source=BINANCE, key=market:quotes:symbol:BNBUSDT, ttl=PT2M
2026-05-07 10:30:11.495 INFO  [scheduling-1] MarketCacheTtlPolicy requestId= userId= method= uri= status= durationMs= - Market cache ttl resolved: source=BINANCE, ttl=PT2M
2026-05-07 10:30:11.495 INFO  [scheduling-1] MarketCacheService requestId= userId= method= uri= status= durationMs= - Market cache write: source=BINANCE, key=market:quotes:symbol:ADAUSDT, ttl=PT2M
2026-05-07 10:30:11.496 INFO  [scheduling-1] MarketCacheTtlPolicy requestId= userId= method= uri= status= durationMs= - Market cache ttl resolved: source=BINANCE, ttl=PT2M
2026-05-07 10:30:11.496 INFO  [scheduling-1] MarketCacheService requestId= userId= method= uri= status= durationMs= - Market cache write: source=BINANCE, key=market:quotes:symbol:XRPUSDT, ttl=PT2M
2026-05-07 10:30:11.497 INFO  [scheduling-1] MarketCacheTtlPolicy requestId= userId= method= uri= status= durationMs= - Market cache ttl resolved: source=BINANCE, ttl=PT2M
2026-05-07 10:30:11.497 INFO  [scheduling-1] MarketCacheService requestId= userId= method= uri= status= durationMs= - Market cache write: source=BINANCE, key=market:quotes:symbol:DOGEUSDT, ttl=PT2M
2026-05-07 10:30:11.498 INFO  [scheduling-1] MarketCacheTtlPolicy requestId= userId= method= uri= status= durationMs= - Market cache ttl resolved: source=BINANCE, ttl=PT2M
2026-05-07 10:30:11.499 INFO  [scheduling-1] MarketCacheService requestId= userId= method= uri= status= durationMs= - Market cache write: source=BINANCE, key=market:quotes:symbol:SOLUSDT, ttl=PT2M
2026-05-07 10:30:11.499 INFO  [scheduling-1] MarketCacheTtlPolicy requestId= userId= method= uri= status= durationMs= - Market cache ttl resolved: source=BINANCE, ttl=PT2M
2026-05-07 10:30:11.500 INFO  [scheduling-1] MarketCacheService requestId= userId= method= uri= status= durationMs= - Market cache write: source=BINANCE, key=market:quotes:symbol:AVAXUSDT, ttl=PT2M
2026-05-07 10:30:11.500 INFO  [scheduling-1] MarketHistoryService requestId= userId= method= uri= status= durationMs= - Market history persistence candidates: source=BINANCE, receivedCount=0, validatedCount=0, candidateCount=0
2026-05-07 10:30:11.501 INFO  [scheduling-1] MarketHistoryService requestId= userId= method= uri= status= durationMs= - Market history persistence pre-insert: source=BINANCE, candidateCount=0, insertableCount=0
2026-05-07 10:30:11.501 INFO  [scheduling-1] MarketHistoryService requestId= userId= method= uri= status= durationMs= - Market history persistence completed: source=BINANCE, received=0, saved=0, skippedDuplicate=0
2026-05-07 10:30:11.504 INFO  [scheduling-1] MarketCacheTtlPolicy requestId= userId= method= uri= status= durationMs= - Market cache ttl resolved: source=ALL, ttl=PT30M
2026-05-07 10:30:11.504 INFO  [scheduling-1] MarketCacheService requestId= userId= method= uri= status= durationMs= - Market cache write: source=ALL, key=market:quotes:all, ttl=PT30M
2026-05-07 10:30:11.505 INFO  [scheduling-1] MarketCacheTtlPolicy requestId= userId= method= uri= status= durationMs= - Market cache ttl resolved: source=BINANCE, ttl=PT2M
2026-05-07 10:30:11.506 INFO  [scheduling-1] MarketCacheService requestId= userId= method= uri= status= durationMs= - Market cache write: source=BINANCE, key=market:quotes:symbol:BTCUSDT, ttl=PT2M
2026-05-07 10:30:11.507 INFO  [scheduling-1] MarketCacheTtlPolicy requestId= userId= method= uri= status= durationMs= - Market cache ttl resolved: source=BINANCE, ttl=PT2M
2026-05-07 10:30:11.507 INFO  [scheduling-1] MarketCacheService requestId= userId= method= uri= status= durationMs= - Market cache write: source=BINANCE, key=market:quotes:symbol:ETHUSDT, ttl=PT2M
2026-05-07 10:30:11.508 INFO  [scheduling-1] MarketCacheTtlPolicy requestId= userId= method= uri= status= durationMs= - Market cache ttl resolved: source=BINANCE, ttl=PT2M
2026-05-07 10:30:11.509 INFO  [scheduling-1] MarketCacheService requestId= userId= method= uri= status= durationMs= - Market cache write: source=BINANCE, key=market:quotes:symbol:BNBUSDT, ttl=PT2M
2026-05-07 10:30:11.509 INFO  [scheduling-1] MarketCacheTtlPolicy requestId= userId= method= uri= status= durationMs= - Market cache ttl resolved: source=BINANCE, ttl=PT2M
2026-05-07 10:30:11.510 INFO  [scheduling-1] MarketCacheService requestId= userId= method= uri= status= durationMs= - Market cache write: source=BINANCE, key=market:quotes:symbol:ADAUSDT, ttl=PT2M
2026-05-07 10:30:11.510 INFO  [scheduling-1] MarketCacheTtlPolicy requestId= userId= method= uri= status= durationMs= - Market cache ttl resolved: source=BINANCE, ttl=PT2M
2026-05-07 10:30:11.511 INFO  [scheduling-1] MarketCacheService requestId= userId= method= uri= status= durationMs= - Market cache write: source=BINANCE, key=market:quotes:symbol:XRPUSDT, ttl=PT2M
2026-05-07 10:30:11.512 INFO  [scheduling-1] MarketCacheTtlPolicy requestId= userId= method= uri= status= durationMs= - Market cache ttl resolved: source=BINANCE, ttl=PT2M
2026-05-07 10:30:11.512 INFO  [scheduling-1] MarketCacheService requestId= userId= method= uri= status= durationMs= - Market cache write: source=BINANCE, key=market:quotes:symbol:DOGEUSDT, ttl=PT2M
2026-05-07 10:30:11.513 INFO  [scheduling-1] MarketCacheTtlPolicy requestId= userId= method= uri= status= durationMs= - Market cache ttl resolved: source=BINANCE, ttl=PT2M
2026-05-07 10:30:11.513 INFO  [scheduling-1] MarketCacheService requestId= userId= method= uri= status= durationMs= - Market cache write: source=BINANCE, key=market:quotes:symbol:SOLUSDT, ttl=PT2M
2026-05-07 10:30:11.514 INFO  [scheduling-1] MarketCacheTtlPolicy requestId= userId= method= uri= status= durationMs= - Market cache ttl resolved: source=BINANCE, ttl=PT2M
2026-05-07 10:30:11.514 INFO  [scheduling-1] MarketCacheService requestId= userId= method= uri= status= durationMs= - Market cache write: source=BINANCE, key=market:quotes:symbol:AVAXUSDT, ttl=PT2M
2026-05-07 10:30:11.515 INFO  [scheduling-1] MarketCacheTtlPolicy requestId= userId= method= uri= status= durationMs= - Market cache ttl resolved: source=BIST, ttl=PT24H
2026-05-07 10:30:11.515 INFO  [scheduling-1] MarketCacheService requestId= userId= method= uri= status= durationMs= - Market cache write: source=BIST, key=market:quotes:symbol:THYAO, ttl=PT24H
2026-05-07 10:30:11.516 INFO  [scheduling-1] MarketCacheTtlPolicy requestId= userId= method= uri= status= durationMs= - Market cache ttl resolved: source=BIST, ttl=PT24H
2026-05-07 10:30:11.516 INFO  [scheduling-1] MarketCacheService requestId= userId= method= uri= status= durationMs= - Market cache write: source=BIST, key=market:quotes:symbol:ASELS, ttl=PT24H
2026-05-07 10:30:11.517 INFO  [scheduling-1] MarketCacheTtlPolicy requestId= userId= method= uri= status= durationMs= - Market cache ttl resolved: source=BIST, ttl=PT24H
2026-05-07 10:30:11.517 INFO  [scheduling-1] MarketCacheService requestId= userId= method= uri= status= durationMs= - Market cache write: source=BIST, key=market:quotes:symbol:GARAN, ttl=PT24H
2026-05-07 10:30:11.518 INFO  [scheduling-1] MarketCacheTtlPolicy requestId= userId= method= uri= status= durationMs= - Market cache ttl resolved: source=BIST, ttl=PT24H
2026-05-07 10:30:11.519 INFO  [scheduling-1] MarketCacheService requestId= userId= method= uri= status= durationMs= - Market cache write: source=BIST, key=market:quotes:symbol:AKBNK, ttl=PT24H
2026-05-07 10:30:11.520 INFO  [scheduling-1] MarketCacheTtlPolicy requestId= userId= method= uri= status= durationMs= - Market cache ttl resolved: source=BIST, ttl=PT24H
2026-05-07 10:30:11.520 INFO  [scheduling-1] MarketCacheService requestId= userId= method= uri= status= durationMs= - Market cache write: source=BIST, key=market:quotes:symbol:BIMAS, ttl=PT24H
2026-05-07 10:30:11.521 INFO  [scheduling-1] MarketCacheTtlPolicy requestId= userId= method= uri= status= durationMs= - Market cache ttl resolved: source=BIST, ttl=PT24H
2026-05-07 10:30:11.522 INFO  [scheduling-1] MarketCacheService requestId= userId= method= uri= status= durationMs= - Market cache write: source=BIST, key=market:quotes:symbol:KCHOL, ttl=PT24H
2026-05-07 10:30:11.523 INFO  [scheduling-1] MarketCacheTtlPolicy requestId= userId= method= uri= status= durationMs= - Market cache ttl resolved: source=BIST, ttl=PT24H
2026-05-07 10:30:11.523 INFO  [scheduling-1] MarketCacheService requestId= userId= method= uri= status= durationMs= - Market cache write: source=BIST, key=market:quotes:symbol:SAHOL, ttl=PT24H
2026-05-07 10:30:11.524 INFO  [scheduling-1] MarketCacheTtlPolicy requestId= userId= method= uri= status= durationMs= - Market cache ttl resolved: source=BIST, ttl=PT24H
2026-05-07 10:30:11.524 INFO  [scheduling-1] MarketCacheService requestId= userId= method= uri= status= durationMs= - Market cache write: source=BIST, key=market:quotes:symbol:EREGL, ttl=PT24H
2026-05-07 10:30:11.525 INFO  [scheduling-1] MarketCacheTtlPolicy requestId= userId= method= uri= status= durationMs= - Market cache ttl resolved: source=BIST, ttl=PT24H
2026-05-07 10:30:11.526 INFO  [scheduling-1] MarketCacheService requestId= userId= method= uri= status= durationMs= - Market cache write: source=BIST, key=market:quotes:symbol:TUPRS, ttl=PT24H
2026-05-07 10:30:11.526 INFO  [scheduling-1] MarketCacheTtlPolicy requestId= userId= method= uri= status= durationMs= - Market cache ttl resolved: source=BIST, ttl=PT24H
2026-05-07 10:30:11.527 INFO  [scheduling-1] MarketCacheService requestId= userId= method= uri= status= durationMs= - Market cache write: source=BIST, key=market:quotes:symbol:FROTO, ttl=PT24H
2026-05-07 10:30:11.527 INFO  [scheduling-1] MarketCacheTtlPolicy requestId= userId= method= uri= status= durationMs= - Market cache ttl resolved: source=BIST, ttl=PT24H
2026-05-07 10:30:11.528 INFO  [scheduling-1] MarketCacheService requestId= userId= method= uri= status= durationMs= - Market cache write: source=BIST, key=market:quotes:symbol:SISE, ttl=PT24H
2026-05-07 10:30:11.528 INFO  [scheduling-1] MarketCacheTtlPolicy requestId= userId= method= uri= status= durationMs= - Market cache ttl resolved: source=BIST, ttl=PT24H
2026-05-07 10:30:11.529 INFO  [scheduling-1] MarketCacheService requestId= userId= method= uri= status= durationMs= - Market cache write: source=BIST, key=market:quotes:symbol:PETKM, ttl=PT24H
2026-05-07 10:30:11.530 INFO  [scheduling-1] MarketCacheTtlPolicy requestId= userId= method= uri= status= durationMs= - Market cache ttl resolved: source=BIST, ttl=PT24H
2026-05-07 10:30:11.530 INFO  [scheduling-1] MarketCacheService requestId= userId= method= uri= status= durationMs= - Market cache write: source=BIST, key=market:quotes:symbol:PGSUS, ttl=PT24H
2026-05-07 10:30:11.531 INFO  [scheduling-1] MarketCacheTtlPolicy requestId= userId= method= uri= status= durationMs= - Market cache ttl resolved: source=BIST, ttl=PT24H
2026-05-07 10:30:11.531 INFO  [scheduling-1] MarketCacheService requestId= userId= method= uri= status= durationMs= - Market cache write: source=BIST, key=market:quotes:symbol:TTKOM, ttl=PT24H
2026-05-07 10:30:11.532 INFO  [scheduling-1] MarketCacheTtlPolicy requestId= userId= method= uri= status= durationMs= - Market cache ttl resolved: source=BIST, ttl=PT24H
2026-05-07 10:30:11.532 INFO  [scheduling-1] MarketCacheService requestId= userId= method= uri= status= durationMs= - Market cache write: source=BIST, key=market:quotes:symbol:ISCTR, ttl=PT24H
2026-05-07 10:30:11.533 INFO  [scheduling-1] MarketCacheTtlPolicy requestId= userId= method= uri= status= durationMs= - Market cache ttl resolved: source=BIST, ttl=PT24H
2026-05-07 10:30:11.534 INFO  [scheduling-1] MarketCacheService requestId= userId= method= uri= status= durationMs= - Market cache write: source=BIST, key=market:quotes:symbol:YKBNK, ttl=PT24H
2026-05-07 10:30:11.535 INFO  [scheduling-1] MarketCacheTtlPolicy requestId= userId= method= uri= status= durationMs= - Market cache ttl resolved: source=BIST, ttl=PT24H
2026-05-07 10:30:11.535 INFO  [scheduling-1] MarketCacheService requestId= userId= method= uri= status= durationMs= - Market cache write: source=BIST, key=market:quotes:symbol:HALKB, ttl=PT24H
2026-05-07 10:30:11.536 INFO  [scheduling-1] MarketCacheTtlPolicy requestId= userId= method= uri= status= durationMs= - Market cache ttl resolved: source=BIST, ttl=PT24H
2026-05-07 10:30:11.537 INFO  [scheduling-1] MarketCacheService requestId= userId= method= uri= status= durationMs= - Market cache write: source=BIST, key=market:quotes:symbol:VAKBN, ttl=PT24H
2026-05-07 10:30:11.537 INFO  [scheduling-1] MarketCacheTtlPolicy requestId= userId= method= uri= status= durationMs= - Market cache ttl resolved: source=BIST, ttl=PT24H
2026-05-07 10:30:11.538 INFO  [scheduling-1] MarketCacheService requestId= userId= method= uri= status= durationMs= - Market cache write: source=BIST, key=market:quotes:symbol:TCELL, ttl=PT24H
2026-05-07 10:30:11.539 INFO  [scheduling-1] MarketCacheTtlPolicy requestId= userId= method= uri= status= durationMs= - Market cache ttl resolved: source=EVDS, ttl=PT6H
2026-05-07 10:30:11.539 INFO  [scheduling-1] MarketCacheService requestId= userId= method= uri= status= durationMs= - Market cache write: source=EVDS, key=market:quotes:symbol:USDTRY, ttl=PT6H
2026-05-07 10:30:11.540 INFO  [scheduling-1] MarketCacheTtlPolicy requestId= userId= method= uri= status= durationMs= - Market cache ttl resolved: source=EVDS, ttl=PT6H
2026-05-07 10:30:11.540 INFO  [scheduling-1] MarketCacheService requestId= userId= method= uri= status= durationMs= - Market cache write: source=EVDS, key=market:quotes:symbol:EURTRY, ttl=PT6H
2026-05-07 10:30:11.541 INFO  [scheduling-1] MarketCacheTtlPolicy requestId= userId= method= uri= status= durationMs= - Market cache ttl resolved: source=EVDS, ttl=PT6H
2026-05-07 10:30:11.541 INFO  [scheduling-1] MarketCacheService requestId= userId= method= uri= status= durationMs= - Market cache write: source=EVDS, key=market:quotes:symbol:GBPTRY, ttl=PT6H
2026-05-07 10:30:11.542 INFO  [scheduling-1] MarketCacheTtlPolicy requestId= userId= method= uri= status= durationMs= - Market cache ttl resolved: source=EVDS, ttl=PT6H
2026-05-07 10:30:11.543 INFO  [scheduling-1] MarketCacheService requestId= userId= method= uri= status= durationMs= - Market cache write: source=EVDS, key=market:quotes:symbol:CHFTRY, ttl=PT6H
2026-05-07 10:30:11.544 INFO  [scheduling-1] MarketCacheTtlPolicy requestId= userId= method= uri= status= durationMs= - Market cache ttl resolved: source=EVDS, ttl=PT6H
2026-05-07 10:30:11.544 INFO  [scheduling-1] MarketCacheService requestId= userId= method= uri= status= durationMs= - Market cache write: source=EVDS, key=market:quotes:symbol:JPYTRY, ttl=PT6H
2026-05-07 10:30:11.545 INFO  [scheduling-1] MarketCacheTtlPolicy requestId= userId= method= uri= status= durationMs= - Market cache ttl resolved: source=EVDS, ttl=PT6H
2026-05-07 10:30:11.545 INFO  [scheduling-1] MarketCacheService requestId= userId= method= uri= status= durationMs= - Market cache write: source=EVDS, key=market:quotes:symbol:AUDTRY, ttl=PT6H
2026-05-07 10:30:11.546 INFO  [scheduling-1] MarketCacheTtlPolicy requestId= userId= method= uri= status= durationMs= - Market cache ttl resolved: source=EVDS, ttl=PT6H
2026-05-07 10:30:11.547 INFO  [scheduling-1] MarketCacheService requestId= userId= method= uri= status= durationMs= - Market cache write: source=EVDS, key=market:quotes:symbol:CNYTRY, ttl=PT6H
2026-05-07 10:30:11.548 INFO  [scheduling-1] MarketCacheTtlPolicy requestId= userId= method= uri= status= durationMs= - Market cache ttl resolved: source=EVDS, ttl=PT6H
2026-05-07 10:30:11.548 INFO  [scheduling-1] MarketCacheService requestId= userId= method= uri= status= durationMs= - Market cache write: source=EVDS, key=market:quotes:symbol:NOKTRY, ttl=PT6H
2026-05-07 10:30:11.549 INFO  [scheduling-1] MarketCacheTtlPolicy requestId= userId= method= uri= status= durationMs= - Market cache ttl resolved: source=EVDS, ttl=PT6H
2026-05-07 10:30:11.549 INFO  [scheduling-1] MarketCacheService requestId= userId= method= uri= status= durationMs= - Market cache write: source=EVDS, key=market:quotes:symbol:SEKTRY, ttl=PT6H
2026-05-07 10:30:11.550 INFO  [scheduling-1] MarketCacheTtlPolicy requestId= userId= method= uri= status= durationMs= - Market cache ttl resolved: source=EVDS, ttl=PT6H
2026-05-07 10:30:11.551 INFO  [scheduling-1] MarketCacheService requestId= userId= method= uri= status= durationMs= - Market cache write: source=EVDS, key=market:quotes:symbol:DKKTRY, ttl=PT6H
2026-05-07 10:30:11.551 INFO  [scheduling-1] MarketCacheTtlPolicy requestId= userId= method= uri= status= durationMs= - Market cache ttl resolved: source=EVDS, ttl=PT6H
2026-05-07 10:30:11.552 INFO  [scheduling-1] MarketCacheService requestId= userId= method= uri= status= durationMs= - Market cache write: source=EVDS, key=market:quotes:symbol:SARTRY, ttl=PT6H
2026-05-07 10:30:11.552 INFO  [scheduling-1] MarketRefreshService requestId= userId= method= uri= status= durationMs= - Market refresh completed: processedQuoteCount=8, historyRecordCount=0, aggregateQuoteCount=38, failedProviderCount=0
2026-05-07 10:30:11.552 INFO  [scheduling-1] MarketRefreshCoordinator requestId= userId= method= uri= status= durationMs= - Market provider refresh completed: source=BINANCE, quoteCount=8
2026-05-07 10:30:11.553 INFO  [scheduling-1] MarketRefreshCoordinator requestId= userId= method= uri= status= durationMs= - Market provider skipped: source=BIST, reason=not-due, refreshMinutes=30
2026-05-07 10:30:11.553 INFO  [scheduling-1] MarketRefreshCoordinator requestId= userId= method= uri= status= durationMs= - Market provider skipped: source=EVDS, reason=not-due, refreshMinutes=15
2026-05-07 10:30:21.370 DEBUG [http-nio-8080-exec-5] FilterChainProxy requestId=af812b5f-3bdd-464c-881e-7987a3f216a7 userId= method= uri= status= durationMs= - Securing GET /actuator/prometheus
2026-05-07 10:30:21.371 DEBUG [http-nio-8080-exec-5] AnonymousAuthenticationFilter requestId=af812b5f-3bdd-464c-881e-7987a3f216a7 userId= method= uri= status= durationMs= - Set SecurityContextHolder to anonymous SecurityContext
2026-05-07 10:30:21.373 DEBUG [http-nio-8080-exec-5] FilterChainProxy requestId=af812b5f-3bdd-464c-881e-7987a3f216a7 userId= method= uri= status= durationMs= - Secured GET /actuator/prometheus
2026-05-07 10:30:21.376 INFO  [http-nio-8080-exec-5] HttpRequestLoggingFilter requestId=af812b5f-3bdd-464c-881e-7987a3f216a7 userId= method=GET uri=/actuator/prometheus status=200 durationMs=6 - HTTP request completed
2026-05-07 10:30:31.371 DEBUG [http-nio-8080-exec-6] FilterChainProxy requestId=22667de5-780a-4c86-b27d-ea024d75c58f userId= method= uri= status= durationMs= - Securing GET /actuator/prometheus
2026-05-07 10:30:31.373 DEBUG [http-nio-8080-exec-6] AnonymousAuthenticationFilter requestId=22667de5-780a-4c86-b27d-ea024d75c58f userId= method= uri= status= durationMs= - Set SecurityContextHolder to anonymous SecurityContext
2026-05-07 10:30:31.375 DEBUG [http-nio-8080-exec-6] FilterChainProxy requestId=22667de5-780a-4c86-b27d-ea024d75c58f userId= method= uri= status= durationMs= - Secured GET /actuator/prometheus
2026-05-07 10:30:31.379 INFO  [http-nio-8080-exec-6] HttpRequestLoggingFilter requestId=22667de5-780a-4c86-b27d-ea024d75c58f userId= method=GET uri=/actuator/prometheus status=200 durationMs=8 - HTTP request completed
2026-05-07 10:30:41.338 DEBUG [http-nio-8080-exec-7] FilterChainProxy requestId=807a65e2-8a77-4b6f-ad2b-ba8b43081697 userId= method= uri= status= durationMs= - Securing GET /actuator/prometheus
2026-05-07 10:30:41.340 DEBUG [http-nio-8080-exec-7] AnonymousAuthenticationFilter requestId=807a65e2-8a77-4b6f-ad2b-ba8b43081697 userId= method= uri= status= durationMs= - Set SecurityContextHolder to anonymous SecurityContext
2026-05-07 10:30:41.341 DEBUG [http-nio-8080-exec-7] FilterChainProxy requestId=807a65e2-8a77-4b6f-ad2b-ba8b43081697 userId= method= uri= status= durationMs= - Secured GET /actuator/prometheus
2026-05-07 10:30:41.345 INFO  [http-nio-8080-exec-7] HttpRequestLoggingFilter requestId=807a65e2-8a77-4b6f-ad2b-ba8b43081697 userId= method=GET uri=/actuator/prometheus status=200 durationMs=7 - HTTP request completed
2026-05-07 10:30:51.337 DEBUG [http-nio-8080-exec-8] FilterChainProxy requestId=8582863d-a7ef-4176-be7d-0538f2a160b5 userId= method= uri= status= durationMs= - Securing GET /actuator/prometheus
2026-05-07 10:30:51.339 DEBUG [http-nio-8080-exec-8] AnonymousAuthenticationFilter requestId=8582863d-a7ef-4176-be7d-0538f2a160b5 userId= method= uri= status= durationMs= - Set SecurityContextHolder to anonymous SecurityContext
2026-05-07 10:30:51.340 DEBUG [http-nio-8080-exec-8] FilterChainProxy requestId=8582863d-a7ef-4176-be7d-0538f2a160b5 userId= method= uri= status= durationMs= - Secured GET /actuator/prometheus
2026-05-07 10:30:51.344 INFO  [http-nio-8080-exec-8] HttpRequestLoggingFilter requestId=8582863d-a7ef-4176-be7d-0538f2a160b5 userId= method=GET uri=/actuator/prometheus status=200 durationMs=7 - HTTP request completed
2026-05-07 10:31:01.338 DEBUG [http-nio-8080-exec-9] FilterChainProxy requestId=3f7bb535-1c0e-40df-be3c-f1e68eb92d07 userId= method= uri= status= durationMs= - Securing GET /actuator/prometheus
2026-05-07 10:31:01.340 DEBUG [http-nio-8080-exec-9] AnonymousAuthenticationFilter requestId=3f7bb535-1c0e-40df-be3c-f1e68eb92d07 userId= method= uri= status= durationMs= - Set SecurityContextHolder to anonymous SecurityContext
2026-05-07 10:31:01.341 DEBUG [http-nio-8080-exec-9] FilterChainProxy requestId=3f7bb535-1c0e-40df-be3c-f1e68eb92d07 userId= method= uri= status= durationMs= - Secured GET /actuator/prometheus
2026-05-07 10:31:01.345 INFO  [http-nio-8080-exec-9] HttpRequestLoggingFilter requestId=3f7bb535-1c0e-40df-be3c-f1e68eb92d07 userId= method=GET uri=/actuator/prometheus status=200 durationMs=7 - HTTP request completed
2026-05-07 10:31:11.303 DEBUG [http-nio-8080-exec-10] FilterChainProxy requestId=9dd441ba-cc7a-4d6f-b063-4668d7cc7847 userId= method= uri= status= durationMs= - Securing GET /actuator/prometheus
2026-05-07 10:31:11.304 DEBUG [http-nio-8080-exec-10] AnonymousAuthenticationFilter requestId=9dd441ba-cc7a-4d6f-b063-4668d7cc7847 userId= method= uri= status= durationMs= - Set SecurityContextHolder to anonymous SecurityContext
2026-05-07 10:31:11.305 DEBUG [http-nio-8080-exec-10] FilterChainProxy requestId=9dd441ba-cc7a-4d6f-b063-4668d7cc7847 userId= method= uri= status= durationMs= - Secured GET /actuator/prometheus
2026-05-07 10:31:11.309 INFO  [http-nio-8080-exec-10] HttpRequestLoggingFilter requestId=9dd441ba-cc7a-4d6f-b063-4668d7cc7847 userId= method=GET uri=/actuator/prometheus status=200 durationMs=7 - HTTP request completed
2026-05-07 10:31:21.303 DEBUG [http-nio-8080-exec-1] FilterChainProxy requestId=bfe6c241-ceb2-41f0-a25b-aef4ed7adc9b userId= method= uri= status= durationMs= - Securing GET /actuator/prometheus
2026-05-07 10:31:21.305 DEBUG [http-nio-8080-exec-1] AnonymousAuthenticationFilter requestId=bfe6c241-ceb2-41f0-a25b-aef4ed7adc9b userId= method= uri= status= durationMs= - Set SecurityContextHolder to anonymous SecurityContext
2026-05-07 10:31:21.306 DEBUG [http-nio-8080-exec-1] FilterChainProxy requestId=bfe6c241-ceb2-41f0-a25b-aef4ed7adc9b userId= method= uri= status= durationMs= - Secured GET /actuator/prometheus
2026-05-07 10:31:21.310 INFO  [http-nio-8080-exec-1] HttpRequestLoggingFilter requestId=bfe6c241-ceb2-41f0-a25b-aef4ed7adc9b userId= method=GET uri=/actuator/prometheus status=200 durationMs=7 - HTTP request completed
2026-05-07 10:31:31.302 DEBUG [http-nio-8080-exec-2] FilterChainProxy requestId=493591a4-0f38-484b-830f-df5a37ade8a6 userId= method= uri= status= durationMs= - Securing GET /actuator/prometheus
2026-05-07 10:31:31.304 DEBUG [http-nio-8080-exec-2] AnonymousAuthenticationFilter requestId=493591a4-0f38-484b-830f-df5a37ade8a6 userId= method= uri= status= durationMs= - Set SecurityContextHolder to anonymous SecurityContext
2026-05-07 10:31:31.305 DEBUG [http-nio-8080-exec-2] FilterChainProxy requestId=493591a4-0f38-484b-830f-df5a37ade8a6 userId= method= uri= status= durationMs= - Secured GET /actuator/prometheus
2026-05-07 10:31:31.309 INFO  [http-nio-8080-exec-2] HttpRequestLoggingFilter requestId=493591a4-0f38-484b-830f-df5a37ade8a6 userId= method=GET uri=/actuator/prometheus status=200 durationMs=7 - HTTP request completed
2026-05-07 10:31:41.267 DEBUG [http-nio-8080-exec-3] FilterChainProxy requestId=36d4bb79-74f1-4a5a-bae2-d523bcbc23a9 userId= method= uri= status= durationMs= - Securing GET /actuator/prometheus
2026-05-07 10:31:41.268 DEBUG [http-nio-8080-exec-3] AnonymousAuthenticationFilter requestId=36d4bb79-74f1-4a5a-bae2-d523bcbc23a9 userId= method= uri= status= durationMs= - Set SecurityContextHolder to anonymous SecurityContext
2026-05-07 10:31:41.269 DEBUG [http-nio-8080-exec-3] FilterChainProxy requestId=36d4bb79-74f1-4a5a-bae2-d523bcbc23a9 userId= method= uri= status= durationMs= - Secured GET /actuator/prometheus
2026-05-07 10:31:41.273 INFO  [http-nio-8080-exec-3] HttpRequestLoggingFilter requestId=36d4bb79-74f1-4a5a-bae2-d523bcbc23a9 userId= method=GET uri=/actuator/prometheus status=200 durationMs=6 - HTTP request completed
2026-05-07 10:31:51.267 DEBUG [http-nio-8080-exec-4] FilterChainProxy requestId=703268ec-f1a5-4f50-84f6-1872c38beeaa userId= method= uri= status= durationMs= - Securing GET /actuator/prometheus
2026-05-07 10:31:51.269 DEBUG [http-nio-8080-exec-4] AnonymousAuthenticationFilter requestId=703268ec-f1a5-4f50-84f6-1872c38beeaa userId= method= uri= status= durationMs= - Set SecurityContextHolder to anonymous SecurityContext
2026-05-07 10:31:51.270 DEBUG [http-nio-8080-exec-4] FilterChainProxy requestId=703268ec-f1a5-4f50-84f6-1872c38beeaa userId= method= uri= status= durationMs= - Secured GET /actuator/prometheus
2026-05-07 10:31:51.277 INFO  [http-nio-8080-exec-4] HttpRequestLoggingFilter requestId=703268ec-f1a5-4f50-84f6-1872c38beeaa userId= method=GET uri=/actuator/prometheus status=200 durationMs=10 - HTTP request completed
2026-05-07 10:32:01.268 DEBUG [http-nio-8080-exec-5] FilterChainProxy requestId=9f1d8f86-0a65-43e2-9d11-e9bd6f2f72cf userId= method= uri= status= durationMs= - Securing GET /actuator/prometheus
2026-05-07 10:32:01.270 DEBUG [http-nio-8080-exec-5] AnonymousAuthenticationFilter requestId=9f1d8f86-0a65-43e2-9d11-e9bd6f2f72cf userId= method= uri= status= durationMs= - Set SecurityContextHolder to anonymous SecurityContext
2026-05-07 10:32:01.271 DEBUG [http-nio-8080-exec-5] FilterChainProxy requestId=9f1d8f86-0a65-43e2-9d11-e9bd6f2f72cf userId= method= uri= status= durationMs= - Secured GET /actuator/prometheus
2026-05-07 10:32:01.275 INFO  [http-nio-8080-exec-5] HttpRequestLoggingFilter requestId=9f1d8f86-0a65-43e2-9d11-e9bd6f2f72cf userId= method=GET uri=/actuator/prometheus status=200 durationMs=7 - HTTP request completed
2026-05-07 10:32:11.231 DEBUG [http-nio-8080-exec-6] FilterChainProxy requestId=1a4b69ac-a6da-49cb-a1ad-0d7dafe59c04 userId= method= uri= status= durationMs= - Securing GET /actuator/prometheus
2026-05-07 10:32:11.233 DEBUG [http-nio-8080-exec-6] AnonymousAuthenticationFilter requestId=1a4b69ac-a6da-49cb-a1ad-0d7dafe59c04 userId= method= uri= status= durationMs= - Set SecurityContextHolder to anonymous SecurityContext
2026-05-07 10:32:11.234 DEBUG [http-nio-8080-exec-6] FilterChainProxy requestId=1a4b69ac-a6da-49cb-a1ad-0d7dafe59c04 userId= method= uri= status= durationMs= - Secured GET /actuator/prometheus
2026-05-07 10:32:11.239 INFO  [http-nio-8080-exec-6] HttpRequestLoggingFilter requestId=1a4b69ac-a6da-49cb-a1ad-0d7dafe59c04 userId= method=GET uri=/actuator/prometheus status=200 durationMs=9 - HTTP request completed
2026-05-07 10:32:21.229 DEBUG [http-nio-8080-exec-7] FilterChainProxy requestId=86393264-cb12-4bde-a8b2-fa129b35b3a3 userId= method= uri= status= durationMs= - Securing GET /actuator/prometheus
2026-05-07 10:32:21.231 DEBUG [http-nio-8080-exec-7] AnonymousAuthenticationFilter requestId=86393264-cb12-4bde-a8b2-fa129b35b3a3 userId= method= uri= status= durationMs= - Set SecurityContextHolder to anonymous SecurityContext
2026-05-07 10:32:21.232 DEBUG [http-nio-8080-exec-7] FilterChainProxy requestId=86393264-cb12-4bde-a8b2-fa129b35b3a3 userId= method= uri= status= durationMs= - Secured GET /actuator/prometheus
2026-05-07 10:32:21.237 INFO  [http-nio-8080-exec-7] HttpRequestLoggingFilter requestId=86393264-cb12-4bde-a8b2-fa129b35b3a3 userId= method=GET uri=/actuator/prometheus status=200 durationMs=7 - HTTP request completed
2026-05-07 10:32:31.229 DEBUG [http-nio-8080-exec-8] FilterChainProxy requestId=387d3f5b-eaab-4737-b9a3-84a26ab225c3 userId= method= uri= status= durationMs= - Securing GET /actuator/prometheus
2026-05-07 10:32:31.231 DEBUG [http-nio-8080-exec-8] AnonymousAuthenticationFilter requestId=387d3f5b-eaab-4737-b9a3-84a26ab225c3 userId= method= uri= status= durationMs= - Set SecurityContextHolder to anonymous SecurityContext
2026-05-07 10:32:31.232 DEBUG [http-nio-8080-exec-8] FilterChainProxy requestId=387d3f5b-eaab-4737-b9a3-84a26ab225c3 userId= method= uri= status= durationMs= - Secured GET /actuator/prometheus
2026-05-07 10:32:31.237 INFO  [http-nio-8080-exec-8] HttpRequestLoggingFilter requestId=387d3f5b-eaab-4737-b9a3-84a26ab225c3 userId= method=GET uri=/actuator/prometheus status=200 durationMs=7 - HTTP request completed
2026-05-07 10:32:41.198 DEBUG [http-nio-8080-exec-9] FilterChainProxy requestId=25dd6abd-d536-4cfc-8c2b-799147daf89d userId= method= uri= status= durationMs= - Securing GET /actuator/prometheus
2026-05-07 10:32:41.200 DEBUG [http-nio-8080-exec-9] AnonymousAuthenticationFilter requestId=25dd6abd-d536-4cfc-8c2b-799147daf89d userId= method= uri= status= durationMs= - Set SecurityContextHolder to anonymous SecurityContext
2026-05-07 10:32:41.201 DEBUG [http-nio-8080-exec-9] FilterChainProxy requestId=25dd6abd-d536-4cfc-8c2b-799147daf89d userId= method= uri= status= durationMs= - Secured GET /actuator/prometheus
2026-05-07 10:32:41.206 INFO  [http-nio-8080-exec-9] HttpRequestLoggingFilter requestId=25dd6abd-d536-4cfc-8c2b-799147daf89d userId= method=GET uri=/actuator/prometheus status=200 durationMs=8 - HTTP request completed
2026-05-07 10:32:51.196 DEBUG [http-nio-8080-exec-10] FilterChainProxy requestId=a98214d5-bc49-4583-9f8d-deecf0d8021d userId= method= uri= status= durationMs= - Securing GET /actuator/prometheus
2026-05-07 10:32:51.198 DEBUG [http-nio-8080-exec-10] AnonymousAuthenticationFilter requestId=a98214d5-bc49-4583-9f8d-deecf0d8021d userId= method= uri= status= durationMs= - Set SecurityContextHolder to anonymous SecurityContext
2026-05-07 10:32:51.199 DEBUG [http-nio-8080-exec-10] FilterChainProxy requestId=a98214d5-bc49-4583-9f8d-deecf0d8021d userId= method= uri= status= durationMs= - Secured GET /actuator/prometheus
2026-05-07 10:32:51.204 INFO  [http-nio-8080-exec-10] HttpRequestLoggingFilter requestId=a98214d5-bc49-4583-9f8d-deecf0d8021d userId= method=GET uri=/actuator/prometheus status=200 durationMs=8 - HTTP request completed
2026-05-07 10:33:01.196 DEBUG [http-nio-8080-exec-1] FilterChainProxy requestId=386c4da2-f675-4a2e-b898-2eadd5a42364 userId= method= uri= status= durationMs= - Securing GET /actuator/prometheus
2026-05-07 10:33:01.197 DEBUG [http-nio-8080-exec-1] AnonymousAuthenticationFilter requestId=386c4da2-f675-4a2e-b898-2eadd5a42364 userId= method= uri= status= durationMs= - Set SecurityContextHolder to anonymous SecurityContext
2026-05-07 10:33:01.198 DEBUG [http-nio-8080-exec-1] FilterChainProxy requestId=386c4da2-f675-4a2e-b898-2eadd5a42364 userId= method= uri= status= durationMs= - Secured GET /actuator/prometheus
2026-05-07 10:33:01.202 INFO  [http-nio-8080-exec-1] HttpRequestLoggingFilter requestId=386c4da2-f675-4a2e-b898-2eadd5a42364 userId= method=GET uri=/actuator/prometheus status=200 durationMs=6 - HTTP request completed
2026-05-07 10:33:11.162 DEBUG [http-nio-8080-exec-2] FilterChainProxy requestId=09aea0c4-fcd5-4500-a3d9-49a554ad4e3a userId= method= uri= status= durationMs= - Securing GET /actuator/prometheus
2026-05-07 10:33:11.164 DEBUG [http-nio-8080-exec-2] AnonymousAuthenticationFilter requestId=09aea0c4-fcd5-4500-a3d9-49a554ad4e3a userId= method= uri= status= durationMs= - Set SecurityContextHolder to anonymous SecurityContext
2026-05-07 10:33:11.164 DEBUG [http-nio-8080-exec-2] FilterChainProxy requestId=09aea0c4-fcd5-4500-a3d9-49a554ad4e3a userId= method= uri= status= durationMs= - Secured GET /actuator/prometheus
2026-05-07 10:33:11.169 INFO  [http-nio-8080-exec-2] HttpRequestLoggingFilter requestId=09aea0c4-fcd5-4500-a3d9-49a554ad4e3a userId= method=GET uri=/actuator/prometheus status=200 durationMs=7 - HTTP request completed
2026-05-07 10:33:21.161 DEBUG [http-nio-8080-exec-3] FilterChainProxy requestId=def96204-c3ad-4b89-90eb-42b4c6323525 userId= method= uri= status= durationMs= - Securing GET /actuator/prometheus
2026-05-07 10:33:21.163 DEBUG [http-nio-8080-exec-3] AnonymousAuthenticationFilter requestId=def96204-c3ad-4b89-90eb-42b4c6323525 userId= method= uri= status= durationMs= - Set SecurityContextHolder to anonymous SecurityContext
2026-05-07 10:33:21.164 DEBUG [http-nio-8080-exec-3] FilterChainProxy requestId=def96204-c3ad-4b89-90eb-42b4c6323525 userId= method= uri= status= durationMs= - Secured GET /actuator/prometheus
2026-05-07 10:33:21.168 INFO  [http-nio-8080-exec-3] HttpRequestLoggingFilter requestId=def96204-c3ad-4b89-90eb-42b4c6323525 userId= method=GET uri=/actuator/prometheus status=200 durationMs=7 - HTTP request completed
2026-05-07 10:33:31.162 DEBUG [http-nio-8080-exec-4] FilterChainProxy requestId=c3c10b7b-3e15-46ba-a364-5c9da0c7da54 userId= method= uri= status= durationMs= - Securing GET /actuator/prometheus
2026-05-07 10:33:31.164 DEBUG [http-nio-8080-exec-4] AnonymousAuthenticationFilter requestId=c3c10b7b-3e15-46ba-a364-5c9da0c7da54 userId= method= uri= status= durationMs= - Set SecurityContextHolder to anonymous SecurityContext
2026-05-07 10:33:31.167 DEBUG [http-nio-8080-exec-4] FilterChainProxy requestId=c3c10b7b-3e15-46ba-a364-5c9da0c7da54 userId= method= uri= status= durationMs= - Secured GET /actuator/prometheus
2026-05-07 10:33:31.171 INFO  [http-nio-8080-exec-4] HttpRequestLoggingFilter requestId=c3c10b7b-3e15-46ba-a364-5c9da0c7da54 userId= method=GET uri=/actuator/prometheus status=200 durationMs=9 - HTTP request completed
2026-05-07 10:33:41.128 DEBUG [http-nio-8080-exec-5] FilterChainProxy requestId=fcfedb66-f86f-4c2a-95e4-e439e1e87ed5 userId= method= uri= status= durationMs= - Securing GET /actuator/prometheus
2026-05-07 10:33:41.130 DEBUG [http-nio-8080-exec-5] AnonymousAuthenticationFilter requestId=fcfedb66-f86f-4c2a-95e4-e439e1e87ed5 userId= method= uri= status= durationMs= - Set SecurityContextHolder to anonymous SecurityContext
2026-05-07 10:33:41.131 DEBUG [http-nio-8080-exec-5] FilterChainProxy requestId=fcfedb66-f86f-4c2a-95e4-e439e1e87ed5 userId= method= uri= status= durationMs= - Secured GET /actuator/prometheus
2026-05-07 10:33:41.135 INFO  [http-nio-8080-exec-5] HttpRequestLoggingFilter requestId=fcfedb66-f86f-4c2a-95e4-e439e1e87ed5 userId= method=GET uri=/actuator/prometheus status=200 durationMs=8 - HTTP request completed
2026-05-07 10:33:51.126 DEBUG [http-nio-8080-exec-6] FilterChainProxy requestId=757265c7-72c6-4edd-98ae-c2fdae10846e userId= method= uri= status= durationMs= - Securing GET /actuator/prometheus
2026-05-07 10:33:51.128 DEBUG [http-nio-8080-exec-6] AnonymousAuthenticationFilter requestId=757265c7-72c6-4edd-98ae-c2fdae10846e userId= method= uri= status= durationMs= - Set SecurityContextHolder to anonymous SecurityContext
2026-05-07 10:33:51.130 DEBUG [http-nio-8080-exec-6] FilterChainProxy requestId=757265c7-72c6-4edd-98ae-c2fdae10846e userId= method= uri= status= durationMs= - Secured GET /actuator/prometheus
2026-05-07 10:33:51.134 INFO  [http-nio-8080-exec-6] HttpRequestLoggingFilter requestId=757265c7-72c6-4edd-98ae-c2fdae10846e userId= method=GET uri=/actuator/prometheus status=200 durationMs=8 - HTTP request completed
2026-05-07 10:34:01.128 DEBUG [http-nio-8080-exec-7] FilterChainProxy requestId=335928b9-81e3-419d-bcf0-2c0bfd7e3557 userId= method= uri= status= durationMs= - Securing GET /actuator/prometheus
2026-05-07 10:34:01.130 DEBUG [http-nio-8080-exec-7] AnonymousAuthenticationFilter requestId=335928b9-81e3-419d-bcf0-2c0bfd7e3557 userId= method= uri= status= durationMs= - Set SecurityContextHolder to anonymous SecurityContext
2026-05-07 10:34:01.132 DEBUG [http-nio-8080-exec-7] FilterChainProxy requestId=335928b9-81e3-419d-bcf0-2c0bfd7e3557 userId= method= uri= status= durationMs= - Secured GET /actuator/prometheus
2026-05-07 10:34:01.137 INFO  [http-nio-8080-exec-7] HttpRequestLoggingFilter requestId=335928b9-81e3-419d-bcf0-2c0bfd7e3557 userId= method=GET uri=/actuator/prometheus status=200 durationMs=10 - HTTP request completed
2026-05-07 10:34:11.091 DEBUG [http-nio-8080-exec-8] FilterChainProxy requestId=1852e7c2-dd12-4db6-8149-22f107585bfe userId= method= uri= status= durationMs= - Securing GET /actuator/prometheus
2026-05-07 10:34:11.094 DEBUG [http-nio-8080-exec-8] AnonymousAuthenticationFilter requestId=1852e7c2-dd12-4db6-8149-22f107585bfe userId= method= uri= status= durationMs= - Set SecurityContextHolder to anonymous SecurityContext
2026-05-07 10:34:11.095 DEBUG [http-nio-8080-exec-8] FilterChainProxy requestId=1852e7c2-dd12-4db6-8149-22f107585bfe userId= method= uri= status= durationMs= - Secured GET /actuator/prometheus
2026-05-07 10:34:11.100 INFO  [http-nio-8080-exec-8] HttpRequestLoggingFilter requestId=1852e7c2-dd12-4db6-8149-22f107585bfe userId= method=GET uri=/actuator/prometheus status=200 durationMs=9 - HTTP request completed
2026-05-07 10:34:21.091 DEBUG [http-nio-8080-exec-9] FilterChainProxy requestId=f8483075-e79b-499b-aed6-9bfe65ede27a userId= method= uri= status= durationMs= - Securing GET /actuator/prometheus
2026-05-07 10:34:21.092 DEBUG [http-nio-8080-exec-9] AnonymousAuthenticationFilter requestId=f8483075-e79b-499b-aed6-9bfe65ede27a userId= method= uri= status= durationMs= - Set SecurityContextHolder to anonymous SecurityContext
2026-05-07 10:34:21.094 DEBUG [http-nio-8080-exec-9] FilterChainProxy requestId=f8483075-e79b-499b-aed6-9bfe65ede27a userId= method= uri= status= durationMs= - Secured GET /actuator/prometheus
2026-05-07 10:34:21.097 INFO  [http-nio-8080-exec-9] HttpRequestLoggingFilter requestId=f8483075-e79b-499b-aed6-9bfe65ede27a userId= method=GET uri=/actuator/prometheus status=200 durationMs=6 - HTTP request completed
2026-05-07 10:34:31.092 DEBUG [http-nio-8080-exec-10] FilterChainProxy requestId=a7c3eedb-fda9-4225-bc51-9b5b8fbea6c3 userId= method= uri= status= durationMs= - Securing GET /actuator/prometheus
2026-05-07 10:34:31.094 DEBUG [http-nio-8080-exec-10] AnonymousAuthenticationFilter requestId=a7c3eedb-fda9-4225-bc51-9b5b8fbea6c3 userId= method= uri= status= durationMs= - Set SecurityContextHolder to anonymous SecurityContext
2026-05-07 10:34:31.095 DEBUG [http-nio-8080-exec-10] FilterChainProxy requestId=a7c3eedb-fda9-4225-bc51-9b5b8fbea6c3 userId= method= uri= status= durationMs= - Secured GET /actuator/prometheus
2026-05-07 10:34:31.099 INFO  [http-nio-8080-exec-10] HttpRequestLoggingFilter requestId=a7c3eedb-fda9-4225-bc51-9b5b8fbea6c3 userId= method=GET uri=/actuator/prometheus status=200 durationMs=8 - HTTP request completed
